=== CASCADE fsline2 from /var/lib/t3/tmp/recordline/fsline/pins/pin-156.918830511.json raw=156.91883051080544 ===
    pool: []
[    3.6s] r0-m22-p0.8-s0: mode=22 exactValid=True contractValid=True depth=156.919 raw=156.91883051080544 parent=156.919 fp=d7e553893efe567b | before Nonep/Noneb after Nonep/Noneb cap=None maxDisp=None moved=None resid=None | 
[    3.3s] r0-m22-p0.8-s1: mode=22 exactValid=True contractValid=True depth=156.919 raw=156.91883051080544 parent=156.919 fp=d7e553893efe567b | before Nonep/Noneb after Nonep/Noneb cap=None maxDisp=None moved=None resid=None | 
[    4.8s] r0-m22-p0.8-s2: mode=22 exactValid=True contractValid=True depth=156.919 raw=156.91883051080544 parent=156.919 fp=d7e553893efe567b | before Nonep/Noneb after Nonep/Noneb cap=None maxDisp=None moved=None resid=None | 
[    3.5s] r0-m22-p0.8-s3: mode=22 exactValid=True contractValid=True depth=156.919 raw=156.91883051080544 parent=156.919 fp=d7e553893efe567b | before Nonep/Noneb after Nonep/Noneb cap=None maxDisp=None moved=None resid=None | 
[    4.5s] r0-m22-p0.8-s4: mode=22 exactValid=True contractValid=True depth=156.919 raw=156.91883051080544 parent=156.919 fp=d7e553893efe567b | before Nonep/Noneb after Nonep/Noneb cap=None maxDisp=None moved=None resid=None | 
[    3.3s] r0-m22-p0.8-s5: mode=22 exactValid=True contractValid=True depth=156.919 raw=156.91883051080544 parent=156.919 fp=d7e553893efe567b | before Nonep/Noneb after Nonep/Noneb cap=None maxDisp=None moved=None resid=None | 
[    3.1s] r0-m22-p0.8-s6: mode=22 exactValid=True contractValid=True depth=156.919 raw=156.91883051080544 parent=156.919 fp=d7e553893efe567b | before Nonep/Noneb after Nonep/Noneb cap=None maxDisp=None moved=None resid=None | 
[    3.6s] r0-m22-p0.8-s7: mode=22 exactValid=True contractValid=True depth=156.919 raw=156.91883051080544 parent=156.919 fp=d7e553893efe567b | before Nonep/Noneb after Nonep/Noneb cap=None maxDisp=None moved=None resid=None | 
[    3.9s] r0-m22-p0.3-s0: mode=22 exactValid=True contractValid=True depth=156.919 raw=156.91883051080544 parent=156.919 fp=d7e553893efe567b | before Nonep/Noneb after Nonep/Noneb cap=None maxDisp=None moved=None resid=None | 
[    3.4s] r0-m22-p0.3-s1: mode=22 exactValid=True contractValid=True depth=156.919 raw=156.91883051080544 parent=156.919 fp=d7e553893efe567b | before Nonep/Noneb after Nonep/Noneb cap=None maxDisp=None moved=None resid=None | 
[    3.7s] r0-m22-p0.3-s2: mode=22 exactValid=True contractValid=True depth=156.919 raw=156.91883051080544 parent=156.919 fp=d7e553893efe567b | before Nonep/Noneb after Nonep/Noneb cap=None maxDisp=None moved=None resid=None | 
[    3.3s] r0-m22-p0.3-s3: mode=22 exactValid=True contractValid=True depth=156.919 raw=156.91883051080544 parent=156.919 fp=d7e553893efe567b | before Nonep/Noneb after Nonep/Noneb cap=None maxDisp=None moved=None resid=None | 
[    4.2s] r0-m22-p0.3-s4: mode=22 exactValid=True contractValid=True depth=156.919 raw=156.91883051080544 parent=156.919 fp=d7e553893efe567b | before Nonep/Noneb after Nonep/Noneb cap=None maxDisp=None moved=None resid=None | 
[    3.4s] r0-m22-p0.3-s5: mode=22 exactValid=True contractValid=True depth=156.919 raw=156.91883051080544 parent=156.919 fp=d7e553893efe567b | before Nonep/Noneb after Nonep/Noneb cap=None maxDisp=None moved=None resid=None | 
[    3.3s] r0-m22-p0.3-s6: mode=22 exactValid=True contractValid=True depth=156.919 raw=156.91883051080544 parent=156.919 fp=d7e553893efe567b | before Nonep/Noneb after Nonep/Noneb cap=None maxDisp=None moved=None resid=None | 
[    3.7s] r0-m22-p0.3-s7: mode=22 exactValid=True contractValid=True depth=156.919 raw=156.91883051080544 parent=156.919 fp=d7e553893efe567b | before Nonep/Noneb after Nonep/Noneb cap=None maxDisp=None moved=None resid=None | 
[    3.8s] r0-m22-p2.0-s0: mode=22 exactValid=True contractValid=True depth=156.919 raw=156.91883051080544 parent=156.919 fp=d7e553893efe567b | before Nonep/Noneb after Nonep/Noneb cap=None maxDisp=None moved=None resid=None | 
[    3.4s] r0-m22-p2.0-s1: mode=22 exactValid=True contractValid=True depth=156.919 raw=156.91883051080544 parent=156.919 fp=d7e553893efe567b | before Nonep/Noneb after Nonep/Noneb cap=None maxDisp=None moved=None resid=None | 
[    3.8s] r0-m22-p2.0-s2: mode=22 exactValid=True contractValid=True depth=156.919 raw=156.91883051080544 parent=156.919 fp=d7e553893efe567b | before Nonep/Noneb after Nonep/Noneb cap=None maxDisp=None moved=None resid=None | 
[    3.3s] r0-m22-p2.0-s3: mode=22 exactValid=True contractValid=True depth=156.919 raw=156.91883051080544 parent=156.919 fp=d7e553893efe567b | before Nonep/Noneb after Nonep/Noneb cap=None maxDisp=None moved=None resid=None | 
[    4.6s] r0-m22-p2.0-s4: mode=22 exactValid=True contractValid=True depth=156.919 raw=156.91883051080544 parent=156.919 fp=d7e553893efe567b | before Nonep/Noneb after Nonep/Noneb cap=None maxDisp=None moved=None resid=None | 
[    3.3s] r0-m22-p2.0-s5: mode=22 exactValid=True contractValid=True depth=156.919 raw=156.91883051080544 parent=156.919 fp=d7e553893efe567b | before Nonep/Noneb after Nonep/Noneb cap=None maxDisp=None moved=None resid=None | 
[    3.2s] r0-m22-p2.0-s6: mode=22 exactValid=True contractValid=True depth=156.919 raw=156.91883051080544 parent=156.919 fp=d7e553893efe567b | before Nonep/Noneb after Nonep/Noneb cap=None maxDisp=None moved=None resid=None | 
[    3.6s] r0-m22-p2.0-s7: mode=22 exactValid=True contractValid=True depth=156.919 raw=156.91883051080544 parent=156.919 fp=d7e553893efe567b | before Nonep/Noneb after Nonep/Noneb cap=None maxDisp=None moved=None resid=None | 
[   22.7s] r0-m34-w20-s0.25-s5: mode=34 exactValid=True contractValid=True depth=156.919 raw=156.91883051080544 parent=156.919 fp=d7e553893efe567b | before Nonep/Noneb after Nonep/Noneb cap=None maxDisp=None moved=None resid=None |   spec=past=1,work=20000000,step=0.25
   schedule {"candidateQueries": 19104596, "confirmEvery": 4, "confirmationMs": 491.25376599999987, "confirmationsAccepted": 98, "confirmationsAttempted": 98, "confirmationsRefused": 0, "confirmationsSkippedInfeasible": 6371, "continuePastBound": true, "exactPairTests": 179340, "exitCause": "workCap", "finalDepthMm": 155.8745, "floorDepthMm": 157.30025, "microLegalizationsAccepted": 0, "microLegalizationsAttempted": 0, "parentBoundaryViolations": 13, "parentCollisionPairs": 28, "parentProxyFeasible": false, "repairMs": 20011.85225599999, "rollbackAfterSteps": 0, "rollbacks": 0, "startDepthMm": 157.56599999999997, "stepMm": 0.00025, "stepsPlanned": 1200, "stepsTaken": 6766, "sweepsPerStep": 6, "sweepsRun": 38361, "targetDepthMm": 157.266, "workCapQueries": 20000000, "workUnits": 20001296}
[   25.9s] r0-m34-w20-s1-s5: mode=34 exactValid=True contractValid=True depth=156.919 raw=156.91883051080544 parent=156.919 fp=d7e553893efe567b | before Nonep/Noneb after Nonep/Noneb cap=None maxDisp=None moved=None resid=None |   spec=past=1,work=20000000,step=1
   schedule {"candidateQueries": 20001914, "confirmEvery": 4, "confirmationMs": 0.0, "confirmationsAccepted": 0, "confirmationsAttempted": 0, "confirmationsRefused": 0, "confirmationsSkippedInfeasible": 3173, "continuePastBound": true, "exactPairTests": 0, "exitCause": "workCap", "finalDepthMm": 154.39, "floorDepthMm": 157.566, "microLegalizationsAccepted": 0, "microLegalizationsAttempted": 0, "parentBoundaryViolations": 13, "parentCollisionPairs": 28, "parentProxyFeasible": false, "repairMs": 23819.365417999994, "rollbackAfterSteps": 0, "rollbacks": 0, "startDepthMm": 157.56599999999997, "stepMm": 0.001, "stepsPlanned": 300, "stepsTaken": 3176, "sweepsPerStep": 6, "sweepsRun": 19056, "targetDepthMm": 157.266, "workCapQueries": 20000000, "workUnits": 20001914}
[   23.9s] r0-m34-w20-s0.5-s5: mode=34 exactValid=True contractValid=True depth=156.919 raw=156.91883051080544 parent=156.919 fp=d7e553893efe567b | before Nonep/Noneb after Nonep/Noneb cap=None maxDisp=None moved=None resid=None |   spec=past=1,work=20000000,step=0.5
   schedule {"candidateQueries": 20002327, "confirmEvery": 4, "confirmationMs": 0.0, "confirmationsAccepted": 0, "confirmationsAttempted": 0, "confirmationsRefused": 0, "confirmationsSkippedInfeasible": 3407, "continuePastBound": true, "exactPairTests": 0, "exitCause": "workCap", "finalDepthMm": 155.861, "floorDepthMm": 157.566, "microLegalizationsAccepted": 0, "microLegalizationsAttempted": 0, "parentBoundaryViolations": 13, "parentCollisionPairs": 28, "parentProxyFeasible": false, "repairMs": 21724.835160999988, "rollbackAfterSteps": 0, "rollbacks": 0, "startDepthMm": 157.56599999999997, "stepMm": 0.0005, "stepsPlanned": 600, "stepsTaken": 3410, "sweepsPerStep": 6, "sweepsRun": 20460, "targetDepthMm": 157.266, "workCapQueries": 20000000, "workUnits": 20002327}
[   22.6s] r0-m34-w20-s0.1-s5: mode=34 exactValid=True contractValid=True depth=156.919 raw=156.91883051080544 parent=156.919 fp=d7e553893efe567b | before Nonep/Noneb after Nonep/Noneb cap=None maxDisp=None moved=None resid=None |   spec=past=1,work=20000000,step=0.1
   schedule {"candidateQueries": 20003369, "confirmEvery": 4, "confirmationMs": 0.0, "confirmationsAccepted": 0, "confirmationsAttempted": 0, "confirmationsRefused": 0, "confirmationsSkippedInfeasible": 6640, "continuePastBound": true, "exactPairTests": 0, "exitCause": "workCap", "finalDepthMm": 156.90169999996132, "floorDepthMm": 157.566, "microLegalizationsAccepted": 0, "microLegalizationsAttempted": 0, "parentBoundaryViolations": 13, "parentCollisionPairs": 28, "parentProxyFeasible": false, "repairMs": 20413.644648999958, "rollbackAfterSteps": 0, "rollbacks": 0, "startDepthMm": 157.56599999999997, "stepMm": 0.0001, "stepsPlanned": 3000, "stepsTaken": 6643, "sweepsPerStep": 6, "sweepsRun": 39858, "targetDepthMm": 157.266, "workCapQueries": 20000000, "workUnits": 20003369}
[   67.3s] r0-m34-w60-s0.25-s5: mode=34 exactValid=True contractValid=True depth=156.919 raw=156.91883051080544 parent=156.919 fp=d7e553893efe567b | before Nonep/Noneb after Nonep/Noneb cap=None maxDisp=None moved=None resid=None |   spec=past=1,work=60000000,step=0.25
   schedule {"candidateQueries": 59105171, "confirmEvery": 4, "confirmationMs": 490.5543829999999, "confirmationsAccepted": 98, "confirmationsAttempted": 98, "confirmationsRefused": 0, "confirmationsSkippedInfeasible": 13673, "continuePastBound": true, "exactPairTests": 179340, "exitCause": "workCap", "finalDepthMm": 154.049, "floorDepthMm": 157.30025, "microLegalizationsAccepted": 0, "microLegalizationsAttempted": 0, "parentBoundaryViolations": 13, "parentCollisionPairs": 28, "parentProxyFeasible": false, "repairMs": 64309.39433900003, "rollbackAfterSteps": 0, "rollbacks": 0, "startDepthMm": 157.56599999999997, "stepMm": 0.00025, "stepsPlanned": 1200, "stepsTaken": 14068, "sweepsPerStep": 6, "sweepsRun": 82173, "targetDepthMm": 157.266, "workCapQueries": 60000000, "workUnits": 60001871}
[   20.9s] r0-m34-w20-s0.25-c1-s5: mode=34 exactValid=True contractValid=True depth=156.919 raw=156.91883051080544 parent=156.919 fp=d7e553893efe567b | before Nonep/Noneb after Nonep/Noneb cap=None maxDisp=None moved=None resid=None |   spec=past=1,work=20000000,step=0.25,confirm=1
   schedule {"candidateQueries": 16524892, "confirmEvery": 1, "confirmationMs": 1899.8535399999996, "confirmationsAccepted": 380, "confirmationsAttempted": 380, "confirmationsRefused": 0, "confirmationsSkippedInfeasible": 5531, "continuePastBound": true, "exactPairTests": 695400, "exitCause": "workCap", "finalDepthMm": 156.08825, "floorDepthMm": 157.3, "microLegalizationsAccepted": 0, "microLegalizationsAttempted": 0, "parentBoundaryViolations": 13, "parentCollisionPairs": 28, "parentProxyFeasible": false, "repairMs": 16908.133450999983, "rollbackAfterSteps": 0, "rollbacks": 0, "startDepthMm": 157.56599999999997, "stepMm": 0.00025, "stepsPlanned": 1200, "stepsTaken": 5911, "sweepsPerStep": 6, "sweepsRun": 33231, "targetDepthMm": 157.266, "workCapQueries": 20000000, "workUnits": 20001892}
[   23.2s] r0-m34-w20-s0.25-s0: mode=34 exactValid=True contractValid=True depth=156.919 raw=156.91883051080544 parent=156.919 fp=d7e553893efe567b | before Nonep/Noneb after Nonep/Noneb cap=None maxDisp=None moved=None resid=None |   spec=past=1,work=20000000,step=0.25
   schedule {"candidateQueries": 20005423, "confirmEvery": 4, "confirmationMs": 0.0, "confirmationsAccepted": 0, "confirmationsAttempted": 0, "confirmationsRefused": 0, "confirmationsSkippedInfeasible": 4959, "continuePastBound": true, "exactPairTests": 0, "exitCause": "workCap", "finalDepthMm": 156.3255, "floorDepthMm": 157.566, "microLegalizationsAccepted": 0, "microLegalizationsAttempted": 0, "parentBoundaryViolations": 13, "parentCollisionPairs": 28, "parentProxyFeasible": false, "repairMs": 20716.57515399994, "rollbackAfterSteps": 0, "rollbacks": 0, "startDepthMm": 157.56599999999997, "stepMm": 0.00025, "stepsPlanned": 1200, "stepsTaken": 4962, "sweepsPerStep": 6, "sweepsRun": 29772, "targetDepthMm": 157.266, "workCapQueries": 20000000, "workUnits": 20005423}
[   22.3s] r0-m34-w20-s1-s0: mode=34 exactValid=True contractValid=True depth=156.919 raw=156.91883051080544 parent=156.919 fp=d7e553893efe567b | before Nonep/Noneb after Nonep/Noneb cap=None maxDisp=None moved=None resid=None |   spec=past=1,work=20000000,step=1
   schedule {"candidateQueries": 20005715, "confirmEvery": 4, "confirmationMs": 0.0, "confirmationsAccepted": 0, "confirmationsAttempted": 0, "confirmationsRefused": 0, "confirmationsSkippedInfeasible": 3675, "continuePastBound": true, "exactPairTests": 0, "exitCause": "workCap", "finalDepthMm": 153.888, "floorDepthMm": 157.566, "microLegalizationsAccepted": 0, "microLegalizationsAttempted": 0, "parentBoundaryViolations": 13, "parentCollisionPairs": 28, "parentProxyFeasible": false, "repairMs": 20020.354379, "rollbackAfterSteps": 0, "rollbacks": 0, "startDepthMm": 157.56599999999997, "stepMm": 0.001, "stepsPlanned": 300, "stepsTaken": 3678, "sweepsPerStep": 6, "sweepsRun": 22068, "targetDepthMm": 157.266, "workCapQueries": 20000000, "workUnits": 20005715}
[   24.0s] r0-m34-w20-s0.5-s0: mode=34 exactValid=True contractValid=True depth=156.919 raw=156.91883051080544 parent=156.919 fp=d7e553893efe567b | before Nonep/Noneb after Nonep/Noneb cap=None maxDisp=None moved=None resid=None |   spec=past=1,work=20000000,step=0.5
   schedule {"candidateQueries": 20006419, "confirmEvery": 4, "confirmationMs": 0.0, "confirmationsAccepted": 0, "confirmationsAttempted": 0, "confirmationsRefused": 0, "confirmationsSkippedInfeasible": 3423, "continuePastBound": true, "exactPairTests": 0, "exitCause": "workCap", "finalDepthMm": 155.853, "floorDepthMm": 157.566, "microLegalizationsAccepted": 0, "microLegalizationsAttempted": 0, "parentBoundaryViolations": 13, "parentCollisionPairs": 28, "parentProxyFeasible": false, "repairMs": 21711.977608999976, "rollbackAfterSteps": 0, "rollbacks": 0, "startDepthMm": 157.56599999999997, "stepMm": 0.0005, "stepsPlanned": 600, "stepsTaken": 3426, "sweepsPerStep": 6, "sweepsRun": 20556, "targetDepthMm": 157.266, "workCapQueries": 20000000, "workUnits": 20006419}
[   22.9s] r0-m34-w20-s0.1-s0: mode=34 exactValid=True contractValid=True depth=156.919 raw=156.91883051080544 parent=156.919 fp=d7e553893efe567b | before Nonep/Noneb after Nonep/Noneb cap=None maxDisp=None moved=None resid=None |   spec=past=1,work=20000000,step=0.1
   schedule {"candidateQueries": 20004063, "confirmEvery": 4, "confirmationMs": 0.0, "confirmationsAccepted": 0, "confirmationsAttempted": 0, "confirmationsRefused": 0, "confirmationsSkippedInfeasible": 5957, "continuePastBound": true, "exactPairTests": 0, "exitCause": "workCap", "finalDepthMm": 156.9699999999653, "floorDepthMm": 157.566, "microLegalizationsAccepted": 0, "microLegalizationsAttempted": 0, "parentBoundaryViolations": 13, "parentCollisionPairs": 28, "parentProxyFeasible": false, "repairMs": 20512.357992999998, "rollbackAfterSteps": 0, "rollbacks": 0, "startDepthMm": 157.56599999999997, "stepMm": 0.0001, "stepsPlanned": 3000, "stepsTaken": 5960, "sweepsPerStep": 6, "sweepsRun": 35760, "targetDepthMm": 157.266, "workCapQueries": 20000000, "workUnits": 20004063}
[   66.5s] r0-m34-w60-s0.25-s0: mode=34 exactValid=True contractValid=True depth=156.919 raw=156.91883051080544 parent=156.919 fp=d7e553893efe567b | before Nonep/Noneb after Nonep/Noneb cap=None maxDisp=None moved=None resid=None |   spec=past=1,work=60000000,step=0.25
   schedule {"candidateQueries": 60002128, "confirmEvery": 4, "confirmationMs": 0.0, "confirmationsAccepted": 0, "confirmationsAttempted": 0, "confirmationsRefused": 0, "confirmationsSkippedInfeasible": 9440, "continuePastBound": true, "exactPairTests": 0, "exitCause": "workCap", "finalDepthMm": 155.20525, "floorDepthMm": 157.566, "microLegalizationsAccepted": 0, "microLegalizationsAttempted": 0, "parentBoundaryViolations": 13, "parentCollisionPairs": 28, "parentProxyFeasible": false, "repairMs": 63881.36513399989, "rollbackAfterSteps": 0, "rollbacks": 0, "startDepthMm": 157.56599999999997, "stepMm": 0.00025, "stepsPlanned": 1200, "stepsTaken": 9443, "sweepsPerStep": 6, "sweepsRun": 56658, "targetDepthMm": 157.266, "workCapQueries": 60000000, "workUnits": 60002128}
[   23.1s] r0-m34-w20-s0.25-c1-s0: mode=34 exactValid=True contractValid=True depth=156.919 raw=156.91883051080544 parent=156.919 fp=d7e553893efe567b | before Nonep/Noneb after Nonep/Noneb cap=None maxDisp=None moved=None resid=None |   spec=past=1,work=20000000,step=0.25,confirm=1
   schedule {"candidateQueries": 20005423, "confirmEvery": 1, "confirmationMs": 0.0, "confirmationsAccepted": 0, "confirmationsAttempted": 0, "confirmationsRefused": 0, "confirmationsSkippedInfeasible": 4962, "continuePastBound": true, "exactPairTests": 0, "exitCause": "workCap", "finalDepthMm": 156.3255, "floorDepthMm": 157.566, "microLegalizationsAccepted": 0, "microLegalizationsAttempted": 0, "parentBoundaryViolations": 13, "parentCollisionPairs": 28, "parentProxyFeasible": false, "repairMs": 20699.286528999975, "rollbackAfterSteps": 0, "rollbacks": 0, "startDepthMm": 157.56599999999997, "stepMm": 0.00025, "stepsPlanned": 1200, "stepsTaken": 4962, "sweepsPerStep": 6, "sweepsRun": 29772, "targetDepthMm": 157.266, "workCapQueries": 20000000, "workUnits": 20005423}
-- r0 flatten 0.0005: depth 156.918330511, 1 moved
[    2.1s] r0-flat0.0005-m33-p0.05: mode=33 exactValid=True contractValid=True depth=156.919 raw=156.91883051080544 parent=156.918 fp=d7e553893efe567b | before Nonep/Noneb after Nonep/Noneb cap=None maxDisp=None moved=None resid=None | 
   ~ pairs=1 bnd=0 comp=1 maxComp=2 /7 ej=2 /7 att=True matDef=None orders=1/2 swaps=0 cRep=1 cRef=0 | acceptedAnchorLocal=0 acceptedOrientation=0 acceptedStation=0 acceptedVacated=2 candidates=5513 finalists=4 rows=6 variants=74
[    2.2s] r0-flat0.0005-m33-p2.0: mode=33 exactValid=True contractValid=True depth=156.919 raw=156.91883051080544 parent=156.918 fp=d7e553893efe567b | before Nonep/Noneb after Nonep/Noneb cap=None maxDisp=None moved=None resid=None | 
   ~ pairs=1 bnd=0 comp=1 maxComp=2 /7 ej=2 /7 att=True matDef=None orders=1/2 swaps=0 cRep=1 cRef=0 | acceptedAnchorLocal=0 acceptedOrientation=0 acceptedStation=0 acceptedVacated=2 candidates=5513 finalists=1 rows=1 variants=74
-- r0 flatten 0.001: depth 156.917830511, 1 moved
[    2.2s] r0-flat0.001-m33-p0.05: mode=33 exactValid=True contractValid=True depth=156.917 raw=156.9169867126863 parent=156.918 fp=c148c7401abb80a2 | before Nonep/Noneb after Nonep/Noneb cap=None maxDisp=None moved=None resid=None | 
   ~ pairs=1 bnd=0 comp=1 maxComp=2 /7 ej=2 /7 att=True matDef=None orders=1/2 swaps=0 cRep=1 cRef=0 | acceptedAnchorLocal=0 acceptedAngles=[('d06db288-d2d6-4f40-874e-98287f516d93-copy-19', 119.56905, 0.0032, False)] acceptedOrientation=1 acceptedStation=0 acceptedVacated=1 candidates=5513 finalists=5 rows=8 variants=74
*** ADOPT [B-flat] r0-flat0.001-m33-p0.05: 156.91883051080544 -> 156.9169867126863 (delta -0.001843798)
    pin=/var/lib/t3/tmp/recordline/fsline2/pins/pin-156.916986713.json sha256=1fbea4c9aab001e3168ce0e93ff5e7ac9aa89339ee86348be6e5acec3ea54c15 fp=c148c7401abb80a2ed826184bd39c8c43903203d10409219e08c4accd0041df0
[    4.8s] r1-m22-p0.8-s0: mode=22 exactValid=True contractValid=True depth=156.915 raw=156.91536504906918 parent=156.917 fp=636d9bffa19be111 | before Nonep/Noneb after Nonep/Noneb cap=None maxDisp=None moved=None resid=None | 
*** ADOPT [A-m22] r1-m22-p0.8-s0: 156.9169867126863 -> 156.91536504906918 (delta -0.001621664)
    pin=/var/lib/t3/tmp/recordline/fsline2/pins/pin-156.915365049.json sha256=9a8cab255d4822eb6e56ad9dcbb76762dbc28f696405d4c7f53bc6071257b5f8 fp=636d9bffa19be1111935c4e277e80ca99891f3c736657f11cbddbc57c3b5b354
[    3.4s] r2-m22-p0.8-s0: mode=22 exactValid=True contractValid=True depth=156.915 raw=156.91536504906918 parent=156.915 fp=636d9bffa19be111 | before Nonep/Noneb after Nonep/Noneb cap=None maxDisp=None moved=None resid=None | 
[    3.1s] r2-m22-p0.8-s1: mode=22 exactValid=True contractValid=True depth=156.915 raw=156.91536504906918 parent=156.915 fp=636d9bffa19be111 | before Nonep/Noneb after Nonep/Noneb cap=None maxDisp=None moved=None resid=None | 
[    3.5s] r2-m22-p0.8-s2: mode=22 exactValid=True contractValid=True depth=156.915 raw=156.91536504906918 parent=156.915 fp=636d9bffa19be111 | before Nonep/Noneb after Nonep/Noneb cap=None maxDisp=None moved=None resid=None | 
[    3.0s] r2-m22-p0.8-s3: mode=22 exactValid=True contractValid=True depth=156.915 raw=156.91536504906918 parent=156.915 fp=636d9bffa19be111 | before Nonep/Noneb after Nonep/Noneb cap=None maxDisp=None moved=None resid=None | 
[    3.9s] r2-m22-p0.8-s4: mode=22 exactValid=True contractValid=True depth=156.915 raw=156.91536504906918 parent=156.915 fp=636d9bffa19be111 | before Nonep/Noneb after Nonep/Noneb cap=None maxDisp=None moved=None resid=None | 
[    3.1s] r2-m22-p0.8-s5: mode=22 exactValid=True contractValid=True depth=156.915 raw=156.91536504906918 parent=156.915 fp=636d9bffa19be111 | before Nonep/Noneb after Nonep/Noneb cap=None maxDisp=None moved=None resid=None | 
[    3.0s] r2-m22-p0.8-s6: mode=22 exactValid=True contractValid=True depth=156.915 raw=156.91536504906918 parent=156.915 fp=636d9bffa19be111 | before Nonep/Noneb after Nonep/Noneb cap=None maxDisp=None moved=None resid=None | 
[    3.4s] r2-m22-p0.8-s7: mode=22 exactValid=True contractValid=True depth=156.915 raw=156.91536504906918 parent=156.915 fp=636d9bffa19be111 | before Nonep/Noneb after Nonep/Noneb cap=None maxDisp=None moved=None resid=None | 
[    3.5s] r2-m22-p0.3-s0: mode=22 exactValid=True contractValid=True depth=156.915 raw=156.91536504906918 parent=156.915 fp=636d9bffa19be111 | before Nonep/Noneb after Nonep/Noneb cap=None maxDisp=None moved=None resid=None | 
[    3.1s] r2-m22-p0.3-s1: mode=22 exactValid=True contractValid=True depth=156.915 raw=156.91536504906918 parent=156.915 fp=636d9bffa19be111 | before Nonep/Noneb after Nonep/Noneb cap=None maxDisp=None moved=None resid=None | 
[    3.5s] r2-m22-p0.3-s2: mode=22 exactValid=True contractValid=True depth=156.915 raw=156.91536504906918 parent=156.915 fp=636d9bffa19be111 | before Nonep/Noneb after Nonep/Noneb cap=None maxDisp=None moved=None resid=None | 
[    3.1s] r2-m22-p0.3-s3: mode=22 exactValid=True contractValid=True depth=156.915 raw=156.91536504906918 parent=156.915 fp=636d9bffa19be111 | before Nonep/Noneb after Nonep/Noneb cap=None maxDisp=None moved=None resid=None | 
[    3.9s] r2-m22-p0.3-s4: mode=22 exactValid=True contractValid=True depth=156.915 raw=156.91536504906918 parent=156.915 fp=636d9bffa19be111 | before Nonep/Noneb after Nonep/Noneb cap=None maxDisp=None moved=None resid=None | 
[    3.1s] r2-m22-p0.3-s5: mode=22 exactValid=True contractValid=True depth=156.915 raw=156.91536504906918 parent=156.915 fp=636d9bffa19be111 | before Nonep/Noneb after Nonep/Noneb cap=None maxDisp=None moved=None resid=None | 
[    3.1s] r2-m22-p0.3-s6: mode=22 exactValid=True contractValid=True depth=156.915 raw=156.91536504906918 parent=156.915 fp=636d9bffa19be111 | before Nonep/Noneb after Nonep/Noneb cap=None maxDisp=None moved=None resid=None | 
[    3.4s] r2-m22-p0.3-s7: mode=22 exactValid=True contractValid=True depth=156.915 raw=156.91536504906918 parent=156.915 fp=636d9bffa19be111 | before Nonep/Noneb after Nonep/Noneb cap=None maxDisp=None moved=None resid=None | 
[    3.4s] r2-m22-p2.0-s0: mode=22 exactValid=True contractValid=True depth=156.915 raw=156.91536504906918 parent=156.915 fp=636d9bffa19be111 | before Nonep/Noneb after Nonep/Noneb cap=None maxDisp=None moved=None resid=None | 
[    3.1s] r2-m22-p2.0-s1: mode=22 exactValid=True contractValid=True depth=156.915 raw=156.91536504906918 parent=156.915 fp=636d9bffa19be111 | before Nonep/Noneb after Nonep/Noneb cap=None maxDisp=None moved=None resid=None | 
[    3.5s] r2-m22-p2.0-s2: mode=22 exactValid=True contractValid=True depth=156.915 raw=156.91536504906918 parent=156.915 fp=636d9bffa19be111 | before Nonep/Noneb after Nonep/Noneb cap=None maxDisp=None moved=None resid=None | 
[    3.1s] r2-m22-p2.0-s3: mode=22 exactValid=True contractValid=True depth=156.915 raw=156.91536504906918 parent=156.915 fp=636d9bffa19be111 | before Nonep/Noneb after Nonep/Noneb cap=None maxDisp=None moved=None resid=None | 
[    4.4s] r2-m22-p2.0-s4: mode=22 exactValid=True contractValid=True depth=156.915 raw=156.91536504906918 parent=156.915 fp=636d9bffa19be111 | before Nonep/Noneb after Nonep/Noneb cap=None maxDisp=None moved=None resid=None | 
[    3.2s] r2-m22-p2.0-s5: mode=22 exactValid=True contractValid=True depth=156.915 raw=156.91536504906918 parent=156.915 fp=636d9bffa19be111 | before Nonep/Noneb after Nonep/Noneb cap=None maxDisp=None moved=None resid=None | 
[    3.1s] r2-m22-p2.0-s6: mode=22 exactValid=True contractValid=True depth=156.915 raw=156.91536504906918 parent=156.915 fp=636d9bffa19be111 | before Nonep/Noneb after Nonep/Noneb cap=None maxDisp=None moved=None resid=None | 
[    3.5s] r2-m22-p2.0-s7: mode=22 exactValid=True contractValid=True depth=156.915 raw=156.91536504906918 parent=156.915 fp=636d9bffa19be111 | before Nonep/Noneb after Nonep/Noneb cap=None maxDisp=None moved=None resid=None | 
-- r2 flatten 0.0005: depth 156.914865049, 1 moved
[    2.2s] r2-flat0.0005-m33-p0.05: mode=33 exactValid=False contractValid=True depth=None raw=156.9148650490692 parent=156.915 fp= | before Nonep/Noneb after Nonep/Noneb cap=None maxDisp=None moved=None resid=None | no violating pair to target with a joint re-placement
   ~ pairs=0 bnd=0 comp=0 maxComp=0 /7 ej=0 /7 att=False matDef=None orders=0/0 swaps=0 cRep=0 cRef=0 | skip=no violating pair to target with a joint re-placement
[    2.2s] r2-flat0.0005-m33-p2.0: mode=33 exactValid=False contractValid=True depth=None raw=156.9148650490692 parent=156.915 fp= | before Nonep/Noneb after Nonep/Noneb cap=None maxDisp=None moved=None resid=None | no violating pair to target with a joint re-placement
   ~ pairs=0 bnd=0 comp=0 maxComp=0 /7 ej=0 /7 att=False matDef=None orders=0/0 swaps=0 cRep=0 cRef=0 | skip=no violating pair to target with a joint re-placement
-- r2 flatten 0.001: depth 156.914365049, 1 moved
[    2.2s] r2-flat0.001-m33-p0.05: mode=33 exactValid=True contractValid=True depth=156.914 raw=156.91436504906918 parent=156.914 fp=15699f1a91410f60 | before Nonep/Noneb after Nonep/Noneb cap=None maxDisp=None moved=None resid=None | 
   ~ pairs=1 bnd=0 comp=1 maxComp=2 /7 ej=2 /7 att=True matDef=None orders=2/2 swaps=0 cRep=1 cRef=0 | acceptedAnchorLocal=1 acceptedOrientation=0 acceptedStation=0 acceptedVacated=2 candidates=10360 finalists=2 rows=2594 variants=148
*** ADOPT [B-flat] r2-flat0.001-m33-p0.05: 156.91536504906918 -> 156.91436504906918 (delta -0.001000000)
    pin=/var/lib/t3/tmp/recordline/fsline2/pins/pin-156.914365049.json sha256=338219b2777f1085c43cad121af40593bfe0022b43a6efda379d4bfb6b1caba0 fp=15699f1a91410f60c32a7552ded793e8cb02e6088249d1c33ce9a48dc7903480
[    4.8s] r3-m22-p0.8-s0: mode=22 exactValid=True contractValid=True depth=156.913 raw=156.91336504906917 parent=156.914 fp=d7dba53b32d7d555 | before Nonep/Noneb after Nonep/Noneb cap=None maxDisp=None moved=None resid=None | 
*** ADOPT [A-m22] r3-m22-p0.8-s0: 156.91436504906918 -> 156.91336504906917 (delta -0.001000000)
    pin=/var/lib/t3/tmp/recordline/fsline2/pins/pin-156.913365049.json sha256=e8f8837258517f395c8f5a84d359c1c8346185a4214a71ddea3c7a19e78e0e3e fp=d7dba53b32d7d555a62fb87e4b2fffe25393976dda1070c475ac51140f555370
[    3.7s] r4-m22-p0.8-s0: mode=22 exactValid=True contractValid=True depth=156.913 raw=156.91336504906917 parent=156.913 fp=d7dba53b32d7d555 | before Nonep/Noneb after Nonep/Noneb cap=None maxDisp=None moved=None resid=None | 
[    3.2s] r4-m22-p0.8-s1: mode=22 exactValid=True contractValid=True depth=156.913 raw=156.91336504906917 parent=156.913 fp=d7dba53b32d7d555 | before Nonep/Noneb after Nonep/Noneb cap=None maxDisp=None moved=None resid=None | 
[    3.6s] r4-m22-p0.8-s2: mode=22 exactValid=True contractValid=True depth=156.913 raw=156.91336504906917 parent=156.913 fp=d7dba53b32d7d555 | before Nonep/Noneb after Nonep/Noneb cap=None maxDisp=None moved=None resid=None | 
[    3.0s] r4-m22-p0.8-s3: mode=22 exactValid=True contractValid=True depth=156.913 raw=156.91336504906917 parent=156.913 fp=d7dba53b32d7d555 | before Nonep/Noneb after Nonep/Noneb cap=None maxDisp=None moved=None resid=None | 
[    4.0s] r4-m22-p0.8-s4: mode=22 exactValid=True contractValid=True depth=156.913 raw=156.91336504906917 parent=156.913 fp=d7dba53b32d7d555 | before Nonep/Noneb after Nonep/Noneb cap=None maxDisp=None moved=None resid=None | 
[    3.1s] r4-m22-p0.8-s5: mode=22 exactValid=True contractValid=True depth=156.913 raw=156.91336504906917 parent=156.913 fp=d7dba53b32d7d555 | before Nonep/Noneb after Nonep/Noneb cap=None maxDisp=None moved=None resid=None | 
[    3.0s] r4-m22-p0.8-s6: mode=22 exactValid=True contractValid=True depth=156.913 raw=156.91336504906917 parent=156.913 fp=d7dba53b32d7d555 | before Nonep/Noneb after Nonep/Noneb cap=None maxDisp=None moved=None resid=None | 
[    3.4s] r4-m22-p0.8-s7: mode=22 exactValid=True contractValid=True depth=156.913 raw=156.91336504906917 parent=156.913 fp=d7dba53b32d7d555 | before Nonep/Noneb after Nonep/Noneb cap=None maxDisp=None moved=None resid=None | 
[    3.4s] r4-m22-p0.3-s0: mode=22 exactValid=True contractValid=True depth=156.913 raw=156.91336504906917 parent=156.913 fp=d7dba53b32d7d555 | before Nonep/Noneb after Nonep/Noneb cap=None maxDisp=None moved=None resid=None | 
[    3.2s] r4-m22-p0.3-s1: mode=22 exactValid=True contractValid=True depth=156.913 raw=156.91336504906917 parent=156.913 fp=d7dba53b32d7d555 | before Nonep/Noneb after Nonep/Noneb cap=None maxDisp=None moved=None resid=None | 
[    3.6s] r4-m22-p0.3-s2: mode=22 exactValid=True contractValid=True depth=156.913 raw=156.91336504906917 parent=156.913 fp=d7dba53b32d7d555 | before Nonep/Noneb after Nonep/Noneb cap=None maxDisp=None moved=None resid=None | 
[    3.0s] r4-m22-p0.3-s3: mode=22 exactValid=True contractValid=True depth=156.913 raw=156.91336504906917 parent=156.913 fp=d7dba53b32d7d555 | before Nonep/Noneb after Nonep/Noneb cap=None maxDisp=None moved=None resid=None | 
[    3.9s] r4-m22-p0.3-s4: mode=22 exactValid=True contractValid=True depth=156.913 raw=156.91336504906917 parent=156.913 fp=d7dba53b32d7d555 | before Nonep/Noneb after Nonep/Noneb cap=None maxDisp=None moved=None resid=None | 
[    3.1s] r4-m22-p0.3-s5: mode=22 exactValid=True contractValid=True depth=156.913 raw=156.91336504906917 parent=156.913 fp=d7dba53b32d7d555 | before Nonep/Noneb after Nonep/Noneb cap=None maxDisp=None moved=None resid=None | 
[    3.0s] r4-m22-p0.3-s6: mode=22 exactValid=True contractValid=True depth=156.913 raw=156.91336504906917 parent=156.913 fp=d7dba53b32d7d555 | before Nonep/Noneb after Nonep/Noneb cap=None maxDisp=None moved=None resid=None | 
[    3.4s] r4-m22-p0.3-s7: mode=22 exactValid=True contractValid=True depth=156.913 raw=156.91336504906917 parent=156.913 fp=d7dba53b32d7d555 | before Nonep/Noneb after Nonep/Noneb cap=None maxDisp=None moved=None resid=None | 
[    3.5s] r4-m22-p2.0-s0: mode=22 exactValid=True contractValid=True depth=156.913 raw=156.91336504906917 parent=156.913 fp=d7dba53b32d7d555 | before Nonep/Noneb after Nonep/Noneb cap=None maxDisp=None moved=None resid=None | 
[    3.2s] r4-m22-p2.0-s1: mode=22 exactValid=True contractValid=True depth=156.913 raw=156.91336504906917 parent=156.913 fp=d7dba53b32d7d555 | before Nonep/Noneb after Nonep/Noneb cap=None maxDisp=None moved=None resid=None | 
[    3.7s] r4-m22-p2.0-s2: mode=22 exactValid=True contractValid=True depth=156.913 raw=156.91336504906917 parent=156.913 fp=d7dba53b32d7d555 | before Nonep/Noneb after Nonep/Noneb cap=None maxDisp=None moved=None resid=None | 
[    3.0s] r4-m22-p2.0-s3: mode=22 exactValid=True contractValid=True depth=156.913 raw=156.91336504906917 parent=156.913 fp=d7dba53b32d7d555 | before Nonep/Noneb after Nonep/Noneb cap=None maxDisp=None moved=None resid=None | 
[    4.1s] r4-m22-p2.0-s4: mode=22 exactValid=True contractValid=True depth=156.913 raw=156.91336504906917 parent=156.913 fp=d7dba53b32d7d555 | before Nonep/Noneb after Nonep/Noneb cap=None maxDisp=None moved=None resid=None | 
[    3.3s] r4-m22-p2.0-s5: mode=22 exactValid=True contractValid=True depth=156.913 raw=156.91336504906917 parent=156.913 fp=d7dba53b32d7d555 | before Nonep/Noneb after Nonep/Noneb cap=None maxDisp=None moved=None resid=None | 
[    3.0s] r4-m22-p2.0-s6: mode=22 exactValid=True contractValid=True depth=156.913 raw=156.91336504906917 parent=156.913 fp=d7dba53b32d7d555 | before Nonep/Noneb after Nonep/Noneb cap=None maxDisp=None moved=None resid=None | 
[    3.3s] r4-m22-p2.0-s7: mode=22 exactValid=True contractValid=True depth=156.913 raw=156.91336504906917 parent=156.913 fp=d7dba53b32d7d555 | before Nonep/Noneb after Nonep/Noneb cap=None maxDisp=None moved=None resid=None | 
[   22.8s] r4-m34-w20-s0.25-s5: mode=34 exactValid=True contractValid=True depth=156.418 raw=156.418 parent=156.913 fp=6532a490f1ea5a85 | before Nonep/Noneb after Nonep/Noneb cap=None maxDisp=None moved=None resid=None |   spec=past=1,work=20000000,step=0.25
   schedule {"candidateQueries": 18000904, "confirmEvery": 4, "confirmationMs": 1104.3984619999994, "confirmationsAccepted": 219, "confirmationsAttempted": 219, "confirmationsRefused": 0, "confirmationsSkippedInfeasible": 5627, "continuePastBound": true, "exactPairTests": 400770, "exitCause": "workCap", "finalDepthMm": 155.9395, "floorDepthMm": 156.41925, "microLegalizationsAccepted": 0, "microLegalizationsAttempted": 0, "parentBoundaryViolations": 13, "parentCollisionPairs": 28, "parentProxyFeasible": false, "repairMs": 19730.413692, "rollbackAfterSteps": 0, "rollbacks": 0, "startDepthMm": 157.56599999999997, "stepMm": 0.00025, "stepsPlanned": 1200, "stepsTaken": 6506, "sweepsPerStep": 6, "sweepsRun": 34234, "targetDepthMm": 157.266, "workCapQueries": 20000000, "workUnits": 20004754}
*** ADOPT [E-m34] r4-m34-w20-s0.25-s5: 156.91336504906917 -> 156.418 (delta -0.495365049)
    pin=/var/lib/t3/tmp/recordline/fsline2/pins/pin-156.418000000.json sha256=1d56dde19b522f8142e0d348323d767812ce8df7b29654c696c8a63f0afb4583 fp=6532a490f1ea5a855134e67a570dd08fec9ecab41e1475c368d46dd2359a124e
[    4.6s] r5-m22-p0.8-s0: mode=22 exactValid=True contractValid=True depth=156.389 raw=156.389 parent=156.418 fp=c01b89db86427bfb | before Nonep/Noneb after Nonep/Noneb cap=None maxDisp=None moved=None resid=None | 
*** ADOPT [A-m22] r5-m22-p0.8-s0: 156.418 -> 156.389 (delta -0.029000000)
    pin=/var/lib/t3/tmp/recordline/fsline2/pins/pin-156.389000000.json sha256=fa06117e681f4ed84083722e541858a6b31b095bf70f4805530f23ee7bcc8300 fp=c01b89db86427bfb7fad2f16df4f69758b00893372094da857b9ac2eda51ec78
[    3.4s] r6-m22-p0.8-s0: mode=22 exactValid=True contractValid=True depth=156.389 raw=156.389 parent=156.389 fp=c01b89db86427bfb | before Nonep/Noneb after Nonep/Noneb cap=None maxDisp=None moved=None resid=None | 
[    3.4s] r6-m22-p0.8-s1: mode=22 exactValid=True contractValid=True depth=156.389 raw=156.389 parent=156.389 fp=c01b89db86427bfb | before Nonep/Noneb after Nonep/Noneb cap=None maxDisp=None moved=None resid=None | 
[    3.5s] r6-m22-p0.8-s2: mode=22 exactValid=True contractValid=True depth=156.389 raw=156.389 parent=156.389 fp=c01b89db86427bfb | before Nonep/Noneb after Nonep/Noneb cap=None maxDisp=None moved=None resid=None | 
[    3.2s] r6-m22-p0.8-s3: mode=22 exactValid=True contractValid=True depth=156.389 raw=156.389 parent=156.389 fp=c01b89db86427bfb | before Nonep/Noneb after Nonep/Noneb cap=None maxDisp=None moved=None resid=None | 
[    3.9s] r6-m22-p0.8-s4: mode=22 exactValid=True contractValid=True depth=156.389 raw=156.389 parent=156.389 fp=c01b89db86427bfb | before Nonep/Noneb after Nonep/Noneb cap=None maxDisp=None moved=None resid=None | 
[    3.2s] r6-m22-p0.8-s5: mode=22 exactValid=True contractValid=True depth=156.389 raw=156.389 parent=156.389 fp=c01b89db86427bfb | before Nonep/Noneb after Nonep/Noneb cap=None maxDisp=None moved=None resid=None | 
[    3.1s] r6-m22-p0.8-s6: mode=22 exactValid=True contractValid=True depth=156.389 raw=156.389 parent=156.389 fp=c01b89db86427bfb | before Nonep/Noneb after Nonep/Noneb cap=None maxDisp=None moved=None resid=None | 
[    3.4s] r6-m22-p0.8-s7: mode=22 exactValid=True contractValid=True depth=156.389 raw=156.389 parent=156.389 fp=c01b89db86427bfb | before Nonep/Noneb after Nonep/Noneb cap=None maxDisp=None moved=None resid=None | 
[    3.4s] r6-m22-p0.3-s0: mode=22 exactValid=True contractValid=True depth=156.389 raw=156.389 parent=156.389 fp=c01b89db86427bfb | before Nonep/Noneb after Nonep/Noneb cap=None maxDisp=None moved=None resid=None | 
[    3.3s] r6-m22-p0.3-s1: mode=22 exactValid=True contractValid=True depth=156.389 raw=156.389 parent=156.389 fp=c01b89db86427bfb | before Nonep/Noneb after Nonep/Noneb cap=None maxDisp=None moved=None resid=None | 
[    3.5s] r6-m22-p0.3-s2: mode=22 exactValid=True contractValid=True depth=156.389 raw=156.389 parent=156.389 fp=c01b89db86427bfb | before Nonep/Noneb after Nonep/Noneb cap=None maxDisp=None moved=None resid=None | 
[    3.1s] r6-m22-p0.3-s3: mode=22 exactValid=True contractValid=True depth=156.389 raw=156.389 parent=156.389 fp=c01b89db86427bfb | before Nonep/Noneb after Nonep/Noneb cap=None maxDisp=None moved=None resid=None | 
[    4.0s] r6-m22-p0.3-s4: mode=22 exactValid=True contractValid=True depth=156.389 raw=156.389 parent=156.389 fp=c01b89db86427bfb | before Nonep/Noneb after Nonep/Noneb cap=None maxDisp=None moved=None resid=None | 
[    3.1s] r6-m22-p0.3-s5: mode=22 exactValid=True contractValid=True depth=156.389 raw=156.389 parent=156.389 fp=c01b89db86427bfb | before Nonep/Noneb after Nonep/Noneb cap=None maxDisp=None moved=None resid=None | 
[    3.1s] r6-m22-p0.3-s6: mode=22 exactValid=True contractValid=True depth=156.389 raw=156.389 parent=156.389 fp=c01b89db86427bfb | before Nonep/Noneb after Nonep/Noneb cap=None maxDisp=None moved=None resid=None | 
[    3.4s] r6-m22-p0.3-s7: mode=22 exactValid=True contractValid=True depth=156.389 raw=156.389 parent=156.389 fp=c01b89db86427bfb | before Nonep/Noneb after Nonep/Noneb cap=None maxDisp=None moved=None resid=None | 
[    3.4s] r6-m22-p2.0-s0: mode=22 exactValid=True contractValid=True depth=156.389 raw=156.389 parent=156.389 fp=c01b89db86427bfb | before Nonep/Noneb after Nonep/Noneb cap=None maxDisp=None moved=None resid=None | 
[    3.3s] r6-m22-p2.0-s1: mode=22 exactValid=True contractValid=True depth=156.389 raw=156.389 parent=156.389 fp=c01b89db86427bfb | before Nonep/Noneb after Nonep/Noneb cap=None maxDisp=None moved=None resid=None | 
[    3.5s] r6-m22-p2.0-s2: mode=22 exactValid=True contractValid=True depth=156.389 raw=156.389 parent=156.389 fp=c01b89db86427bfb | before Nonep/Noneb after Nonep/Noneb cap=None maxDisp=None moved=None resid=None | 
[    3.2s] r6-m22-p2.0-s3: mode=22 exactValid=True contractValid=True depth=156.389 raw=156.389 parent=156.389 fp=c01b89db86427bfb | before Nonep/Noneb after Nonep/Noneb cap=None maxDisp=None moved=None resid=None | 
[    3.9s] r6-m22-p2.0-s4: mode=22 exactValid=True contractValid=True depth=156.389 raw=156.389 parent=156.389 fp=c01b89db86427bfb | before Nonep/Noneb after Nonep/Noneb cap=None maxDisp=None moved=None resid=None | 
[    3.2s] r6-m22-p2.0-s5: mode=22 exactValid=True contractValid=True depth=156.389 raw=156.389 parent=156.389 fp=c01b89db86427bfb | before Nonep/Noneb after Nonep/Noneb cap=None maxDisp=None moved=None resid=None | 
[    3.1s] r6-m22-p2.0-s6: mode=22 exactValid=True contractValid=True depth=156.389 raw=156.389 parent=156.389 fp=c01b89db86427bfb | before Nonep/Noneb after Nonep/Noneb cap=None maxDisp=None moved=None resid=None | 
[    3.4s] r6-m22-p2.0-s7: mode=22 exactValid=True contractValid=True depth=156.389 raw=156.389 parent=156.389 fp=c01b89db86427bfb | before Nonep/Noneb after Nonep/Noneb cap=None maxDisp=None moved=None resid=None | 
-- r6 flatten 0.0005: depth 156.388500000, 1 moved
[    2.1s] r6-flat0.0005-m33-p0.05: mode=33 exactValid=False contractValid=True depth=None raw=156.38850000000002 parent=156.389 fp= | before Nonep/Noneb after Nonep/Noneb cap=None maxDisp=None moved=None resid=None | no violating pair to target with a joint re-placement
   ~ pairs=0 bnd=0 comp=0 maxComp=0 /7 ej=0 /7 att=False matDef=None orders=0/0 swaps=0 cRep=0 cRef=0 | skip=no violating pair to target with a joint re-placement
[    2.1s] r6-flat0.0005-m33-p2.0: mode=33 exactValid=False contractValid=True depth=None raw=156.38850000000002 parent=156.389 fp= | before Nonep/Noneb after Nonep/Noneb cap=None maxDisp=None moved=None resid=None | no violating pair to target with a joint re-placement
   ~ pairs=0 bnd=0 comp=0 maxComp=0 /7 ej=0 /7 att=False matDef=None orders=0/0 swaps=0 cRep=0 cRef=0 | skip=no violating pair to target with a joint re-placement
-- r6 flatten 0.001: depth 156.388000000, 1 moved
[    2.1s] r6-flat0.001-m33-p0.05: mode=33 exactValid=True contractValid=True depth=156.391 raw=156.3908829892793 parent=156.388 fp=d675c4f017265d26 | before Nonep/Noneb after Nonep/Noneb cap=None maxDisp=None moved=None resid=None | 
   ~ pairs=1 bnd=0 comp=1 maxComp=2 /7 ej=2 /7 att=True matDef=None orders=2/2 swaps=0 cRep=1 cRef=0 | acceptedAnchorLocal=0 acceptedAngles=[('604bc424-469c-4ab8-93f1-80c0fc4090b3-copy-3', 180.0032, 0.0032, False)] acceptedOrientation=1 acceptedStation=0 acceptedVacated=2 candidates=9768 finalists=4 rows=2449 variants=148
[    2.2s] r6-flat0.001-m33-p2.0: mode=33 exactValid=True contractValid=True depth=156.442 raw=156.442 parent=156.388 fp=b2dbb1aee82696e2 | before Nonep/Noneb after Nonep/Noneb cap=None maxDisp=None moved=None resid=None | 
   ~ pairs=1 bnd=0 comp=1 maxComp=2 /7 ej=2 /7 att=True matDef=None orders=2/2 swaps=0 cRep=1 cRef=0 | acceptedAnchorLocal=1 acceptedOrientation=0 acceptedStation=0 acceptedVacated=2 candidates=9768 finalists=0 rows=2442 variants=148
-- r6 flatten 0.002: depth 156.387000000, 1 moved
[    2.2s] r6-flat0.002-m33-p0.05: mode=33 exactValid=True contractValid=True depth=156.389 raw=156.389 parent=156.387 fp=24b25cbea521d2af | before Nonep/Noneb after Nonep/Noneb cap=None maxDisp=None moved=None resid=None | 
   ~ pairs=1 bnd=0 comp=1 maxComp=2 /7 ej=2 /7 att=True matDef=None orders=2/2 swaps=0 cRep=1 cRef=0 | acceptedAnchorLocal=1 acceptedOrientation=0 acceptedStation=0 acceptedVacated=2 candidates=16872 finalists=0 rows=4218 variants=148
[    2.2s] r6-flat0.002-m33-p2.0: mode=33 exactValid=True contractValid=True depth=156.389 raw=156.389 parent=156.387 fp=24b25cbea521d2af | before Nonep/Noneb after Nonep/Noneb cap=None maxDisp=None moved=None resid=None | 
   ~ pairs=1 bnd=0 comp=1 maxComp=2 /7 ej=2 /7 att=True matDef=None orders=2/2 swaps=0 cRep=1 cRef=0 | acceptedAnchorLocal=1 acceptedOrientation=0 acceptedStation=0 acceptedVacated=2 candidates=16872 finalists=0 rows=4218 variants=148
-- r6 flatten 0.003: depth 156.386000000, 1 moved
[    2.2s] r6-flat0.003-m33-p0.05: mode=33 exactValid=True contractValid=True depth=156.39 raw=156.39 parent=156.386 fp=1e7d4d6ca50459e0 | before Nonep/Noneb after Nonep/Noneb cap=None maxDisp=None moved=None resid=None | 
   ~ pairs=1 bnd=0 comp=1 maxComp=2 /7 ej=2 /7 att=True matDef=None orders=2/2 swaps=0 cRep=1 cRef=0 | acceptedAnchorLocal=1 acceptedOrientation=0 acceptedStation=0 acceptedVacated=2 candidates=16872 finalists=0 rows=4218 variants=148
[    2.2s] r6-flat0.003-m33-p2.0: mode=33 exactValid=True contractValid=True depth=156.39 raw=156.39 parent=156.386 fp=1e7d4d6ca50459e0 | before Nonep/Noneb after Nonep/Noneb cap=None maxDisp=None moved=None resid=None | 
   ~ pairs=1 bnd=0 comp=1 maxComp=2 /7 ej=2 /7 att=True matDef=None orders=2/2 swaps=0 cRep=1 cRef=0 | acceptedAnchorLocal=1 acceptedOrientation=0 acceptedStation=0 acceptedVacated=2 candidates=16872 finalists=0 rows=4218 variants=148
-- r6 flatten 0.004: depth 156.385000000, 1 moved
[    2.2s] r6-flat0.004-m33-p0.05: mode=33 exactValid=True contractValid=True depth=156.389 raw=156.389 parent=156.385 fp=24b25cbea521d2af | before Nonep/Noneb after Nonep/Noneb cap=None maxDisp=None moved=None resid=None | 
   ~ pairs=1 bnd=0 comp=1 maxComp=2 /7 ej=2 /7 att=True matDef=None orders=2/2 swaps=0 cRep=1 cRef=0 | acceptedAnchorLocal=1 acceptedOrientation=0 acceptedStation=0 acceptedVacated=2 candidates=16872 finalists=0 rows=4218 variants=148
[    2.1s] r6-flat0.004-m33-p2.0: mode=33 exactValid=True contractValid=True depth=156.389 raw=156.389 parent=156.385 fp=24b25cbea521d2af | before Nonep/Noneb after Nonep/Noneb cap=None maxDisp=None moved=None resid=None | 
   ~ pairs=1 bnd=0 comp=1 maxComp=2 /7 ej=2 /7 att=True matDef=None orders=2/2 swaps=0 cRep=1 cRef=0 | acceptedAnchorLocal=1 acceptedOrientation=0 acceptedStation=0 acceptedVacated=2 candidates=16872 finalists=0 rows=4218 variants=148
-- r6 flatten 0.01: depth 156.379000000, 2 moved
[    2.2s] r6-flat0.01-m33-p0.05: mode=33 exactValid=True contractValid=True depth=156.389 raw=156.389 parent=156.379 fp=a033dc5b6e1f5a93 | before Nonep/Noneb after Nonep/Noneb cap=None maxDisp=None moved=None resid=None | 
   ~ pairs=2 bnd=0 comp=2 maxComp=2 /7 ej=4 /7 att=True matDef=0.0029999999999432703 orders=4/4 swaps=0 cRep=2 cRef=0 | acceptedAnchorLocal=1 acceptedAngles=[('c5135087-12f0-44f9-bd91-4bcf67affd8b-copy-1', 20.3125, 0.3125, False)] acceptedOrientation=1 acceptedStation=0 acceptedVacated=4 candidates=27232 finalists=4 rows=9632 variants=296
[    2.2s] r6-flat0.01-m33-p2.0: mode=33 exactValid=True contractValid=True depth=156.389 raw=156.389 parent=156.379 fp=a033dc5b6e1f5a93 | before Nonep/Noneb after Nonep/Noneb cap=None maxDisp=None moved=None resid=None | 
   ~ pairs=2 bnd=0 comp=2 maxComp=2 /7 ej=4 /7 att=True matDef=0.0029999999999432703 orders=4/4 swaps=0 cRep=2 cRef=0 | acceptedAnchorLocal=1 acceptedAngles=[('c5135087-12f0-44f9-bd91-4bcf67affd8b-copy-1', 20.3125, 0.3125, False)] acceptedOrientation=1 acceptedStation=0 acceptedVacated=4 candidates=27232 finalists=4 rows=9632 variants=296
[    2.1s] r6-m31-e0.006: mode=31 exactValid=True contractValid=True depth=156.382 raw=156.382 parent=156.389 fp=360072a7aaa1c0d9 | before 0p/1b after 0p/0b cap=0.11199999999962529 maxDisp=0.01414213562373095 moved=6 resid=0.0003956439122516256 | 
*** ADOPT [C-m31] r6-m31-e0.006: 156.389 -> 156.382 (delta -0.007000000)
    pin=/var/lib/t3/tmp/recordline/fsline2/pins/pin-156.382000000.json sha256=caca56c598ac1409abe0329dd69ba9ebd3f1ba47ac2d27db4995cf048a6a3710 fp=360072a7aaa1c0d9ff9c8d1e672ea26544a40cef50b57550a8a0e99d894b762f
[    4.8s] r7-m22-p0.8-s0: mode=22 exactValid=True contractValid=True depth=156.38 raw=156.38 parent=156.382 fp=8eefde614961ba97 | before Nonep/Noneb after Nonep/Noneb cap=None maxDisp=None moved=None resid=None | 
*** ADOPT [A-m22] r7-m22-p0.8-s0: 156.382 -> 156.38 (delta -0.002000000)
    pin=/var/lib/t3/tmp/recordline/fsline2/pins/pin-156.380000000.json sha256=154b13ca3f5a28bac3448033c53d8195215ac0a8c689045fa0f03c09c1adc6e5 fp=8eefde614961ba975362378ce25c45b035b353b68f429959c08dece808a5a3c2
[    3.4s] r8-m22-p0.8-s0: mode=22 exactValid=True contractValid=True depth=156.38 raw=156.38 parent=156.38 fp=8eefde614961ba97 | before Nonep/Noneb after Nonep/Noneb cap=None maxDisp=None moved=None resid=None | 
[    3.2s] r8-m22-p0.8-s1: mode=22 exactValid=True contractValid=True depth=156.38 raw=156.38 parent=156.38 fp=8eefde614961ba97 | before Nonep/Noneb after Nonep/Noneb cap=None maxDisp=None moved=None resid=None | 
[    3.6s] r8-m22-p0.8-s2: mode=22 exactValid=True contractValid=True depth=156.38 raw=156.38 parent=156.38 fp=8eefde614961ba97 | before Nonep/Noneb after Nonep/Noneb cap=None maxDisp=None moved=None resid=None | 
[    3.1s] r8-m22-p0.8-s3: mode=22 exactValid=True contractValid=True depth=156.38 raw=156.38 parent=156.38 fp=8eefde614961ba97 | before Nonep/Noneb after Nonep/Noneb cap=None maxDisp=None moved=None resid=None | 
[    3.8s] r8-m22-p0.8-s4: mode=22 exactValid=True contractValid=True depth=156.38 raw=156.38 parent=156.38 fp=8eefde614961ba97 | before Nonep/Noneb after Nonep/Noneb cap=None maxDisp=None moved=None resid=None | 
[    3.1s] r8-m22-p0.8-s5: mode=22 exactValid=True contractValid=True depth=156.38 raw=156.38 parent=156.38 fp=8eefde614961ba97 | before Nonep/Noneb after Nonep/Noneb cap=None maxDisp=None moved=None resid=None | 
[    3.2s] r8-m22-p0.8-s6: mode=22 exactValid=True contractValid=True depth=156.38 raw=156.38 parent=156.38 fp=8eefde614961ba97 | before Nonep/Noneb after Nonep/Noneb cap=None maxDisp=None moved=None resid=None | 
[    3.4s] r8-m22-p0.8-s7: mode=22 exactValid=True contractValid=True depth=156.38 raw=156.38 parent=156.38 fp=8eefde614961ba97 | before Nonep/Noneb after Nonep/Noneb cap=None maxDisp=None moved=None resid=None | 
[    3.4s] r8-m22-p0.3-s0: mode=22 exactValid=True contractValid=True depth=156.38 raw=156.38 parent=156.38 fp=8eefde614961ba97 | before Nonep/Noneb after Nonep/Noneb cap=None maxDisp=None moved=None resid=None | 
[    3.3s] r8-m22-p0.3-s1: mode=22 exactValid=True contractValid=True depth=156.38 raw=156.38 parent=156.38 fp=8eefde614961ba97 | before Nonep/Noneb after Nonep/Noneb cap=None maxDisp=None moved=None resid=None | 
[    3.8s] r8-m22-p0.3-s2: mode=22 exactValid=True contractValid=True depth=156.38 raw=156.38 parent=156.38 fp=8eefde614961ba97 | before Nonep/Noneb after Nonep/Noneb cap=None maxDisp=None moved=None resid=None | 
[    3.4s] r8-m22-p0.3-s3: mode=22 exactValid=True contractValid=True depth=156.38 raw=156.38 parent=156.38 fp=8eefde614961ba97 | before Nonep/Noneb after Nonep/Noneb cap=None maxDisp=None moved=None resid=None | 
[    3.9s] r8-m22-p0.3-s4: mode=22 exactValid=True contractValid=True depth=156.38 raw=156.38 parent=156.38 fp=8eefde614961ba97 | before Nonep/Noneb after Nonep/Noneb cap=None maxDisp=None moved=None resid=None | 
[    3.2s] r8-m22-p0.3-s5: mode=22 exactValid=True contractValid=True depth=156.38 raw=156.38 parent=156.38 fp=8eefde614961ba97 | before Nonep/Noneb after Nonep/Noneb cap=None maxDisp=None moved=None resid=None | 
[    3.4s] r8-m22-p0.3-s6: mode=22 exactValid=True contractValid=True depth=156.38 raw=156.38 parent=156.38 fp=8eefde614961ba97 | before Nonep/Noneb after Nonep/Noneb cap=None maxDisp=None moved=None resid=None | 
[    3.6s] r8-m22-p0.3-s7: mode=22 exactValid=True contractValid=True depth=156.38 raw=156.38 parent=156.38 fp=8eefde614961ba97 | before Nonep/Noneb after Nonep/Noneb cap=None maxDisp=None moved=None resid=None | 
[    3.6s] r8-m22-p2.0-s0: mode=22 exactValid=True contractValid=True depth=156.38 raw=156.38 parent=156.38 fp=8eefde614961ba97 | before Nonep/Noneb after Nonep/Noneb cap=None maxDisp=None moved=None resid=None | 
[    3.3s] r8-m22-p2.0-s1: mode=22 exactValid=True contractValid=True depth=156.38 raw=156.38 parent=156.38 fp=8eefde614961ba97 | before Nonep/Noneb after Nonep/Noneb cap=None maxDisp=None moved=None resid=None | 
[    3.7s] r8-m22-p2.0-s2: mode=22 exactValid=True contractValid=True depth=156.38 raw=156.38 parent=156.38 fp=8eefde614961ba97 | before Nonep/Noneb after Nonep/Noneb cap=None maxDisp=None moved=None resid=None | 
[    3.3s] r8-m22-p2.0-s3: mode=22 exactValid=True contractValid=True depth=156.38 raw=156.38 parent=156.38 fp=8eefde614961ba97 | before Nonep/Noneb after Nonep/Noneb cap=None maxDisp=None moved=None resid=None | 
[    4.0s] r8-m22-p2.0-s4: mode=22 exactValid=True contractValid=True depth=156.38 raw=156.38 parent=156.38 fp=8eefde614961ba97 | before Nonep/Noneb after Nonep/Noneb cap=None maxDisp=None moved=None resid=None | 
[    3.1s] r8-m22-p2.0-s5: mode=22 exactValid=True contractValid=True depth=156.38 raw=156.38 parent=156.38 fp=8eefde614961ba97 | before Nonep/Noneb after Nonep/Noneb cap=None maxDisp=None moved=None resid=None | 
[    3.3s] r8-m22-p2.0-s6: mode=22 exactValid=True contractValid=True depth=156.38 raw=156.38 parent=156.38 fp=8eefde614961ba97 | before Nonep/Noneb after Nonep/Noneb cap=None maxDisp=None moved=None resid=None | 
[    3.5s] r8-m22-p2.0-s7: mode=22 exactValid=True contractValid=True depth=156.38 raw=156.38 parent=156.38 fp=8eefde614961ba97 | before Nonep/Noneb after Nonep/Noneb cap=None maxDisp=None moved=None resid=None | 
[   22.6s] r8-m34-w20-s0.25-s5: mode=34 exactValid=True contractValid=True depth=156.38 raw=156.38 parent=156.38 fp=8eefde614961ba97 | before Nonep/Noneb after Nonep/Noneb cap=None maxDisp=None moved=None resid=None |   spec=past=1,work=20000000,step=0.25
   schedule {"candidateQueries": 20004312, "confirmEvery": 4, "confirmationMs": 0.0, "confirmationsAccepted": 0, "confirmationsAttempted": 0, "confirmationsRefused": 0, "confirmationsSkippedInfeasible": 3984, "continuePastBound": true, "exactPairTests": 0, "exitCause": "workCap", "finalDepthMm": 155.38425, "floorDepthMm": 156.381, "microLegalizationsAccepted": 0, "microLegalizationsAttempted": 0, "parentBoundaryViolations": 1, "parentCollisionPairs": 42, "parentProxyFeasible": false, "repairMs": 20596.673358000022, "rollbackAfterSteps": 0, "rollbacks": 0, "startDepthMm": 156.381, "stepMm": 0.00025, "stepsPlanned": 1200, "stepsTaken": 3987, "sweepsPerStep": 6, "sweepsRun": 23922, "targetDepthMm": 156.081, "workCapQueries": 20000000, "workUnits": 20004312}
[   22.9s] r8-m34-w20-s1-s5: mode=34 exactValid=True contractValid=True depth=156.38 raw=156.38 parent=156.38 fp=8eefde614961ba97 | before Nonep/Noneb after Nonep/Noneb cap=None maxDisp=None moved=None resid=None |   spec=past=1,work=20000000,step=1
   schedule {"candidateQueries": 20011222, "confirmEvery": 4, "confirmationMs": 0.0, "confirmationsAccepted": 0, "confirmationsAttempted": 0, "confirmationsRefused": 0, "confirmationsSkippedInfeasible": 2544, "continuePastBound": true, "exactPairTests": 0, "exitCause": "workCap", "finalDepthMm": 153.834, "floorDepthMm": 156.381, "microLegalizationsAccepted": 0, "microLegalizationsAttempted": 0, "parentBoundaryViolations": 1, "parentCollisionPairs": 42, "parentProxyFeasible": false, "repairMs": 20984.327817000005, "rollbackAfterSteps": 0, "rollbacks": 0, "startDepthMm": 156.381, "stepMm": 0.001, "stepsPlanned": 300, "stepsTaken": 2547, "sweepsPerStep": 6, "sweepsRun": 15282, "targetDepthMm": 156.081, "workCapQueries": 20000000, "workUnits": 20011222}
[   24.1s] r8-m34-w20-s0.5-s5: mode=34 exactValid=True contractValid=True depth=156.38 raw=156.38 parent=156.38 fp=8eefde614961ba97 | before Nonep/Noneb after Nonep/Noneb cap=None maxDisp=None moved=None resid=None |   spec=past=1,work=20000000,step=0.5
   schedule {"candidateQueries": 20004918, "confirmEvery": 4, "confirmationMs": 0.0, "confirmationsAccepted": 0, "confirmationsAttempted": 0, "confirmationsRefused": 0, "confirmationsSkippedInfeasible": 2775, "continuePastBound": true, "exactPairTests": 0, "exitCause": "workCap", "finalDepthMm": 154.992, "floorDepthMm": 156.381, "microLegalizationsAccepted": 0, "microLegalizationsAttempted": 0, "parentBoundaryViolations": 1, "parentCollisionPairs": 42, "parentProxyFeasible": false, "repairMs": 22028.174525999995, "rollbackAfterSteps": 0, "rollbacks": 0, "startDepthMm": 156.381, "stepMm": 0.0005, "stepsPlanned": 600, "stepsTaken": 2778, "sweepsPerStep": 6, "sweepsRun": 16668, "targetDepthMm": 156.081, "workCapQueries": 20000000, "workUnits": 20004918}
[   23.5s] r8-m34-w20-s0.1-s5: mode=34 exactValid=True contractValid=True depth=156.37 raw=156.37 parent=156.38 fp=81200655284e8b82 | before Nonep/Noneb after Nonep/Noneb cap=None maxDisp=None moved=None resid=None |   spec=past=1,work=20000000,step=0.1
   schedule {"candidateQueries": 19989800, "confirmEvery": 4, "confirmationMs": 10.313687999999999, "confirmationsAccepted": 2, "confirmationsAttempted": 2, "confirmationsRefused": 0, "confirmationsSkippedInfeasible": 3929, "continuePastBound": true, "exactPairTests": 3660, "exitCause": "workCap", "finalDepthMm": 155.98699999997706, "floorDepthMm": 156.37129999999942, "microLegalizationsAccepted": 0, "microLegalizationsAttempted": 0, "parentBoundaryViolations": 1, "parentCollisionPairs": 42, "parentProxyFeasible": false, "repairMs": 21517.01433599995, "rollbackAfterSteps": 0, "rollbacks": 0, "startDepthMm": 156.381, "stepMm": 0.0001, "stepsPlanned": 3000, "stepsTaken": 3940, "sweepsPerStep": 6, "sweepsRun": 23606, "targetDepthMm": 156.081, "workCapQueries": 20000000, "workUnits": 20008100}
*** ADOPT [E-m34] r8-m34-w20-s0.1-s5: 156.38 -> 156.37 (delta -0.010000000)
    pin=/var/lib/t3/tmp/recordline/fsline2/pins/pin-156.370000000.json sha256=d7f8ef12f16ed2ae4072ee519a41f6805d053c1757eb96eeed55fbad4a290293 fp=81200655284e8b827baf0ca7acfc37741044a1a27c12956ed3c1280d3fe4a29a
[    5.1s] r9-m22-p0.8-s0: mode=22 exactValid=True contractValid=True depth=156.15 raw=156.14992679372747 parent=156.37 fp=a681a6cf95e2b80d | before Nonep/Noneb after Nonep/Noneb cap=None maxDisp=None moved=None resid=None | 
*** ADOPT [A-m22] r9-m22-p0.8-s0: 156.37 -> 156.14992679372747 (delta -0.220073206)
    pin=/var/lib/t3/tmp/recordline/fsline2/pins/pin-156.149926794.json sha256=d0d9fd0e7f049779177a707a17f8fece89c803883ef63cfd39f0c31d7644d5bc fp=a681a6cf95e2b80d62c78a60db37ded9da6bd37fbb29882d5b37b7812c55afa9
[    3.7s] r10-m22-p0.8-s0: mode=22 exactValid=True contractValid=True depth=156.15 raw=156.14992679372747 parent=156.15 fp=a681a6cf95e2b80d | before Nonep/Noneb after Nonep/Noneb cap=None maxDisp=None moved=None resid=None | 
[    3.3s] r10-m22-p0.8-s1: mode=22 exactValid=True contractValid=True depth=156.15 raw=156.14992679372747 parent=156.15 fp=a681a6cf95e2b80d | before Nonep/Noneb after Nonep/Noneb cap=None maxDisp=None moved=None resid=None | 
[    3.6s] r10-m22-p0.8-s2: mode=22 exactValid=True contractValid=True depth=156.15 raw=156.14992679372747 parent=156.15 fp=a681a6cf95e2b80d | before Nonep/Noneb after Nonep/Noneb cap=None maxDisp=None moved=None resid=None | 
[    3.2s] r10-m22-p0.8-s3: mode=22 exactValid=True contractValid=True depth=156.15 raw=156.14992679372747 parent=156.15 fp=a681a6cf95e2b80d | before Nonep/Noneb after Nonep/Noneb cap=None maxDisp=None moved=None resid=None | 
[    4.0s] r10-m22-p0.8-s4: mode=22 exactValid=True contractValid=True depth=156.15 raw=156.14992679372747 parent=156.15 fp=a681a6cf95e2b80d | before Nonep/Noneb after Nonep/Noneb cap=None maxDisp=None moved=None resid=None | 
[    3.3s] r10-m22-p0.8-s5: mode=22 exactValid=True contractValid=True depth=156.15 raw=156.14992679372747 parent=156.15 fp=a681a6cf95e2b80d | before Nonep/Noneb after Nonep/Noneb cap=None maxDisp=None moved=None resid=None | 
[    3.2s] r10-m22-p0.8-s6: mode=22 exactValid=True contractValid=True depth=156.15 raw=156.14992679372747 parent=156.15 fp=a681a6cf95e2b80d | before Nonep/Noneb after Nonep/Noneb cap=None maxDisp=None moved=None resid=None | 
[    3.5s] r10-m22-p0.8-s7: mode=22 exactValid=True contractValid=True depth=156.15 raw=156.14992679372747 parent=156.15 fp=a681a6cf95e2b80d | before Nonep/Noneb after Nonep/Noneb cap=None maxDisp=None moved=None resid=None | 
[    3.7s] r10-m22-p0.3-s0: mode=22 exactValid=True contractValid=True depth=156.15 raw=156.14992679372747 parent=156.15 fp=a681a6cf95e2b80d | before Nonep/Noneb after Nonep/Noneb cap=None maxDisp=None moved=None resid=None | 
[    3.3s] r10-m22-p0.3-s1: mode=22 exactValid=True contractValid=True depth=156.15 raw=156.14992679372747 parent=156.15 fp=a681a6cf95e2b80d | before Nonep/Noneb after Nonep/Noneb cap=None maxDisp=None moved=None resid=None | 
[    3.6s] r10-m22-p0.3-s2: mode=22 exactValid=True contractValid=True depth=156.15 raw=156.14992679372747 parent=156.15 fp=a681a6cf95e2b80d | before Nonep/Noneb after Nonep/Noneb cap=None maxDisp=None moved=None resid=None | 
[    3.1s] r10-m22-p0.3-s3: mode=22 exactValid=True contractValid=True depth=156.15 raw=156.14992679372747 parent=156.15 fp=a681a6cf95e2b80d | before Nonep/Noneb after Nonep/Noneb cap=None maxDisp=None moved=None resid=None | 
[    4.2s] r10-m22-p0.3-s4: mode=22 exactValid=True contractValid=True depth=156.15 raw=156.14992679372747 parent=156.15 fp=a681a6cf95e2b80d | before Nonep/Noneb after Nonep/Noneb cap=None maxDisp=None moved=None resid=None | 
[    3.5s] r10-m22-p0.3-s5: mode=22 exactValid=True contractValid=True depth=156.15 raw=156.14992679372747 parent=156.15 fp=a681a6cf95e2b80d | before Nonep/Noneb after Nonep/Noneb cap=None maxDisp=None moved=None resid=None | 
[    3.7s] r10-m22-p0.3-s6: mode=22 exactValid=True contractValid=True depth=156.15 raw=156.14992679372747 parent=156.15 fp=a681a6cf95e2b80d | before Nonep/Noneb after Nonep/Noneb cap=None maxDisp=None moved=None resid=None | 
[    3.4s] r10-m22-p0.3-s7: mode=22 exactValid=True contractValid=True depth=156.15 raw=156.14992679372747 parent=156.15 fp=a681a6cf95e2b80d | before Nonep/Noneb after Nonep/Noneb cap=None maxDisp=None moved=None resid=None | 
[    3.7s] r10-m22-p2.0-s0: mode=22 exactValid=True contractValid=True depth=156.15 raw=156.14992679372747 parent=156.15 fp=a681a6cf95e2b80d | before Nonep/Noneb after Nonep/Noneb cap=None maxDisp=None moved=None resid=None | 
[    3.3s] r10-m22-p2.0-s1: mode=22 exactValid=True contractValid=True depth=156.15 raw=156.14992679372747 parent=156.15 fp=a681a6cf95e2b80d | before Nonep/Noneb after Nonep/Noneb cap=None maxDisp=None moved=None resid=None | 
[    3.6s] r10-m22-p2.0-s2: mode=22 exactValid=True contractValid=True depth=156.15 raw=156.14992679372747 parent=156.15 fp=a681a6cf95e2b80d | before Nonep/Noneb after Nonep/Noneb cap=None maxDisp=None moved=None resid=None | 
[    3.0s] r10-m22-p2.0-s3: mode=22 exactValid=True contractValid=True depth=156.15 raw=156.14992679372747 parent=156.15 fp=a681a6cf95e2b80d | before Nonep/Noneb after Nonep/Noneb cap=None maxDisp=None moved=None resid=None | 
[    4.1s] r10-m22-p2.0-s4: mode=22 exactValid=True contractValid=True depth=156.15 raw=156.14992679372747 parent=156.15 fp=a681a6cf95e2b80d | before Nonep/Noneb after Nonep/Noneb cap=None maxDisp=None moved=None resid=None | 
[    3.2s] r10-m22-p2.0-s5: mode=22 exactValid=True contractValid=True depth=156.15 raw=156.14992679372747 parent=156.15 fp=a681a6cf95e2b80d | before Nonep/Noneb after Nonep/Noneb cap=None maxDisp=None moved=None resid=None | 
[    3.3s] r10-m22-p2.0-s6: mode=22 exactValid=True contractValid=True depth=156.15 raw=156.14992679372747 parent=156.15 fp=a681a6cf95e2b80d | before Nonep/Noneb after Nonep/Noneb cap=None maxDisp=None moved=None resid=None | 
[    3.4s] r10-m22-p2.0-s7: mode=22 exactValid=True contractValid=True depth=156.15 raw=156.14992679372747 parent=156.15 fp=a681a6cf95e2b80d | before Nonep/Noneb after Nonep/Noneb cap=None maxDisp=None moved=None resid=None | 
-- r10 flatten 0.0005: depth 156.149426794, 1 moved
[    2.2s] r10-flat0.0005-m33-p0.05: mode=33 exactValid=False contractValid=True depth=None raw=156.14942679372749 parent=156.149 fp= | before Nonep/Noneb after Nonep/Noneb cap=None maxDisp=None moved=None resid=None | no violating pair to target with a joint re-placement
   ~ pairs=0 bnd=0 comp=0 maxComp=0 /7 ej=0 /7 att=False matDef=None orders=0/0 swaps=0 cRep=0 cRef=0 | skip=no violating pair to target with a joint re-placement
[    2.2s] r10-flat0.0005-m33-p2.0: mode=33 exactValid=False contractValid=True depth=None raw=156.14942679372749 parent=156.149 fp= | before Nonep/Noneb after Nonep/Noneb cap=None maxDisp=None moved=None resid=None | no violating pair to target with a joint re-placement
   ~ pairs=0 bnd=0 comp=0 maxComp=0 /7 ej=0 /7 att=False matDef=None orders=0/0 swaps=0 cRep=0 cRef=0 | skip=no violating pair to target with a joint re-placement
-- r10 flatten 0.001: depth 156.148926794, 1 moved
[    2.2s] r10-flat0.001-m33-p0.05: mode=33 exactValid=True contractValid=True depth=156.118 raw=156.11836504906918 parent=156.149 fp=8f0438c98dc124a4 | before Nonep/Noneb after Nonep/Noneb cap=None maxDisp=None moved=None resid=None | 
   ~ pairs=1 bnd=0 comp=1 maxComp=2 /7 ej=2 /7 att=True matDef=None orders=1/2 swaps=0 cRep=1 cRef=0 | acceptedAnchorLocal=1 acceptedOrientation=0 acceptedStation=0 acceptedVacated=1 candidates=5402 finalists=1 rows=2812 variants=74
*** ADOPT [B-flat] r10-flat0.001-m33-p0.05: 156.14992679372747 -> 156.11836504906918 (delta -0.031561745)
    pin=/var/lib/t3/tmp/recordline/fsline2/pins/pin-156.118365049.json sha256=cc0926e204d39a0f9fe5a62f66c67a4af3b2d4fa26aed8ae1b26a19f33572476 fp=8f0438c98dc124a4912896c44f3a9bb5809f92c46075acd3b242df0404bd3fd6
[    3.7s] r11-m22-p0.8-s0: mode=22 exactValid=True contractValid=True depth=156.118 raw=156.11836504906918 parent=156.118 fp=8f0438c98dc124a4 | before Nonep/Noneb after Nonep/Noneb cap=None maxDisp=None moved=None resid=None | 
[    3.4s] r11-m22-p0.8-s1: mode=22 exactValid=True contractValid=True depth=156.118 raw=156.11836504906918 parent=156.118 fp=8f0438c98dc124a4 | before Nonep/Noneb after Nonep/Noneb cap=None maxDisp=None moved=None resid=None | 
[    3.6s] r11-m22-p0.8-s2: mode=22 exactValid=True contractValid=True depth=156.118 raw=156.11836504906918 parent=156.118 fp=8f0438c98dc124a4 | before Nonep/Noneb after Nonep/Noneb cap=None maxDisp=None moved=None resid=None | 
[    3.2s] r11-m22-p0.8-s3: mode=22 exactValid=True contractValid=True depth=156.118 raw=156.11836504906918 parent=156.118 fp=8f0438c98dc124a4 | before Nonep/Noneb after Nonep/Noneb cap=None maxDisp=None moved=None resid=None | 
[    4.1s] r11-m22-p0.8-s4: mode=22 exactValid=True contractValid=True depth=156.118 raw=156.11836504906918 parent=156.118 fp=8f0438c98dc124a4 | before Nonep/Noneb after Nonep/Noneb cap=None maxDisp=None moved=None resid=None | 
[    3.4s] r11-m22-p0.8-s5: mode=22 exactValid=True contractValid=True depth=156.118 raw=156.11836504906918 parent=156.118 fp=8f0438c98dc124a4 | before Nonep/Noneb after Nonep/Noneb cap=None maxDisp=None moved=None resid=None | 
[    3.4s] r11-m22-p0.8-s6: mode=22 exactValid=True contractValid=True depth=156.118 raw=156.11836504906918 parent=156.118 fp=8f0438c98dc124a4 | before Nonep/Noneb after Nonep/Noneb cap=None maxDisp=None moved=None resid=None | 
[    3.5s] r11-m22-p0.8-s7: mode=22 exactValid=True contractValid=True depth=156.118 raw=156.11836504906918 parent=156.118 fp=8f0438c98dc124a4 | before Nonep/Noneb after Nonep/Noneb cap=None maxDisp=None moved=None resid=None | 
[    3.7s] r11-m22-p0.3-s0: mode=22 exactValid=True contractValid=True depth=156.118 raw=156.11836504906918 parent=156.118 fp=8f0438c98dc124a4 | before Nonep/Noneb after Nonep/Noneb cap=None maxDisp=None moved=None resid=None | 
[    3.4s] r11-m22-p0.3-s1: mode=22 exactValid=True contractValid=True depth=156.118 raw=156.11836504906918 parent=156.118 fp=8f0438c98dc124a4 | before Nonep/Noneb after Nonep/Noneb cap=None maxDisp=None moved=None resid=None | 
[    3.6s] r11-m22-p0.3-s2: mode=22 exactValid=True contractValid=True depth=156.118 raw=156.11836504906918 parent=156.118 fp=8f0438c98dc124a4 | before Nonep/Noneb after Nonep/Noneb cap=None maxDisp=None moved=None resid=None | 
[    3.2s] r11-m22-p0.3-s3: mode=22 exactValid=True contractValid=True depth=156.118 raw=156.11836504906918 parent=156.118 fp=8f0438c98dc124a4 | before Nonep/Noneb after Nonep/Noneb cap=None maxDisp=None moved=None resid=None | 
[    4.0s] r11-m22-p0.3-s4: mode=22 exactValid=True contractValid=True depth=156.118 raw=156.11836504906918 parent=156.118 fp=8f0438c98dc124a4 | before Nonep/Noneb after Nonep/Noneb cap=None maxDisp=None moved=None resid=None | 
[    3.3s] r11-m22-p0.3-s5: mode=22 exactValid=True contractValid=True depth=156.118 raw=156.11836504906918 parent=156.118 fp=8f0438c98dc124a4 | before Nonep/Noneb after Nonep/Noneb cap=None maxDisp=None moved=None resid=None | 
[    3.2s] r11-m22-p0.3-s6: mode=22 exactValid=True contractValid=True depth=156.118 raw=156.11836504906918 parent=156.118 fp=8f0438c98dc124a4 | before Nonep/Noneb after Nonep/Noneb cap=None maxDisp=None moved=None resid=None | 
[    3.5s] r11-m22-p0.3-s7: mode=22 exactValid=True contractValid=True depth=156.118 raw=156.11836504906918 parent=156.118 fp=8f0438c98dc124a4 | before Nonep/Noneb after Nonep/Noneb cap=None maxDisp=None moved=None resid=None | 
[    3.8s] r11-m22-p2.0-s0: mode=22 exactValid=True contractValid=True depth=156.118 raw=156.11836504906918 parent=156.118 fp=8f0438c98dc124a4 | before Nonep/Noneb after Nonep/Noneb cap=None maxDisp=None moved=None resid=None | 
[    3.4s] r11-m22-p2.0-s1: mode=22 exactValid=True contractValid=True depth=156.118 raw=156.11836504906918 parent=156.118 fp=8f0438c98dc124a4 | before Nonep/Noneb after Nonep/Noneb cap=None maxDisp=None moved=None resid=None | 
[    3.6s] r11-m22-p2.0-s2: mode=22 exactValid=True contractValid=True depth=156.118 raw=156.11836504906918 parent=156.118 fp=8f0438c98dc124a4 | before Nonep/Noneb after Nonep/Noneb cap=None maxDisp=None moved=None resid=None | 
[    3.1s] r11-m22-p2.0-s3: mode=22 exactValid=True contractValid=True depth=156.118 raw=156.11836504906918 parent=156.118 fp=8f0438c98dc124a4 | before Nonep/Noneb after Nonep/Noneb cap=None maxDisp=None moved=None resid=None | 
[    4.1s] r11-m22-p2.0-s4: mode=22 exactValid=True contractValid=True depth=156.118 raw=156.11836504906918 parent=156.118 fp=8f0438c98dc124a4 | before Nonep/Noneb after Nonep/Noneb cap=None maxDisp=None moved=None resid=None | 
[    3.4s] r11-m22-p2.0-s5: mode=22 exactValid=True contractValid=True depth=156.118 raw=156.11836504906918 parent=156.118 fp=8f0438c98dc124a4 | before Nonep/Noneb after Nonep/Noneb cap=None maxDisp=None moved=None resid=None | 
[    3.3s] r11-m22-p2.0-s6: mode=22 exactValid=True contractValid=True depth=156.118 raw=156.11836504906918 parent=156.118 fp=8f0438c98dc124a4 | before Nonep/Noneb after Nonep/Noneb cap=None maxDisp=None moved=None resid=None | 
[    3.8s] r11-m22-p2.0-s7: mode=22 exactValid=True contractValid=True depth=156.118 raw=156.11836504906918 parent=156.118 fp=8f0438c98dc124a4 | before Nonep/Noneb after Nonep/Noneb cap=None maxDisp=None moved=None resid=None | 
-- r11 flatten 0.0005: depth 156.117865049, 1 moved
[    2.2s] r11-flat0.0005-m33-p0.05: mode=33 exactValid=False contractValid=True depth=None raw=156.1178650490692 parent=156.118 fp= | before Nonep/Noneb after Nonep/Noneb cap=None maxDisp=None moved=None resid=None | no violating pair to target with a joint re-placement
   ~ pairs=0 bnd=0 comp=0 maxComp=0 /7 ej=0 /7 att=False matDef=None orders=0/0 swaps=0 cRep=0 cRef=0 | skip=no violating pair to target with a joint re-placement
[    2.2s] r11-flat0.0005-m33-p2.0: mode=33 exactValid=False contractValid=True depth=None raw=156.1178650490692 parent=156.118 fp= | before Nonep/Noneb after Nonep/Noneb cap=None maxDisp=None moved=None resid=None | no violating pair to target with a joint re-placement
   ~ pairs=0 bnd=0 comp=0 maxComp=0 /7 ej=0 /7 att=False matDef=None orders=0/0 swaps=0 cRep=0 cRef=0 | skip=no violating pair to target with a joint re-placement
-- r11 flatten 0.001: depth 156.117365049, 1 moved
[    2.2s] r11-flat0.001-m33-p0.05: mode=33 exactValid=True contractValid=True depth=156.117 raw=156.11736504906918 parent=156.117 fp=b6868781a3af3482 | before Nonep/Noneb after Nonep/Noneb cap=None maxDisp=None moved=None resid=None | 
   ~ pairs=1 bnd=0 comp=1 maxComp=2 /7 ej=2 /7 att=True matDef=None orders=2/2 swaps=0 cRep=1 cRef=0 | acceptedAnchorLocal=1 acceptedOrientation=0 acceptedStation=0 acceptedVacated=2 candidates=10360 finalists=2 rows=2593 variants=148
*** ADOPT [B-flat] r11-flat0.001-m33-p0.05: 156.11836504906918 -> 156.11736504906918 (delta -0.001000000)
    pin=/var/lib/t3/tmp/recordline/fsline2/pins/pin-156.117365049.json sha256=c7e16ec434229fc43fa35dcfae259336deacfc1be1998e8b7297992bce0e4fe2 fp=b6868781a3af348284f6436b0c048b05181fc0e7f5d063654e84203b4db69c6b
[    5.0s] r12-m22-p0.8-s0: mode=22 exactValid=True contractValid=True depth=156.114 raw=156.11436504906916 parent=156.117 fp=d7ede23a8b4dd97f | before Nonep/Noneb after Nonep/Noneb cap=None maxDisp=None moved=None resid=None | 
*** ADOPT [A-m22] r12-m22-p0.8-s0: 156.11736504906918 -> 156.11436504906916 (delta -0.003000000)
    pin=/var/lib/t3/tmp/recordline/fsline2/pins/pin-156.114365049.json sha256=080e7b0e338e2c2e50a6ee30551c68c0c5e52faf54ffe19c9f31ffcf2f32f534 fp=d7ede23a8b4dd97f1b6b11c86afe864e0e3884519ea435220e6f1388c03ae164
[    3.6s] r13-m22-p0.8-s0: mode=22 exactValid=True contractValid=True depth=156.114 raw=156.11436504906916 parent=156.114 fp=d7ede23a8b4dd97f | before Nonep/Noneb after Nonep/Noneb cap=None maxDisp=None moved=None resid=None | 
[    3.5s] r13-m22-p0.8-s1: mode=22 exactValid=True contractValid=True depth=156.114 raw=156.11436504906916 parent=156.114 fp=d7ede23a8b4dd97f | before Nonep/Noneb after Nonep/Noneb cap=None maxDisp=None moved=None resid=None | 
[    3.7s] r13-m22-p0.8-s2: mode=22 exactValid=True contractValid=True depth=156.114 raw=156.11436504906916 parent=156.114 fp=d7ede23a8b4dd97f | before Nonep/Noneb after Nonep/Noneb cap=None maxDisp=None moved=None resid=None | 
[    3.3s] r13-m22-p0.8-s3: mode=22 exactValid=True contractValid=True depth=156.114 raw=156.11436504906916 parent=156.114 fp=d7ede23a8b4dd97f | before Nonep/Noneb after Nonep/Noneb cap=None maxDisp=None moved=None resid=None | 
[    4.3s] r13-m22-p0.8-s4: mode=22 exactValid=True contractValid=True depth=156.114 raw=156.11436504906916 parent=156.114 fp=d7ede23a8b4dd97f | before Nonep/Noneb after Nonep/Noneb cap=None maxDisp=None moved=None resid=None | 
[    3.2s] r13-m22-p0.8-s5: mode=22 exactValid=True contractValid=True depth=156.114 raw=156.11436504906916 parent=156.114 fp=d7ede23a8b4dd97f | before Nonep/Noneb after Nonep/Noneb cap=None maxDisp=None moved=None resid=None | 
[    3.2s] r13-m22-p0.8-s6: mode=22 exactValid=True contractValid=True depth=156.114 raw=156.11436504906916 parent=156.114 fp=d7ede23a8b4dd97f | before Nonep/Noneb after Nonep/Noneb cap=None maxDisp=None moved=None resid=None | 
[    3.6s] r13-m22-p0.8-s7: mode=22 exactValid=True contractValid=True depth=156.114 raw=156.11436504906916 parent=156.114 fp=d7ede23a8b4dd97f | before Nonep/Noneb after Nonep/Noneb cap=None maxDisp=None moved=None resid=None | 
[    3.6s] r13-m22-p0.3-s0: mode=22 exactValid=True contractValid=True depth=156.114 raw=156.11436504906916 parent=156.114 fp=d7ede23a8b4dd97f | before Nonep/Noneb after Nonep/Noneb cap=None maxDisp=None moved=None resid=None | 
[    3.4s] r13-m22-p0.3-s1: mode=22 exactValid=True contractValid=True depth=156.114 raw=156.11436504906916 parent=156.114 fp=d7ede23a8b4dd97f | before Nonep/Noneb after Nonep/Noneb cap=None maxDisp=None moved=None resid=None | 
[    3.8s] r13-m22-p0.3-s2: mode=22 exactValid=True contractValid=True depth=156.114 raw=156.11436504906916 parent=156.114 fp=d7ede23a8b4dd97f | before Nonep/Noneb after Nonep/Noneb cap=None maxDisp=None moved=None resid=None | 
[    3.3s] r13-m22-p0.3-s3: mode=22 exactValid=True contractValid=True depth=156.114 raw=156.11436504906916 parent=156.114 fp=d7ede23a8b4dd97f | before Nonep/Noneb after Nonep/Noneb cap=None maxDisp=None moved=None resid=None | 
[    4.3s] r13-m22-p0.3-s4: mode=22 exactValid=True contractValid=True depth=156.114 raw=156.11436504906916 parent=156.114 fp=d7ede23a8b4dd97f | before Nonep/Noneb after Nonep/Noneb cap=None maxDisp=None moved=None resid=None | 
[    3.3s] r13-m22-p0.3-s5: mode=22 exactValid=True contractValid=True depth=156.114 raw=156.11436504906916 parent=156.114 fp=d7ede23a8b4dd97f | before Nonep/Noneb after Nonep/Noneb cap=None maxDisp=None moved=None resid=None | 
[    3.3s] r13-m22-p0.3-s6: mode=22 exactValid=True contractValid=True depth=156.114 raw=156.11436504906916 parent=156.114 fp=d7ede23a8b4dd97f | before Nonep/Noneb after Nonep/Noneb cap=None maxDisp=None moved=None resid=None | 
[    3.6s] r13-m22-p0.3-s7: mode=22 exactValid=True contractValid=True depth=156.114 raw=156.11436504906916 parent=156.114 fp=d7ede23a8b4dd97f | before Nonep/Noneb after Nonep/Noneb cap=None maxDisp=None moved=None resid=None | 
[    3.6s] r13-m22-p2.0-s0: mode=22 exactValid=True contractValid=True depth=156.114 raw=156.11436504906916 parent=156.114 fp=d7ede23a8b4dd97f | before Nonep/Noneb after Nonep/Noneb cap=None maxDisp=None moved=None resid=None | 
[    3.5s] r13-m22-p2.0-s1: mode=22 exactValid=True contractValid=True depth=156.114 raw=156.11436504906916 parent=156.114 fp=d7ede23a8b4dd97f | before Nonep/Noneb after Nonep/Noneb cap=None maxDisp=None moved=None resid=None | 
[    3.7s] r13-m22-p2.0-s2: mode=22 exactValid=True contractValid=True depth=156.114 raw=156.11436504906916 parent=156.114 fp=d7ede23a8b4dd97f | before Nonep/Noneb after Nonep/Noneb cap=None maxDisp=None moved=None resid=None | 
[    3.2s] r13-m22-p2.0-s3: mode=22 exactValid=True contractValid=True depth=156.114 raw=156.11436504906916 parent=156.114 fp=d7ede23a8b4dd97f | before Nonep/Noneb after Nonep/Noneb cap=None maxDisp=None moved=None resid=None | 
[    4.3s] r13-m22-p2.0-s4: mode=22 exactValid=True contractValid=True depth=156.114 raw=156.11436504906916 parent=156.114 fp=d7ede23a8b4dd97f | before Nonep/Noneb after Nonep/Noneb cap=None maxDisp=None moved=None resid=None | 
[    3.2s] r13-m22-p2.0-s5: mode=22 exactValid=True contractValid=True depth=156.114 raw=156.11436504906916 parent=156.114 fp=d7ede23a8b4dd97f | before Nonep/Noneb after Nonep/Noneb cap=None maxDisp=None moved=None resid=None | 
[    3.3s] r13-m22-p2.0-s6: mode=22 exactValid=True contractValid=True depth=156.114 raw=156.11436504906916 parent=156.114 fp=d7ede23a8b4dd97f | before Nonep/Noneb after Nonep/Noneb cap=None maxDisp=None moved=None resid=None | 
[    3.5s] r13-m22-p2.0-s7: mode=22 exactValid=True contractValid=True depth=156.114 raw=156.11436504906916 parent=156.114 fp=d7ede23a8b4dd97f | before Nonep/Noneb after Nonep/Noneb cap=None maxDisp=None moved=None resid=None | 
-- r13 flatten 0.0005: depth 156.113865049, 1 moved
[    2.2s] r13-flat0.0005-m33-p0.05: mode=33 exactValid=True contractValid=True depth=156.114 raw=156.11436504906916 parent=156.114 fp=d7ede23a8b4dd97f | before Nonep/Noneb after Nonep/Noneb cap=None maxDisp=None moved=None resid=None | 
   ~ pairs=1 bnd=0 comp=1 maxComp=2 /7 ej=2 /7 att=True matDef=None orders=1/2 swaps=0 cRep=1 cRef=0 | acceptedAnchorLocal=0 acceptedOrientation=0 acceptedStation=0 acceptedVacated=2 candidates=5180 finalists=1 rows=2590 variants=74
[    2.2s] r13-flat0.0005-m33-p2.0: mode=33 exactValid=True contractValid=True depth=156.114 raw=156.11436504906916 parent=156.114 fp=d7ede23a8b4dd97f | before Nonep/Noneb after Nonep/Noneb cap=None maxDisp=None moved=None resid=None | 
   ~ pairs=1 bnd=0 comp=1 maxComp=2 /7 ej=2 /7 att=True matDef=None orders=1/2 swaps=0 cRep=1 cRef=0 | acceptedAnchorLocal=0 acceptedOrientation=0 acceptedStation=0 acceptedVacated=2 candidates=5180 finalists=1 rows=2590 variants=74
-- r13 flatten 0.001: depth 156.113365049, 1 moved
[    2.2s] r13-flat0.001-m33-p0.05: mode=33 exactValid=True contractValid=True depth=156.116 raw=156.1162480389174 parent=156.113 fp=4e619dab79f9a324 | before Nonep/Noneb after Nonep/Noneb cap=None maxDisp=None moved=None resid=None | 
   ~ pairs=1 bnd=0 comp=1 maxComp=2 /7 ej=2 /7 att=True matDef=None orders=2/2 swaps=0 cRep=1 cRef=0 | acceptedAnchorLocal=0 acceptedAngles=[('604bc424-469c-4ab8-93f1-80c0fc4090b3-copy-3', 180.05945, 0.0032, False)] acceptedOrientation=1 acceptedStation=0 acceptedVacated=2 candidates=10360 finalists=4 rows=2708 variants=148
[    2.2s] r13-flat0.001-m33-p2.0: mode=33 exactValid=True contractValid=True depth=156.167 raw=156.1673650490692 parent=156.113 fp=b1f3d70b9d819c9f | before Nonep/Noneb after Nonep/Noneb cap=None maxDisp=None moved=None resid=None | 
   ~ pairs=1 bnd=0 comp=1 maxComp=2 /7 ej=2 /7 att=True matDef=None orders=2/2 swaps=0 cRep=1 cRef=0 | acceptedAnchorLocal=1 acceptedOrientation=0 acceptedStation=0 acceptedVacated=2 candidates=10360 finalists=0 rows=2590 variants=148
-- r13 flatten 0.002: depth 156.112365049, 1 moved
[    2.2s] r13-flat0.002-m33-p0.05: mode=33 exactValid=True contractValid=True depth=156.112 raw=156.11236504906918 parent=156.112 fp=0345341b2eb56021 | before Nonep/Noneb after Nonep/Noneb cap=None maxDisp=None moved=None resid=None | 
   ~ pairs=2 bnd=0 comp=1 maxComp=3 /7 ej=3 /7 att=True matDef=None orders=1/6 swaps=0 cRep=1 cRef=0 | acceptedAnchorLocal=2 acceptedOrientation=0 acceptedStation=0 acceptedVacated=1 candidates=14134 finalists=0 rows=0 variants=111
*** ADOPT [B-flat] r13-flat0.002-m33-p0.05: 156.11436504906916 -> 156.11236504906918 (delta -0.002000000)
    pin=/var/lib/t3/tmp/recordline/fsline2/pins/pin-156.112365049.json sha256=a15faa5dbd561201d224d0ed2b41f9333f3a2ae88d666ebfc07dd9d3bf846381 fp=0345341b2eb56021f805e90fec74c8dc9a0ff341fb507e3e5798160671a1be4e
[    3.4s] r14-m22-p0.8-s0: mode=22 exactValid=True contractValid=True depth=156.112 raw=156.11236504906918 parent=156.112 fp=0345341b2eb56021 | before Nonep/Noneb after Nonep/Noneb cap=None maxDisp=None moved=None resid=None | 
[    3.5s] r14-m22-p0.8-s1: mode=22 exactValid=True contractValid=True depth=156.112 raw=156.11236504906918 parent=156.112 fp=0345341b2eb56021 | before Nonep/Noneb after Nonep/Noneb cap=None maxDisp=None moved=None resid=None | 
[    3.6s] r14-m22-p0.8-s2: mode=22 exactValid=True contractValid=True depth=156.112 raw=156.11236504906918 parent=156.112 fp=0345341b2eb56021 | before Nonep/Noneb after Nonep/Noneb cap=None maxDisp=None moved=None resid=None | 
[    3.4s] r14-m22-p0.8-s3: mode=22 exactValid=True contractValid=True depth=156.112 raw=156.11236504906918 parent=156.112 fp=0345341b2eb56021 | before Nonep/Noneb after Nonep/Noneb cap=None maxDisp=None moved=None resid=None | 
[    4.2s] r14-m22-p0.8-s4: mode=22 exactValid=True contractValid=True depth=156.112 raw=156.11236504906918 parent=156.112 fp=0345341b2eb56021 | before Nonep/Noneb after Nonep/Noneb cap=None maxDisp=None moved=None resid=None | 
[    3.1s] r14-m22-p0.8-s5: mode=22 exactValid=True contractValid=True depth=156.112 raw=156.11236504906918 parent=156.112 fp=0345341b2eb56021 | before Nonep/Noneb after Nonep/Noneb cap=None maxDisp=None moved=None resid=None | 
[    3.2s] r14-m22-p0.8-s6: mode=22 exactValid=True contractValid=True depth=156.112 raw=156.11236504906918 parent=156.112 fp=0345341b2eb56021 | before Nonep/Noneb after Nonep/Noneb cap=None maxDisp=None moved=None resid=None | 
[    3.4s] r14-m22-p0.8-s7: mode=22 exactValid=True contractValid=True depth=156.112 raw=156.11236504906918 parent=156.112 fp=0345341b2eb56021 | before Nonep/Noneb after Nonep/Noneb cap=None maxDisp=None moved=None resid=None | 
[    3.5s] r14-m22-p0.3-s0: mode=22 exactValid=True contractValid=True depth=156.112 raw=156.11236504906918 parent=156.112 fp=0345341b2eb56021 | before Nonep/Noneb after Nonep/Noneb cap=None maxDisp=None moved=None resid=None | 
[    3.5s] r14-m22-p0.3-s1: mode=22 exactValid=True contractValid=True depth=156.112 raw=156.11236504906918 parent=156.112 fp=0345341b2eb56021 | before Nonep/Noneb after Nonep/Noneb cap=None maxDisp=None moved=None resid=None | 
[    3.7s] r14-m22-p0.3-s2: mode=22 exactValid=True contractValid=True depth=156.112 raw=156.11236504906918 parent=156.112 fp=0345341b2eb56021 | before Nonep/Noneb after Nonep/Noneb cap=None maxDisp=None moved=None resid=None | 
[    3.2s] r14-m22-p0.3-s3: mode=22 exactValid=True contractValid=True depth=156.112 raw=156.11236504906918 parent=156.112 fp=0345341b2eb56021 | before Nonep/Noneb after Nonep/Noneb cap=None maxDisp=None moved=None resid=None | 
[    4.3s] r14-m22-p0.3-s4: mode=22 exactValid=True contractValid=True depth=156.112 raw=156.11236504906918 parent=156.112 fp=0345341b2eb56021 | before Nonep/Noneb after Nonep/Noneb cap=None maxDisp=None moved=None resid=None | 
[    3.0s] r14-m22-p0.3-s5: mode=22 exactValid=True contractValid=True depth=156.112 raw=156.11236504906918 parent=156.112 fp=0345341b2eb56021 | before Nonep/Noneb after Nonep/Noneb cap=None maxDisp=None moved=None resid=None | 
[    3.3s] r14-m22-p0.3-s6: mode=22 exactValid=True contractValid=True depth=156.112 raw=156.11236504906918 parent=156.112 fp=0345341b2eb56021 | before Nonep/Noneb after Nonep/Noneb cap=None maxDisp=None moved=None resid=None | 
[    3.4s] r14-m22-p0.3-s7: mode=22 exactValid=True contractValid=True depth=156.112 raw=156.11236504906918 parent=156.112 fp=0345341b2eb56021 | before Nonep/Noneb after Nonep/Noneb cap=None maxDisp=None moved=None resid=None | 
[    3.5s] r14-m22-p2.0-s0: mode=22 exactValid=True contractValid=True depth=156.112 raw=156.11236504906918 parent=156.112 fp=0345341b2eb56021 | before Nonep/Noneb after Nonep/Noneb cap=None maxDisp=None moved=None resid=None | 
[    3.5s] r14-m22-p2.0-s1: mode=22 exactValid=True contractValid=True depth=156.112 raw=156.11236504906918 parent=156.112 fp=0345341b2eb56021 | before Nonep/Noneb after Nonep/Noneb cap=None maxDisp=None moved=None resid=None | 
[    3.6s] r14-m22-p2.0-s2: mode=22 exactValid=True contractValid=True depth=156.112 raw=156.11236504906918 parent=156.112 fp=0345341b2eb56021 | before Nonep/Noneb after Nonep/Noneb cap=None maxDisp=None moved=None resid=None | 
[    3.2s] r14-m22-p2.0-s3: mode=22 exactValid=True contractValid=True depth=156.112 raw=156.11236504906918 parent=156.112 fp=0345341b2eb56021 | before Nonep/Noneb after Nonep/Noneb cap=None maxDisp=None moved=None resid=None | 
[    4.2s] r14-m22-p2.0-s4: mode=22 exactValid=True contractValid=True depth=156.112 raw=156.11236504906918 parent=156.112 fp=0345341b2eb56021 | before Nonep/Noneb after Nonep/Noneb cap=None maxDisp=None moved=None resid=None | 
[    3.1s] r14-m22-p2.0-s5: mode=22 exactValid=True contractValid=True depth=156.112 raw=156.11236504906918 parent=156.112 fp=0345341b2eb56021 | before Nonep/Noneb after Nonep/Noneb cap=None maxDisp=None moved=None resid=None | 
[    3.4s] r14-m22-p2.0-s6: mode=22 exactValid=True contractValid=True depth=156.112 raw=156.11236504906918 parent=156.112 fp=0345341b2eb56021 | before Nonep/Noneb after Nonep/Noneb cap=None maxDisp=None moved=None resid=None | 
[    3.4s] r14-m22-p2.0-s7: mode=22 exactValid=True contractValid=True depth=156.112 raw=156.11236504906918 parent=156.112 fp=0345341b2eb56021 | before Nonep/Noneb after Nonep/Noneb cap=None maxDisp=None moved=None resid=None | 
-- r14 flatten 0.0005: depth 156.111865049, 1 moved
[    2.2s] r14-flat0.0005-m33-p0.05: mode=33 exactValid=True contractValid=True depth=156.112 raw=156.11236504906918 parent=156.112 fp=0345341b2eb56021 | before Nonep/Noneb after Nonep/Noneb cap=None maxDisp=None moved=None resid=None | 
   ~ pairs=1 bnd=0 comp=1 maxComp=2 /7 ej=2 /7 att=True matDef=None orders=1/2 swaps=0 cRep=1 cRef=0 | acceptedAnchorLocal=0 acceptedOrientation=0 acceptedStation=0 acceptedVacated=2 candidates=5180 finalists=1 rows=2590 variants=74
[    2.2s] r14-flat0.0005-m33-p2.0: mode=33 exactValid=True contractValid=True depth=156.112 raw=156.11236504906918 parent=156.112 fp=0345341b2eb56021 | before Nonep/Noneb after Nonep/Noneb cap=None maxDisp=None moved=None resid=None | 
   ~ pairs=1 bnd=0 comp=1 maxComp=2 /7 ej=2 /7 att=True matDef=None orders=1/2 swaps=0 cRep=1 cRef=0 | acceptedAnchorLocal=0 acceptedOrientation=0 acceptedStation=0 acceptedVacated=2 candidates=5180 finalists=1 rows=2590 variants=74
-- r14 flatten 0.001: depth 156.111365049, 1 moved
[    2.2s] r14-flat0.001-m33-p0.05: mode=33 exactValid=True contractValid=True depth=156.114 raw=156.1142480389174 parent=156.111 fp=551a7c58c32a3dfa | before Nonep/Noneb after Nonep/Noneb cap=None maxDisp=None moved=None resid=None | 
   ~ pairs=1 bnd=0 comp=1 maxComp=2 /7 ej=2 /7 att=True matDef=None orders=2/2 swaps=0 cRep=1 cRef=0 | acceptedAnchorLocal=0 acceptedAngles=[('604bc424-469c-4ab8-93f1-80c0fc4090b3-copy-3', 180.05945, 0.0032, False)] acceptedOrientation=1 acceptedStation=0 acceptedVacated=2 candidates=10360 finalists=4 rows=2708 variants=148
[    2.2s] r14-flat0.001-m33-p2.0: mode=33 exactValid=True contractValid=True depth=156.165 raw=156.16536504906918 parent=156.111 fp=b8d92ed323ecde96 | before Nonep/Noneb after Nonep/Noneb cap=None maxDisp=None moved=None resid=None | 
   ~ pairs=1 bnd=0 comp=1 maxComp=2 /7 ej=2 /7 att=True matDef=None orders=2/2 swaps=0 cRep=1 cRef=0 | acceptedAnchorLocal=1 acceptedOrientation=0 acceptedStation=0 acceptedVacated=2 candidates=10360 finalists=0 rows=2590 variants=148
-- r14 flatten 0.002: depth 156.110365049, 1 moved
[    2.2s] r14-flat0.002-m33-p0.05: mode=33 exactValid=True contractValid=True depth=156.11 raw=156.11036504906917 parent=156.11 fp=40e7f3c0c1a630c9 | before Nonep/Noneb after Nonep/Noneb cap=None maxDisp=None moved=None resid=None | 
   ~ pairs=1 bnd=0 comp=1 maxComp=2 /7 ej=2 /7 att=True matDef=None orders=1/2 swaps=0 cRep=1 cRef=0 | acceptedAnchorLocal=1 acceptedOrientation=0 acceptedStation=0 acceptedVacated=1 candidates=8954 finalists=1 rows=1240 variants=74
*** ADOPT [B-flat] r14-flat0.002-m33-p0.05: 156.11236504906918 -> 156.11036504906917 (delta -0.002000000)
    pin=/var/lib/t3/tmp/recordline/fsline2/pins/pin-156.110365049.json sha256=db4bd435dd0f02bbb46990018f8d610d9cd39abc7bb4f9bf4d468973fef4a4a7 fp=40e7f3c0c1a630c915b75a9bb708a60b1ea87a1c67991fc84ca0529b1a946d1d
[    3.7s] r15-m22-p0.8-s0: mode=22 exactValid=True contractValid=True depth=156.11 raw=156.11036504906917 parent=156.11 fp=40e7f3c0c1a630c9 | before Nonep/Noneb after Nonep/Noneb cap=None maxDisp=None moved=None resid=None | 
[    3.6s] r15-m22-p0.8-s1: mode=22 exactValid=True contractValid=True depth=156.11 raw=156.11036504906917 parent=156.11 fp=40e7f3c0c1a630c9 | before Nonep/Noneb after Nonep/Noneb cap=None maxDisp=None moved=None resid=None | 
[    3.8s] r15-m22-p0.8-s2: mode=22 exactValid=True contractValid=True depth=156.11 raw=156.11036504906917 parent=156.11 fp=40e7f3c0c1a630c9 | before Nonep/Noneb after Nonep/Noneb cap=None maxDisp=None moved=None resid=None | 
[    3.2s] r15-m22-p0.8-s3: mode=22 exactValid=True contractValid=True depth=156.11 raw=156.11036504906917 parent=156.11 fp=40e7f3c0c1a630c9 | before Nonep/Noneb after Nonep/Noneb cap=None maxDisp=None moved=None resid=None | 
[    4.2s] r15-m22-p0.8-s4: mode=22 exactValid=True contractValid=True depth=156.11 raw=156.11036504906917 parent=156.11 fp=40e7f3c0c1a630c9 | before Nonep/Noneb after Nonep/Noneb cap=None maxDisp=None moved=None resid=None | 
[    3.3s] r15-m22-p0.8-s5: mode=22 exactValid=True contractValid=True depth=156.11 raw=156.11036504906917 parent=156.11 fp=40e7f3c0c1a630c9 | before Nonep/Noneb after Nonep/Noneb cap=None maxDisp=None moved=None resid=None | 
[    3.2s] r15-m22-p0.8-s6: mode=22 exactValid=True contractValid=True depth=156.11 raw=156.11036504906917 parent=156.11 fp=40e7f3c0c1a630c9 | before Nonep/Noneb after Nonep/Noneb cap=None maxDisp=None moved=None resid=None | 
[    3.5s] r15-m22-p0.8-s7: mode=22 exactValid=True contractValid=True depth=156.11 raw=156.11036504906917 parent=156.11 fp=40e7f3c0c1a630c9 | before Nonep/Noneb after Nonep/Noneb cap=None maxDisp=None moved=None resid=None | 
[    3.7s] r15-m22-p0.3-s0: mode=22 exactValid=True contractValid=True depth=156.11 raw=156.11036504906917 parent=156.11 fp=40e7f3c0c1a630c9 | before Nonep/Noneb after Nonep/Noneb cap=None maxDisp=None moved=None resid=None | 
[    3.5s] r15-m22-p0.3-s1: mode=22 exactValid=True contractValid=True depth=156.11 raw=156.11036504906917 parent=156.11 fp=40e7f3c0c1a630c9 | before Nonep/Noneb after Nonep/Noneb cap=None maxDisp=None moved=None resid=None | 
[    3.7s] r15-m22-p0.3-s2: mode=22 exactValid=True contractValid=True depth=156.11 raw=156.11036504906917 parent=156.11 fp=40e7f3c0c1a630c9 | before Nonep/Noneb after Nonep/Noneb cap=None maxDisp=None moved=None resid=None | 
[    3.3s] r15-m22-p0.3-s3: mode=22 exactValid=True contractValid=True depth=156.11 raw=156.11036504906917 parent=156.11 fp=40e7f3c0c1a630c9 | before Nonep/Noneb after Nonep/Noneb cap=None maxDisp=None moved=None resid=None | 
[    4.2s] r15-m22-p0.3-s4: mode=22 exactValid=True contractValid=True depth=156.11 raw=156.11036504906917 parent=156.11 fp=40e7f3c0c1a630c9 | before Nonep/Noneb after Nonep/Noneb cap=None maxDisp=None moved=None resid=None | 
[    3.3s] r15-m22-p0.3-s5: mode=22 exactValid=True contractValid=True depth=156.11 raw=156.11036504906917 parent=156.11 fp=40e7f3c0c1a630c9 | before Nonep/Noneb after Nonep/Noneb cap=None maxDisp=None moved=None resid=None | 
[    3.1s] r15-m22-p0.3-s6: mode=22 exactValid=True contractValid=True depth=156.11 raw=156.11036504906917 parent=156.11 fp=40e7f3c0c1a630c9 | before Nonep/Noneb after Nonep/Noneb cap=None maxDisp=None moved=None resid=None | 
[    3.6s] r15-m22-p0.3-s7: mode=22 exactValid=True contractValid=True depth=156.11 raw=156.11036504906917 parent=156.11 fp=40e7f3c0c1a630c9 | before Nonep/Noneb after Nonep/Noneb cap=None maxDisp=None moved=None resid=None | 
[    3.6s] r15-m22-p2.0-s0: mode=22 exactValid=True contractValid=True depth=156.11 raw=156.11036504906917 parent=156.11 fp=40e7f3c0c1a630c9 | before Nonep/Noneb after Nonep/Noneb cap=None maxDisp=None moved=None resid=None | 
[    3.5s] r15-m22-p2.0-s1: mode=22 exactValid=True contractValid=True depth=156.11 raw=156.11036504906917 parent=156.11 fp=40e7f3c0c1a630c9 | before Nonep/Noneb after Nonep/Noneb cap=None maxDisp=None moved=None resid=None | 
[    3.9s] r15-m22-p2.0-s2: mode=22 exactValid=True contractValid=True depth=156.11 raw=156.11036504906917 parent=156.11 fp=40e7f3c0c1a630c9 | before Nonep/Noneb after Nonep/Noneb cap=None maxDisp=None moved=None resid=None | 
[    3.2s] r15-m22-p2.0-s3: mode=22 exactValid=True contractValid=True depth=156.11 raw=156.11036504906917 parent=156.11 fp=40e7f3c0c1a630c9 | before Nonep/Noneb after Nonep/Noneb cap=None maxDisp=None moved=None resid=None | 
[    4.1s] r15-m22-p2.0-s4: mode=22 exactValid=True contractValid=True depth=156.11 raw=156.11036504906917 parent=156.11 fp=40e7f3c0c1a630c9 | before Nonep/Noneb after Nonep/Noneb cap=None maxDisp=None moved=None resid=None | 
[    3.4s] r15-m22-p2.0-s5: mode=22 exactValid=True contractValid=True depth=156.11 raw=156.11036504906917 parent=156.11 fp=40e7f3c0c1a630c9 | before Nonep/Noneb after Nonep/Noneb cap=None maxDisp=None moved=None resid=None | 
[    3.3s] r15-m22-p2.0-s6: mode=22 exactValid=True contractValid=True depth=156.11 raw=156.11036504906917 parent=156.11 fp=40e7f3c0c1a630c9 | before Nonep/Noneb after Nonep/Noneb cap=None maxDisp=None moved=None resid=None | 
[    3.5s] r15-m22-p2.0-s7: mode=22 exactValid=True contractValid=True depth=156.11 raw=156.11036504906917 parent=156.11 fp=40e7f3c0c1a630c9 | before Nonep/Noneb after Nonep/Noneb cap=None maxDisp=None moved=None resid=None | 
-- r15 flatten 0.0005: depth 156.109865049, 1 moved
[    2.2s] r15-flat0.0005-m33-p0.05: mode=33 exactValid=True contractValid=True depth=156.11 raw=156.11036504906917 parent=156.11 fp=40e7f3c0c1a630c9 | before Nonep/Noneb after Nonep/Noneb cap=None maxDisp=None moved=None resid=None | 
   ~ pairs=2 bnd=0 comp=1 maxComp=3 /7 ej=3 /7 att=True matDef=None orders=1/6 swaps=0 cRep=1 cRef=0 | acceptedAnchorLocal=0 acceptedOrientation=0 acceptedStation=0 acceptedVacated=3 candidates=14134 finalists=0 rows=0 variants=111
[    2.2s] r15-flat0.0005-m33-p2.0: mode=33 exactValid=True contractValid=True depth=156.11 raw=156.11036504906917 parent=156.11 fp=40e7f3c0c1a630c9 | before Nonep/Noneb after Nonep/Noneb cap=None maxDisp=None moved=None resid=None | 
   ~ pairs=2 bnd=0 comp=1 maxComp=3 /7 ej=3 /7 att=True matDef=None orders=1/6 swaps=0 cRep=1 cRef=0 | acceptedAnchorLocal=0 acceptedOrientation=0 acceptedStation=0 acceptedVacated=3 candidates=14134 finalists=0 rows=0 variants=111
-- r15 flatten 0.001: depth 156.109365049, 1 moved
[    2.2s] r15-flat0.001-m33-p0.05: mode=33 exactValid=True contractValid=True depth=156.109 raw=156.10936504906917 parent=156.109 fp=c104cf69a5822aa5 | before Nonep/Noneb after Nonep/Noneb cap=None maxDisp=None moved=None resid=None | 
   ~ pairs=2 bnd=0 comp=1 maxComp=3 /7 ej=3 /7 att=True matDef=None orders=1/6 swaps=0 cRep=1 cRef=0 | acceptedAnchorLocal=2 acceptedOrientation=0 acceptedStation=0 acceptedVacated=1 candidates=14134 finalists=0 rows=0 variants=111
*** ADOPT [B-flat] r15-flat0.001-m33-p0.05: 156.11036504906917 -> 156.10936504906917 (delta -0.001000000)
    pin=/var/lib/t3/tmp/recordline/fsline2/pins/pin-156.109365049.json sha256=9428da2f7bdd28fbe9ffc86d5cd73f24fec994dc632b6cf4003af900ecd56740 fp=c104cf69a5822aa5cea6de9df1e70d151085d4f749e516201c78295f30c01768
[    3.6s] r16-m22-p0.8-s0: mode=22 exactValid=True contractValid=True depth=156.109 raw=156.10936504906917 parent=156.109 fp=c104cf69a5822aa5 | before Nonep/Noneb after Nonep/Noneb cap=None maxDisp=None moved=None resid=None | 
[    3.4s] r16-m22-p0.8-s1: mode=22 exactValid=True contractValid=True depth=156.109 raw=156.10936504906917 parent=156.109 fp=c104cf69a5822aa5 | before Nonep/Noneb after Nonep/Noneb cap=None maxDisp=None moved=None resid=None | 
[    3.7s] r16-m22-p0.8-s2: mode=22 exactValid=True contractValid=True depth=156.109 raw=156.10936504906917 parent=156.109 fp=c104cf69a5822aa5 | before Nonep/Noneb after Nonep/Noneb cap=None maxDisp=None moved=None resid=None | 
[    3.2s] r16-m22-p0.8-s3: mode=22 exactValid=True contractValid=True depth=156.109 raw=156.10936504906917 parent=156.109 fp=c104cf69a5822aa5 | before Nonep/Noneb after Nonep/Noneb cap=None maxDisp=None moved=None resid=None | 
[    4.2s] r16-m22-p0.8-s4: mode=22 exactValid=True contractValid=True depth=156.109 raw=156.10936504906917 parent=156.109 fp=c104cf69a5822aa5 | before Nonep/Noneb after Nonep/Noneb cap=None maxDisp=None moved=None resid=None | 
[    3.1s] r16-m22-p0.8-s5: mode=22 exactValid=True contractValid=True depth=156.109 raw=156.10936504906917 parent=156.109 fp=c104cf69a5822aa5 | before Nonep/Noneb after Nonep/Noneb cap=None maxDisp=None moved=None resid=None | 
[    3.0s] r16-m22-p0.8-s6: mode=22 exactValid=True contractValid=True depth=156.109 raw=156.10936504906917 parent=156.109 fp=c104cf69a5822aa5 | before Nonep/Noneb after Nonep/Noneb cap=None maxDisp=None moved=None resid=None | 
[    3.6s] r16-m22-p0.8-s7: mode=22 exactValid=True contractValid=True depth=156.109 raw=156.10936504906917 parent=156.109 fp=c104cf69a5822aa5 | before Nonep/Noneb after Nonep/Noneb cap=None maxDisp=None moved=None resid=None | 
[    3.5s] r16-m22-p0.3-s0: mode=22 exactValid=True contractValid=True depth=156.109 raw=156.10936504906917 parent=156.109 fp=c104cf69a5822aa5 | before Nonep/Noneb after Nonep/Noneb cap=None maxDisp=None moved=None resid=None | 
[    3.5s] r16-m22-p0.3-s1: mode=22 exactValid=True contractValid=True depth=156.109 raw=156.10936504906917 parent=156.109 fp=c104cf69a5822aa5 | before Nonep/Noneb after Nonep/Noneb cap=None maxDisp=None moved=None resid=None | 
[    3.6s] r16-m22-p0.3-s2: mode=22 exactValid=True contractValid=True depth=156.109 raw=156.10936504906917 parent=156.109 fp=c104cf69a5822aa5 | before Nonep/Noneb after Nonep/Noneb cap=None maxDisp=None moved=None resid=None | 
[    3.2s] r16-m22-p0.3-s3: mode=22 exactValid=True contractValid=True depth=156.109 raw=156.10936504906917 parent=156.109 fp=c104cf69a5822aa5 | before Nonep/Noneb after Nonep/Noneb cap=None maxDisp=None moved=None resid=None | 
[    4.3s] r16-m22-p0.3-s4: mode=22 exactValid=True contractValid=True depth=156.109 raw=156.10936504906917 parent=156.109 fp=c104cf69a5822aa5 | before Nonep/Noneb after Nonep/Noneb cap=None maxDisp=None moved=None resid=None | 
[    3.1s] r16-m22-p0.3-s5: mode=22 exactValid=True contractValid=True depth=156.109 raw=156.10936504906917 parent=156.109 fp=c104cf69a5822aa5 | before Nonep/Noneb after Nonep/Noneb cap=None maxDisp=None moved=None resid=None | 
[    3.0s] r16-m22-p0.3-s6: mode=22 exactValid=True contractValid=True depth=156.109 raw=156.10936504906917 parent=156.109 fp=c104cf69a5822aa5 | before Nonep/Noneb after Nonep/Noneb cap=None maxDisp=None moved=None resid=None | 
[    3.6s] r16-m22-p0.3-s7: mode=22 exactValid=True contractValid=True depth=156.109 raw=156.10936504906917 parent=156.109 fp=c104cf69a5822aa5 | before Nonep/Noneb after Nonep/Noneb cap=None maxDisp=None moved=None resid=None | 
[    3.5s] r16-m22-p2.0-s0: mode=22 exactValid=True contractValid=True depth=156.109 raw=156.10936504906917 parent=156.109 fp=c104cf69a5822aa5 | before Nonep/Noneb after Nonep/Noneb cap=None maxDisp=None moved=None resid=None | 
[    3.4s] r16-m22-p2.0-s1: mode=22 exactValid=True contractValid=True depth=156.109 raw=156.10936504906917 parent=156.109 fp=c104cf69a5822aa5 | before Nonep/Noneb after Nonep/Noneb cap=None maxDisp=None moved=None resid=None | 
[    3.6s] r16-m22-p2.0-s2: mode=22 exactValid=True contractValid=True depth=156.109 raw=156.10936504906917 parent=156.109 fp=c104cf69a5822aa5 | before Nonep/Noneb after Nonep/Noneb cap=None maxDisp=None moved=None resid=None | 
[    3.0s] r16-m22-p2.0-s3: mode=22 exactValid=True contractValid=True depth=156.109 raw=156.10936504906917 parent=156.109 fp=c104cf69a5822aa5 | before Nonep/Noneb after Nonep/Noneb cap=None maxDisp=None moved=None resid=None | 
[    4.1s] r16-m22-p2.0-s4: mode=22 exactValid=True contractValid=True depth=156.109 raw=156.10936504906917 parent=156.109 fp=c104cf69a5822aa5 | before Nonep/Noneb after Nonep/Noneb cap=None maxDisp=None moved=None resid=None | 
[    3.1s] r16-m22-p2.0-s5: mode=22 exactValid=True contractValid=True depth=156.109 raw=156.10936504906917 parent=156.109 fp=c104cf69a5822aa5 | before Nonep/Noneb after Nonep/Noneb cap=None maxDisp=None moved=None resid=None | 
[    2.9s] r16-m22-p2.0-s6: mode=22 exactValid=True contractValid=True depth=156.109 raw=156.10936504906917 parent=156.109 fp=c104cf69a5822aa5 | before Nonep/Noneb after Nonep/Noneb cap=None maxDisp=None moved=None resid=None | 
[    3.3s] r16-m22-p2.0-s7: mode=22 exactValid=True contractValid=True depth=156.109 raw=156.10936504906917 parent=156.109 fp=c104cf69a5822aa5 | before Nonep/Noneb after Nonep/Noneb cap=None maxDisp=None moved=None resid=None | 
[   23.0s] r16-m34-w20-s0.25-s5: mode=34 exactValid=True contractValid=True depth=156.109 raw=156.10936504906917 parent=156.109 fp=c104cf69a5822aa5 | before Nonep/Noneb after Nonep/Noneb cap=None maxDisp=None moved=None resid=None |   spec=past=1,work=20000000,step=0.25
   schedule {"candidateQueries": 20005222, "confirmEvery": 4, "confirmationMs": 0.0, "confirmationsAccepted": 0, "confirmationsAttempted": 0, "confirmationsRefused": 0, "confirmationsSkippedInfeasible": 3894, "continuePastBound": true, "exactPairTests": 0, "exitCause": "workCap", "finalDepthMm": 155.33575, "floorDepthMm": 156.31, "microLegalizationsAccepted": 0, "microLegalizationsAttempted": 0, "parentBoundaryViolations": 8, "parentCollisionPairs": 34, "parentProxyFeasible": false, "repairMs": 21120.25112899999, "rollbackAfterSteps": 0, "rollbacks": 0, "startDepthMm": 156.31, "stepMm": 0.00025, "stepsPlanned": 1200, "stepsTaken": 3897, "sweepsPerStep": 6, "sweepsRun": 23382, "targetDepthMm": 156.01, "workCapQueries": 20000000, "workUnits": 20005222}
[   23.8s] r16-m34-w20-s1-s5: mode=34 exactValid=True contractValid=True depth=156.109 raw=156.10936504906917 parent=156.109 fp=c104cf69a5822aa5 | before Nonep/Noneb after Nonep/Noneb cap=None maxDisp=None moved=None resid=None |   spec=past=1,work=20000000,step=1
   schedule {"candidateQueries": 20001117, "confirmEvery": 4, "confirmationMs": 0.0, "confirmationsAccepted": 0, "confirmationsAttempted": 0, "confirmationsRefused": 0, "confirmationsSkippedInfeasible": 2957, "continuePastBound": true, "exactPairTests": 0, "exitCause": "workCap", "finalDepthMm": 153.35, "floorDepthMm": 156.31, "microLegalizationsAccepted": 0, "microLegalizationsAttempted": 0, "parentBoundaryViolations": 8, "parentCollisionPairs": 34, "parentProxyFeasible": false, "repairMs": 21916.702928000017, "rollbackAfterSteps": 0, "rollbacks": 0, "startDepthMm": 156.31, "stepMm": 0.001, "stepsPlanned": 300, "stepsTaken": 2960, "sweepsPerStep": 6, "sweepsRun": 17760, "targetDepthMm": 156.01, "workCapQueries": 20000000, "workUnits": 20001117}
[   23.9s] r16-m34-w20-s0.5-s5: mode=34 exactValid=True contractValid=True depth=156.109 raw=156.10936504906917 parent=156.109 fp=c104cf69a5822aa5 | before Nonep/Noneb after Nonep/Noneb cap=None maxDisp=None moved=None resid=None |   spec=past=1,work=20000000,step=0.5
   schedule {"candidateQueries": 20002325, "confirmEvery": 4, "confirmationMs": 0.0, "confirmationsAccepted": 0, "confirmationsAttempted": 0, "confirmationsRefused": 0, "confirmationsSkippedInfeasible": 3942, "continuePastBound": true, "exactPairTests": 0, "exitCause": "workCap", "finalDepthMm": 154.3375, "floorDepthMm": 156.31, "microLegalizationsAccepted": 0, "microLegalizationsAttempted": 0, "parentBoundaryViolations": 8, "parentCollisionPairs": 34, "parentProxyFeasible": false, "repairMs": 21913.842045999972, "rollbackAfterSteps": 0, "rollbacks": 0, "startDepthMm": 156.31, "stepMm": 0.0005, "stepsPlanned": 600, "stepsTaken": 3945, "sweepsPerStep": 6, "sweepsRun": 23670, "targetDepthMm": 156.01, "workCapQueries": 20000000, "workUnits": 20002325}
[   24.2s] r16-m34-w20-s0.1-s5: mode=34 exactValid=True contractValid=True depth=156.109 raw=156.10936504906917 parent=156.109 fp=c104cf69a5822aa5 | before Nonep/Noneb after Nonep/Noneb cap=None maxDisp=None moved=None resid=None |   spec=past=1,work=20000000,step=0.1
   schedule {"candidateQueries": 20006471, "confirmEvery": 4, "confirmationMs": 0.0, "confirmationsAccepted": 0, "confirmationsAttempted": 0, "confirmationsRefused": 0, "confirmationsSkippedInfeasible": 4380, "continuePastBound": true, "exactPairTests": 0, "exitCause": "workCap", "finalDepthMm": 155.87169999997448, "floorDepthMm": 156.31, "microLegalizationsAccepted": 0, "microLegalizationsAttempted": 0, "parentBoundaryViolations": 8, "parentCollisionPairs": 34, "parentProxyFeasible": false, "repairMs": 22273.084769999987, "rollbackAfterSteps": 0, "rollbacks": 0, "startDepthMm": 156.31, "stepMm": 0.0001, "stepsPlanned": 3000, "stepsTaken": 4383, "sweepsPerStep": 6, "sweepsRun": 26298, "targetDepthMm": 156.01, "workCapQueries": 20000000, "workUnits": 20006471}
[   67.5s] r16-m34-w60-s0.25-s5: mode=34 exactValid=True contractValid=True depth=156.109 raw=156.10936504906917 parent=156.109 fp=c104cf69a5822aa5 | before Nonep/Noneb after Nonep/Noneb cap=None maxDisp=None moved=None resid=None |   spec=past=1,work=60000000,step=0.25
   schedule {"candidateQueries": 60006094, "confirmEvery": 4, "confirmationMs": 0.0, "confirmationsAccepted": 0, "confirmationsAttempted": 0, "confirmationsRefused": 0, "confirmationsSkippedInfeasible": 8391, "continuePastBound": true, "exactPairTests": 0, "exitCause": "workCap", "finalDepthMm": 154.2115, "floorDepthMm": 156.31, "microLegalizationsAccepted": 0, "microLegalizationsAttempted": 0, "parentBoundaryViolations": 8, "parentCollisionPairs": 34, "parentProxyFeasible": false, "repairMs": 65232.296446999906, "rollbackAfterSteps": 0, "rollbacks": 0, "startDepthMm": 156.31, "stepMm": 0.00025, "stepsPlanned": 1200, "stepsTaken": 8394, "sweepsPerStep": 6, "sweepsRun": 50364, "targetDepthMm": 156.01, "workCapQueries": 60000000, "workUnits": 60006094}
[   23.0s] r16-m34-w20-s0.25-c1-s5: mode=34 exactValid=True contractValid=True depth=156.109 raw=156.10936504906917 parent=156.109 fp=c104cf69a5822aa5 | before Nonep/Noneb after Nonep/Noneb cap=None maxDisp=None moved=None resid=None |   spec=past=1,work=20000000,step=0.25,confirm=1
   schedule {"candidateQueries": 20005222, "confirmEvery": 1, "confirmationMs": 0.0, "confirmationsAccepted": 0, "confirmationsAttempted": 0, "confirmationsRefused": 0, "confirmationsSkippedInfeasible": 3897, "continuePastBound": true, "exactPairTests": 0, "exitCause": "workCap", "finalDepthMm": 155.33575, "floorDepthMm": 156.31, "microLegalizationsAccepted": 0, "microLegalizationsAttempted": 0, "parentBoundaryViolations": 8, "parentCollisionPairs": 34, "parentProxyFeasible": false, "repairMs": 21071.038732999994, "rollbackAfterSteps": 0, "rollbacks": 0, "startDepthMm": 156.31, "stepMm": 0.00025, "stepsPlanned": 1200, "stepsTaken": 3897, "sweepsPerStep": 6, "sweepsRun": 23382, "targetDepthMm": 156.01, "workCapQueries": 20000000, "workUnits": 20005222}
[   24.2s] r16-m34-w20-s0.25-s0: mode=34 exactValid=True contractValid=True depth=156.109 raw=156.10936504906917 parent=156.109 fp=c104cf69a5822aa5 | before Nonep/Noneb after Nonep/Noneb cap=None maxDisp=None moved=None resid=None |   spec=past=1,work=20000000,step=0.25
   schedule {"candidateQueries": 20003997, "confirmEvery": 4, "confirmationMs": 0.0, "confirmationsAccepted": 0, "confirmationsAttempted": 0, "confirmationsRefused": 0, "confirmationsSkippedInfeasible": 3022, "continuePastBound": true, "exactPairTests": 0, "exitCause": "workCap", "finalDepthMm": 155.55375, "floorDepthMm": 156.31, "microLegalizationsAccepted": 0, "microLegalizationsAttempted": 0, "parentBoundaryViolations": 8, "parentCollisionPairs": 34, "parentProxyFeasible": false, "repairMs": 21805.764111999993, "rollbackAfterSteps": 0, "rollbacks": 0, "startDepthMm": 156.31, "stepMm": 0.00025, "stepsPlanned": 1200, "stepsTaken": 3025, "sweepsPerStep": 6, "sweepsRun": 18150, "targetDepthMm": 156.01, "workCapQueries": 20000000, "workUnits": 20003997}
[   23.7s] r16-m34-w20-s1-s0: mode=34 exactValid=True contractValid=True depth=156.109 raw=156.10936504906917 parent=156.109 fp=c104cf69a5822aa5 | before Nonep/Noneb after Nonep/Noneb cap=None maxDisp=None moved=None resid=None |   spec=past=1,work=20000000,step=1
   schedule {"candidateQueries": 20002014, "confirmEvery": 4, "confirmationMs": 0.0, "confirmationsAccepted": 0, "confirmationsAttempted": 0, "confirmationsRefused": 0, "confirmationsSkippedInfeasible": 2534, "continuePastBound": true, "exactPairTests": 0, "exitCause": "workCap", "finalDepthMm": 153.773, "floorDepthMm": 156.31, "microLegalizationsAccepted": 0, "microLegalizationsAttempted": 0, "parentBoundaryViolations": 8, "parentCollisionPairs": 34, "parentProxyFeasible": false, "repairMs": 21443.524549000012, "rollbackAfterSteps": 0, "rollbacks": 0, "startDepthMm": 156.31, "stepMm": 0.001, "stepsPlanned": 300, "stepsTaken": 2537, "sweepsPerStep": 6, "sweepsRun": 15222, "targetDepthMm": 156.01, "workCapQueries": 20000000, "workUnits": 20002014}
[   23.7s] r16-m34-w20-s0.5-s0: mode=34 exactValid=True contractValid=True depth=156.109 raw=156.10936504906917 parent=156.109 fp=c104cf69a5822aa5 | before Nonep/Noneb after Nonep/Noneb cap=None maxDisp=None moved=None resid=None |   spec=past=1,work=20000000,step=0.5
   schedule {"candidateQueries": 20006651, "confirmEvery": 4, "confirmationMs": 0.0, "confirmationsAccepted": 0, "confirmationsAttempted": 0, "confirmationsRefused": 0, "confirmationsSkippedInfeasible": 2970, "continuePastBound": true, "exactPairTests": 0, "exitCause": "workCap", "finalDepthMm": 154.8235, "floorDepthMm": 156.31, "microLegalizationsAccepted": 0, "microLegalizationsAttempted": 0, "parentBoundaryViolations": 8, "parentCollisionPairs": 34, "parentProxyFeasible": false, "repairMs": 21298.460273000022, "rollbackAfterSteps": 0, "rollbacks": 0, "startDepthMm": 156.31, "stepMm": 0.0005, "stepsPlanned": 600, "stepsTaken": 2973, "sweepsPerStep": 6, "sweepsRun": 17838, "targetDepthMm": 156.01, "workCapQueries": 20000000, "workUnits": 20006651}
[   24.8s] r16-m34-w20-s0.1-s0: mode=34 exactValid=True contractValid=True depth=156.109 raw=156.10936504906917 parent=156.109 fp=c104cf69a5822aa5 | before Nonep/Noneb after Nonep/Noneb cap=None maxDisp=None moved=None resid=None |   spec=past=1,work=20000000,step=0.1
   schedule {"candidateQueries": 20003995, "confirmEvery": 4, "confirmationMs": 0.0, "confirmationsAccepted": 0, "confirmationsAttempted": 0, "confirmationsRefused": 0, "confirmationsSkippedInfeasible": 3568, "continuePastBound": true, "exactPairTests": 0, "exitCause": "workCap", "finalDepthMm": 155.95289999997922, "floorDepthMm": 156.31, "microLegalizationsAccepted": 0, "microLegalizationsAttempted": 0, "parentBoundaryViolations": 8, "parentCollisionPairs": 34, "parentProxyFeasible": false, "repairMs": 22434.097900000044, "rollbackAfterSteps": 0, "rollbacks": 0, "startDepthMm": 156.31, "stepMm": 0.0001, "stepsPlanned": 3000, "stepsTaken": 3571, "sweepsPerStep": 6, "sweepsRun": 21426, "targetDepthMm": 156.01, "workCapQueries": 20000000, "workUnits": 20003995}
[   68.1s] r16-m34-w60-s0.25-s0: mode=34 exactValid=True contractValid=True depth=156.109 raw=156.10936504906917 parent=156.109 fp=c104cf69a5822aa5 | before Nonep/Noneb after Nonep/Noneb cap=None maxDisp=None moved=None resid=None |   spec=past=1,work=60000000,step=0.25
   schedule {"candidateQueries": 60008548, "confirmEvery": 4, "confirmationMs": 0.0, "confirmationsAccepted": 0, "confirmationsAttempted": 0, "confirmationsRefused": 0, "confirmationsSkippedInfeasible": 7001, "continuePastBound": true, "exactPairTests": 0, "exitCause": "workCap", "finalDepthMm": 154.559, "floorDepthMm": 156.31, "microLegalizationsAccepted": 0, "microLegalizationsAttempted": 0, "parentBoundaryViolations": 8, "parentCollisionPairs": 34, "parentProxyFeasible": false, "repairMs": 65568.33204200005, "rollbackAfterSteps": 0, "rollbacks": 0, "startDepthMm": 156.31, "stepMm": 0.00025, "stepsPlanned": 1200, "stepsTaken": 7004, "sweepsPerStep": 6, "sweepsRun": 42024, "targetDepthMm": 156.01, "workCapQueries": 60000000, "workUnits": 60008548}
[   24.0s] r16-m34-w20-s0.25-c1-s0: mode=34 exactValid=True contractValid=True depth=156.109 raw=156.10936504906917 parent=156.109 fp=c104cf69a5822aa5 | before Nonep/Noneb after Nonep/Noneb cap=None maxDisp=None moved=None resid=None |   spec=past=1,work=20000000,step=0.25,confirm=1
   schedule {"candidateQueries": 20003997, "confirmEvery": 1, "confirmationMs": 0.0, "confirmationsAccepted": 0, "confirmationsAttempted": 0, "confirmationsRefused": 0, "confirmationsSkippedInfeasible": 3025, "continuePastBound": true, "exactPairTests": 0, "exitCause": "workCap", "finalDepthMm": 155.55375, "floorDepthMm": 156.31, "microLegalizationsAccepted": 0, "microLegalizationsAttempted": 0, "parentBoundaryViolations": 8, "parentCollisionPairs": 34, "parentProxyFeasible": false, "repairMs": 21695.46759200002, "rollbackAfterSteps": 0, "rollbacks": 0, "startDepthMm": 156.31, "stepMm": 0.00025, "stepsPlanned": 1200, "stepsTaken": 3025, "sweepsPerStep": 6, "sweepsRun": 18150, "targetDepthMm": 156.01, "workCapQueries": 20000000, "workUnits": 20003997}
-- r16 flatten 0.0005: depth 156.108865049, 1 moved
[    2.2s] r16-flat0.0005-m33-p0.05: mode=33 exactValid=True contractValid=True depth=156.109 raw=156.10936504906917 parent=156.109 fp=c104cf69a5822aa5 | before Nonep/Noneb after Nonep/Noneb cap=None maxDisp=None moved=None resid=None | 
   ~ pairs=1 bnd=0 comp=1 maxComp=2 /7 ej=2 /7 att=True matDef=None orders=1/2 swaps=0 cRep=1 cRef=0 | acceptedAnchorLocal=0 acceptedOrientation=0 acceptedStation=0 acceptedVacated=2 candidates=5180 finalists=1 rows=2590 variants=74
[    2.3s] r16-flat0.0005-m33-p2.0: mode=33 exactValid=True contractValid=True depth=156.109 raw=156.10936504906917 parent=156.109 fp=c104cf69a5822aa5 | before Nonep/Noneb after Nonep/Noneb cap=None maxDisp=None moved=None resid=None | 
   ~ pairs=1 bnd=0 comp=1 maxComp=2 /7 ej=2 /7 att=True matDef=None orders=1/2 swaps=0 cRep=1 cRef=0 | acceptedAnchorLocal=0 acceptedOrientation=0 acceptedStation=0 acceptedVacated=2 candidates=5180 finalists=1 rows=2590 variants=74
-- r16 flatten 0.001: depth 156.108365049, 1 moved
[    2.2s] r16-flat0.001-m33-p0.05: mode=33 exactValid=True contractValid=True depth=156.111 raw=156.1112480389174 parent=156.108 fp=9174c4960b74bef1 | before Nonep/Noneb after Nonep/Noneb cap=None maxDisp=None moved=None resid=None | 
   ~ pairs=1 bnd=0 comp=1 maxComp=2 /7 ej=2 /7 att=True matDef=None orders=2/2 swaps=0 cRep=1 cRef=0 | acceptedAnchorLocal=0 acceptedAngles=[('604bc424-469c-4ab8-93f1-80c0fc4090b3-copy-3', 180.05945, 0.0032, False)] acceptedOrientation=1 acceptedStation=0 acceptedVacated=2 candidates=10360 finalists=4 rows=2708 variants=148
[    2.2s] r16-flat0.001-m33-p2.0: mode=33 exactValid=True contractValid=True depth=156.162 raw=156.16236504906917 parent=156.108 fp=ca7aa3fb6103773f | before Nonep/Noneb after Nonep/Noneb cap=None maxDisp=None moved=None resid=None | 
   ~ pairs=1 bnd=0 comp=1 maxComp=2 /7 ej=2 /7 att=True matDef=None orders=2/2 swaps=0 cRep=1 cRef=0 | acceptedAnchorLocal=1 acceptedOrientation=0 acceptedStation=0 acceptedVacated=2 candidates=10360 finalists=0 rows=2590 variants=148
-- r16 flatten 0.002: depth 156.107365049, 1 moved
[    2.2s] r16-flat0.002-m33-p0.05: mode=33 exactValid=True contractValid=True depth=156.107 raw=156.1073650490692 parent=156.107 fp=e746e97385905cc5 | before Nonep/Noneb after Nonep/Noneb cap=None maxDisp=None moved=None resid=None | 
   ~ pairs=1 bnd=0 comp=1 maxComp=2 /7 ej=2 /7 att=True matDef=None orders=1/2 swaps=0 cRep=1 cRef=0 | acceptedAnchorLocal=1 acceptedOrientation=0 acceptedStation=0 acceptedVacated=1 candidates=8954 finalists=0 rows=0 variants=74
*** ADOPT [B-flat] r16-flat0.002-m33-p0.05: 156.10936504906917 -> 156.1073650490692 (delta -0.002000000)
    pin=/var/lib/t3/tmp/recordline/fsline2/pins/pin-156.107365049.json sha256=7926dd0d4bc52a2c660dfb4f6e40cb3b394ce8ce479c5fd51de48f4beb1b22f3 fp=e746e97385905cc58b0f04a4bbadd60525b942d7a0ed845152c42f3922ff8f47
[    3.6s] r17-m22-p0.8-s0: mode=22 exactValid=True contractValid=True depth=156.107 raw=156.1073650490692 parent=156.107 fp=e746e97385905cc5 | before Nonep/Noneb after Nonep/Noneb cap=None maxDisp=None moved=None resid=None | 
[    3.4s] r17-m22-p0.8-s1: mode=22 exactValid=True contractValid=True depth=156.107 raw=156.1073650490692 parent=156.107 fp=e746e97385905cc5 | before Nonep/Noneb after Nonep/Noneb cap=None maxDisp=None moved=None resid=None | 
[    3.7s] r17-m22-p0.8-s2: mode=22 exactValid=True contractValid=True depth=156.107 raw=156.1073650490692 parent=156.107 fp=e746e97385905cc5 | before Nonep/Noneb after Nonep/Noneb cap=None maxDisp=None moved=None resid=None | 
[    3.3s] r17-m22-p0.8-s3: mode=22 exactValid=True contractValid=True depth=156.107 raw=156.1073650490692 parent=156.107 fp=e746e97385905cc5 | before Nonep/Noneb after Nonep/Noneb cap=None maxDisp=None moved=None resid=None | 
[    4.2s] r17-m22-p0.8-s4: mode=22 exactValid=True contractValid=True depth=156.107 raw=156.1073650490692 parent=156.107 fp=e746e97385905cc5 | before Nonep/Noneb after Nonep/Noneb cap=None maxDisp=None moved=None resid=None | 
[    3.3s] r17-m22-p0.8-s5: mode=22 exactValid=True contractValid=True depth=156.107 raw=156.1073650490692 parent=156.107 fp=e746e97385905cc5 | before Nonep/Noneb after Nonep/Noneb cap=None maxDisp=None moved=None resid=None | 
[    3.1s] r17-m22-p0.8-s6: mode=22 exactValid=True contractValid=True depth=156.107 raw=156.1073650490692 parent=156.107 fp=e746e97385905cc5 | before Nonep/Noneb after Nonep/Noneb cap=None maxDisp=None moved=None resid=None | 
[    3.6s] r17-m22-p0.8-s7: mode=22 exactValid=True contractValid=True depth=156.107 raw=156.1073650490692 parent=156.107 fp=e746e97385905cc5 | before Nonep/Noneb after Nonep/Noneb cap=None maxDisp=None moved=None resid=None | 
[    3.6s] r17-m22-p0.3-s0: mode=22 exactValid=True contractValid=True depth=156.107 raw=156.1073650490692 parent=156.107 fp=e746e97385905cc5 | before Nonep/Noneb after Nonep/Noneb cap=None maxDisp=None moved=None resid=None | 
[    3.4s] r17-m22-p0.3-s1: mode=22 exactValid=True contractValid=True depth=156.107 raw=156.1073650490692 parent=156.107 fp=e746e97385905cc5 | before Nonep/Noneb after Nonep/Noneb cap=None maxDisp=None moved=None resid=None | 
[    3.6s] r17-m22-p0.3-s2: mode=22 exactValid=True contractValid=True depth=156.107 raw=156.1073650490692 parent=156.107 fp=e746e97385905cc5 | before Nonep/Noneb after Nonep/Noneb cap=None maxDisp=None moved=None resid=None | 
[    3.2s] r17-m22-p0.3-s3: mode=22 exactValid=True contractValid=True depth=156.107 raw=156.1073650490692 parent=156.107 fp=e746e97385905cc5 | before Nonep/Noneb after Nonep/Noneb cap=None maxDisp=None moved=None resid=None | 
[    4.2s] r17-m22-p0.3-s4: mode=22 exactValid=True contractValid=True depth=156.107 raw=156.1073650490692 parent=156.107 fp=e746e97385905cc5 | before Nonep/Noneb after Nonep/Noneb cap=None maxDisp=None moved=None resid=None | 
[    3.3s] r17-m22-p0.3-s5: mode=22 exactValid=True contractValid=True depth=156.107 raw=156.1073650490692 parent=156.107 fp=e746e97385905cc5 | before Nonep/Noneb after Nonep/Noneb cap=None maxDisp=None moved=None resid=None | 
[    3.0s] r17-m22-p0.3-s6: mode=22 exactValid=True contractValid=True depth=156.107 raw=156.1073650490692 parent=156.107 fp=e746e97385905cc5 | before Nonep/Noneb after Nonep/Noneb cap=None maxDisp=None moved=None resid=None | 
[    3.5s] r17-m22-p0.3-s7: mode=22 exactValid=True contractValid=True depth=156.107 raw=156.1073650490692 parent=156.107 fp=e746e97385905cc5 | before Nonep/Noneb after Nonep/Noneb cap=None maxDisp=None moved=None resid=None | 
[    3.7s] r17-m22-p2.0-s0: mode=22 exactValid=True contractValid=True depth=156.107 raw=156.1073650490692 parent=156.107 fp=e746e97385905cc5 | before Nonep/Noneb after Nonep/Noneb cap=None maxDisp=None moved=None resid=None | 
[    3.6s] r17-m22-p2.0-s1: mode=22 exactValid=True contractValid=True depth=156.107 raw=156.1073650490692 parent=156.107 fp=e746e97385905cc5 | before Nonep/Noneb after Nonep/Noneb cap=None maxDisp=None moved=None resid=None | 
[    3.6s] r17-m22-p2.0-s2: mode=22 exactValid=True contractValid=True depth=156.107 raw=156.1073650490692 parent=156.107 fp=e746e97385905cc5 | before Nonep/Noneb after Nonep/Noneb cap=None maxDisp=None moved=None resid=None | 
[    3.2s] r17-m22-p2.0-s3: mode=22 exactValid=True contractValid=True depth=156.107 raw=156.1073650490692 parent=156.107 fp=e746e97385905cc5 | before Nonep/Noneb after Nonep/Noneb cap=None maxDisp=None moved=None resid=None | 
[    4.2s] r17-m22-p2.0-s4: mode=22 exactValid=True contractValid=True depth=156.107 raw=156.1073650490692 parent=156.107 fp=e746e97385905cc5 | before Nonep/Noneb after Nonep/Noneb cap=None maxDisp=None moved=None resid=None | 
[    3.4s] r17-m22-p2.0-s5: mode=22 exactValid=True contractValid=True depth=156.107 raw=156.1073650490692 parent=156.107 fp=e746e97385905cc5 | before Nonep/Noneb after Nonep/Noneb cap=None maxDisp=None moved=None resid=None | 
[    3.0s] r17-m22-p2.0-s6: mode=22 exactValid=True contractValid=True depth=156.107 raw=156.1073650490692 parent=156.107 fp=e746e97385905cc5 | before Nonep/Noneb after Nonep/Noneb cap=None maxDisp=None moved=None resid=None | 
[    3.4s] r17-m22-p2.0-s7: mode=22 exactValid=True contractValid=True depth=156.107 raw=156.1073650490692 parent=156.107 fp=e746e97385905cc5 | before Nonep/Noneb after Nonep/Noneb cap=None maxDisp=None moved=None resid=None | 
-- r17 flatten 0.0005: depth 156.106865049, 1 moved
[    2.2s] r17-flat0.0005-m33-p0.05: mode=33 exactValid=True contractValid=True depth=156.107 raw=156.1073650490692 parent=156.107 fp=e746e97385905cc5 | before Nonep/Noneb after Nonep/Noneb cap=None maxDisp=None moved=None resid=None | 
   ~ pairs=2 bnd=0 comp=1 maxComp=3 /7 ej=3 /7 att=True matDef=None orders=1/6 swaps=0 cRep=1 cRef=0 | acceptedAnchorLocal=0 acceptedOrientation=0 acceptedStation=0 acceptedVacated=3 candidates=14134 finalists=0 rows=0 variants=111
[    2.2s] r17-flat0.0005-m33-p2.0: mode=33 exactValid=True contractValid=True depth=156.107 raw=156.1073650490692 parent=156.107 fp=e746e97385905cc5 | before Nonep/Noneb after Nonep/Noneb cap=None maxDisp=None moved=None resid=None | 
   ~ pairs=2 bnd=0 comp=1 maxComp=3 /7 ej=3 /7 att=True matDef=None orders=1/6 swaps=0 cRep=1 cRef=0 | acceptedAnchorLocal=0 acceptedOrientation=0 acceptedStation=0 acceptedVacated=3 candidates=14134 finalists=0 rows=0 variants=111
-- r17 flatten 0.001: depth 156.106365049, 1 moved
[    2.3s] r17-flat0.001-m33-p0.05: mode=33 exactValid=True contractValid=True depth=156.106 raw=156.10636504906918 parent=156.106 fp=7cf99462db8ac89a | before Nonep/Noneb after Nonep/Noneb cap=None maxDisp=None moved=None resid=None | 
   ~ pairs=2 bnd=0 comp=1 maxComp=3 /7 ej=3 /7 att=True matDef=None orders=1/6 swaps=0 cRep=1 cRef=0 | acceptedAnchorLocal=2 acceptedOrientation=0 acceptedStation=0 acceptedVacated=1 candidates=14134 finalists=0 rows=0 variants=111
*** ADOPT [B-flat] r17-flat0.001-m33-p0.05: 156.1073650490692 -> 156.10636504906918 (delta -0.001000000)
    pin=/var/lib/t3/tmp/recordline/fsline2/pins/pin-156.106365049.json sha256=62d00fa839c9e03a06929a53956704e36acad82ba3ad2ebc2b1dfb34a9a8c38e fp=7cf99462db8ac89af09786cbf5cf09c095b7843ca3dfaf858b4ee701380421dd
[    5.2s] r18-m22-p0.8-s0: mode=22 exactValid=True contractValid=True depth=156.105 raw=156.10536504906918 parent=156.106 fp=aab1f1f6f7defe6c | before Nonep/Noneb after Nonep/Noneb cap=None maxDisp=None moved=None resid=None | 
*** ADOPT [A-m22] r18-m22-p0.8-s0: 156.10636504906918 -> 156.10536504906918 (delta -0.001000000)
    pin=/var/lib/t3/tmp/recordline/fsline2/pins/pin-156.105365049.json sha256=5df07a8aee59a91184cfa7eb214330bdd131c74117dec38892e786f013458a2e fp=aab1f1f6f7defe6c14924ae2ca2903943c182149666d23eb48de54e54e31e7a2
[    3.6s] r19-m22-p0.8-s0: mode=22 exactValid=True contractValid=True depth=156.105 raw=156.10536504906918 parent=156.105 fp=aab1f1f6f7defe6c | before Nonep/Noneb after Nonep/Noneb cap=None maxDisp=None moved=None resid=None | 
[    3.3s] r19-m22-p0.8-s1: mode=22 exactValid=True contractValid=True depth=156.105 raw=156.10536504906918 parent=156.105 fp=aab1f1f6f7defe6c | before Nonep/Noneb after Nonep/Noneb cap=None maxDisp=None moved=None resid=None | 
[    3.7s] r19-m22-p0.8-s2: mode=22 exactValid=True contractValid=True depth=156.105 raw=156.10536504906918 parent=156.105 fp=aab1f1f6f7defe6c | before Nonep/Noneb after Nonep/Noneb cap=None maxDisp=None moved=None resid=None | 
[    3.2s] r19-m22-p0.8-s3: mode=22 exactValid=True contractValid=True depth=156.105 raw=156.10536504906918 parent=156.105 fp=aab1f1f6f7defe6c | before Nonep/Noneb after Nonep/Noneb cap=None maxDisp=None moved=None resid=None | 
[    4.1s] r19-m22-p0.8-s4: mode=22 exactValid=True contractValid=True depth=156.105 raw=156.10536504906918 parent=156.105 fp=aab1f1f6f7defe6c | before Nonep/Noneb after Nonep/Noneb cap=None maxDisp=None moved=None resid=None | 
[    3.2s] r19-m22-p0.8-s5: mode=22 exactValid=True contractValid=True depth=156.105 raw=156.10536504906918 parent=156.105 fp=aab1f1f6f7defe6c | before Nonep/Noneb after Nonep/Noneb cap=None maxDisp=None moved=None resid=None | 
[    3.1s] r19-m22-p0.8-s6: mode=22 exactValid=True contractValid=True depth=156.105 raw=156.10536504906918 parent=156.105 fp=aab1f1f6f7defe6c | before Nonep/Noneb after Nonep/Noneb cap=None maxDisp=None moved=None resid=None | 
[    5.7s] r19-m22-p0.8-s7: mode=22 exactValid=True contractValid=True depth=156.105 raw=156.10536504906918 parent=156.105 fp=aab1f1f6f7defe6c | before Nonep/Noneb after Nonep/Noneb cap=None maxDisp=None moved=None resid=None | 
[    4.3s] r19-m22-p0.3-s0: mode=22 exactValid=True contractValid=True depth=156.105 raw=156.10536504906918 parent=156.105 fp=aab1f1f6f7defe6c | before Nonep/Noneb after Nonep/Noneb cap=None maxDisp=None moved=None resid=None | 
[    3.8s] r19-m22-p0.3-s1: mode=22 exactValid=True contractValid=True depth=156.105 raw=156.10536504906918 parent=156.105 fp=aab1f1f6f7defe6c | before Nonep/Noneb after Nonep/Noneb cap=None maxDisp=None moved=None resid=None | 
[    4.3s] r19-m22-p0.3-s2: mode=22 exactValid=True contractValid=True depth=156.105 raw=156.10536504906918 parent=156.105 fp=aab1f1f6f7defe6c | before Nonep/Noneb after Nonep/Noneb cap=None maxDisp=None moved=None resid=None | 
[    3.7s] r19-m22-p0.3-s3: mode=22 exactValid=True contractValid=True depth=156.105 raw=156.10536504906918 parent=156.105 fp=aab1f1f6f7defe6c | before Nonep/Noneb after Nonep/Noneb cap=None maxDisp=None moved=None resid=None | 
[    5.1s] r19-m22-p0.3-s4: mode=22 exactValid=True contractValid=True depth=156.105 raw=156.10536504906918 parent=156.105 fp=aab1f1f6f7defe6c | before Nonep/Noneb after Nonep/Noneb cap=None maxDisp=None moved=None resid=None | 
[    5.4s] r19-m22-p0.3-s5: mode=22 exactValid=True contractValid=True depth=156.105 raw=156.10536504906918 parent=156.105 fp=aab1f1f6f7defe6c | before Nonep/Noneb after Nonep/Noneb cap=None maxDisp=None moved=None resid=None | 
[    3.9s] r19-m22-p0.3-s6: mode=22 exactValid=True contractValid=True depth=156.105 raw=156.10536504906918 parent=156.105 fp=aab1f1f6f7defe6c | before Nonep/Noneb after Nonep/Noneb cap=None maxDisp=None moved=None resid=None | 
[    4.1s] r19-m22-p0.3-s7: mode=22 exactValid=True contractValid=True depth=156.105 raw=156.10536504906918 parent=156.105 fp=aab1f1f6f7defe6c | before Nonep/Noneb after Nonep/Noneb cap=None maxDisp=None moved=None resid=None | 
[    4.1s] r19-m22-p2.0-s0: mode=22 exactValid=True contractValid=True depth=156.105 raw=156.10536504906918 parent=156.105 fp=aab1f1f6f7defe6c | before Nonep/Noneb after Nonep/Noneb cap=None maxDisp=None moved=None resid=None | 
[    3.8s] r19-m22-p2.0-s1: mode=22 exactValid=True contractValid=True depth=156.105 raw=156.10536504906918 parent=156.105 fp=aab1f1f6f7defe6c | before Nonep/Noneb after Nonep/Noneb cap=None maxDisp=None moved=None resid=None | 
[    4.3s] r19-m22-p2.0-s2: mode=22 exactValid=True contractValid=True depth=156.105 raw=156.10536504906918 parent=156.105 fp=aab1f1f6f7defe6c | before Nonep/Noneb after Nonep/Noneb cap=None maxDisp=None moved=None resid=None | 
[    5.1s] r19-m22-p2.0-s3: mode=22 exactValid=True contractValid=True depth=156.105 raw=156.10536504906918 parent=156.105 fp=aab1f1f6f7defe6c | before Nonep/Noneb after Nonep/Noneb cap=None maxDisp=None moved=None resid=None | 
[    5.1s] r19-m22-p2.0-s4: mode=22 exactValid=True contractValid=True depth=156.105 raw=156.10536504906918 parent=156.105 fp=aab1f1f6f7defe6c | before Nonep/Noneb after Nonep/Noneb cap=None maxDisp=None moved=None resid=None | 
[    4.2s] r19-m22-p2.0-s5: mode=22 exactValid=True contractValid=True depth=156.105 raw=156.10536504906918 parent=156.105 fp=aab1f1f6f7defe6c | before Nonep/Noneb after Nonep/Noneb cap=None maxDisp=None moved=None resid=None | 
[    3.8s] r19-m22-p2.0-s6: mode=22 exactValid=True contractValid=True depth=156.105 raw=156.10536504906918 parent=156.105 fp=aab1f1f6f7defe6c | before Nonep/Noneb after Nonep/Noneb cap=None maxDisp=None moved=None resid=None | 
[    4.4s] r19-m22-p2.0-s7: mode=22 exactValid=True contractValid=True depth=156.105 raw=156.10536504906918 parent=156.105 fp=aab1f1f6f7defe6c | before Nonep/Noneb after Nonep/Noneb cap=None maxDisp=None moved=None resid=None | 
-- r19 flatten 0.0005: depth 156.104865049, 1 moved
[    2.6s] r19-flat0.0005-m33-p0.05: mode=33 exactValid=True contractValid=True depth=156.105 raw=156.10536504906918 parent=156.105 fp=aab1f1f6f7defe6c | before Nonep/Noneb after Nonep/Noneb cap=None maxDisp=None moved=None resid=None | 
   ~ pairs=2 bnd=0 comp=1 maxComp=3 /7 ej=3 /7 att=True matDef=None orders=1/6 swaps=0 cRep=1 cRef=0 | acceptedAnchorLocal=0 acceptedOrientation=0 acceptedStation=0 acceptedVacated=3 candidates=14134 finalists=0 rows=0 variants=111
[    3.7s] r19-flat0.0005-m33-p2.0: mode=33 exactValid=True contractValid=True depth=156.105 raw=156.10536504906918 parent=156.105 fp=aab1f1f6f7defe6c | before Nonep/Noneb after Nonep/Noneb cap=None maxDisp=None moved=None resid=None | 
   ~ pairs=2 bnd=0 comp=1 maxComp=3 /7 ej=3 /7 att=True matDef=None orders=1/6 swaps=0 cRep=1 cRef=0 | acceptedAnchorLocal=0 acceptedOrientation=0 acceptedStation=0 acceptedVacated=3 candidates=14134 finalists=0 rows=0 variants=111
-- r19 flatten 0.001: depth 156.104365049, 1 moved
[    2.4s] r19-flat0.001-m33-p0.05: mode=33 exactValid=True contractValid=True depth=156.104 raw=156.10436504906917 parent=156.104 fp=cf7adf72bbdd4091 | before Nonep/Noneb after Nonep/Noneb cap=None maxDisp=None moved=None resid=None | 
   ~ pairs=2 bnd=0 comp=1 maxComp=3 /7 ej=3 /7 att=True matDef=None orders=1/6 swaps=0 cRep=1 cRef=0 | acceptedAnchorLocal=2 acceptedOrientation=0 acceptedStation=0 acceptedVacated=1 candidates=14134 finalists=0 rows=0 variants=111
*** ADOPT [B-flat] r19-flat0.001-m33-p0.05: 156.10536504906918 -> 156.10436504906917 (delta -0.001000000)
    pin=/var/lib/t3/tmp/recordline/fsline2/pins/pin-156.104365049.json sha256=fc582522599fb852ed53d50111a17cf6635f1bb7580d4685c4cb1e010acd555c fp=cf7adf72bbdd4091ce18030a5ec2e2b51145324b80dd709819921adebf38f77e
[    5.9s] r20-m22-p0.8-s0: mode=22 exactValid=True contractValid=True depth=156.103 raw=156.10336504906917 parent=156.104 fp=5bd22bd8fe3a639f | before Nonep/Noneb after Nonep/Noneb cap=None maxDisp=None moved=None resid=None | 
*** ADOPT [A-m22] r20-m22-p0.8-s0: 156.10436504906917 -> 156.10336504906917 (delta -0.001000000)
    pin=/var/lib/t3/tmp/recordline/fsline2/pins/pin-156.103365049.json sha256=8d1667665265cec2c96d51e782e3550c118887b92b61c0763d1e17b23be4e9c1 fp=5bd22bd8fe3a639f60adeb1f974149305851a2872dbd1a819d4e20c390cefa05
[    4.5s] r21-m22-p0.8-s0: mode=22 exactValid=True contractValid=True depth=156.103 raw=156.10336504906917 parent=156.103 fp=5bd22bd8fe3a639f | before Nonep/Noneb after Nonep/Noneb cap=None maxDisp=None moved=None resid=None | 
[    4.3s] r21-m22-p0.8-s1: mode=22 exactValid=True contractValid=True depth=156.103 raw=156.10336504906917 parent=156.103 fp=5bd22bd8fe3a639f | before Nonep/Noneb after Nonep/Noneb cap=None maxDisp=None moved=None resid=None | 
[    4.2s] r21-m22-p0.8-s2: mode=22 exactValid=True contractValid=True depth=156.103 raw=156.10336504906917 parent=156.103 fp=5bd22bd8fe3a639f | before Nonep/Noneb after Nonep/Noneb cap=None maxDisp=None moved=None resid=None | 
[    3.4s] r21-m22-p0.8-s3: mode=22 exactValid=True contractValid=True depth=156.103 raw=156.10336504906917 parent=156.103 fp=5bd22bd8fe3a639f | before Nonep/Noneb after Nonep/Noneb cap=None maxDisp=None moved=None resid=None | 
[    4.1s] r21-m22-p0.8-s4: mode=22 exactValid=True contractValid=True depth=156.103 raw=156.10336504906917 parent=156.103 fp=5bd22bd8fe3a639f | before Nonep/Noneb after Nonep/Noneb cap=None maxDisp=None moved=None resid=None | 
[    3.1s] r21-m22-p0.8-s5: mode=22 exactValid=True contractValid=True depth=156.103 raw=156.10336504906917 parent=156.103 fp=5bd22bd8fe3a639f | before Nonep/Noneb after Nonep/Noneb cap=None maxDisp=None moved=None resid=None | 
[    3.1s] r21-m22-p0.8-s6: mode=22 exactValid=True contractValid=True depth=156.103 raw=156.10336504906917 parent=156.103 fp=5bd22bd8fe3a639f | before Nonep/Noneb after Nonep/Noneb cap=None maxDisp=None moved=None resid=None | 
[    3.4s] r21-m22-p0.8-s7: mode=22 exactValid=True contractValid=True depth=156.103 raw=156.10336504906917 parent=156.103 fp=5bd22bd8fe3a639f | before Nonep/Noneb after Nonep/Noneb cap=None maxDisp=None moved=None resid=None | 
[    3.6s] r21-m22-p0.3-s0: mode=22 exactValid=True contractValid=True depth=156.103 raw=156.10336504906917 parent=156.103 fp=5bd22bd8fe3a639f | before Nonep/Noneb after Nonep/Noneb cap=None maxDisp=None moved=None resid=None | 
[    3.3s] r21-m22-p0.3-s1: mode=22 exactValid=True contractValid=True depth=156.103 raw=156.10336504906917 parent=156.103 fp=5bd22bd8fe3a639f | before Nonep/Noneb after Nonep/Noneb cap=None maxDisp=None moved=None resid=None | 
[    3.7s] r21-m22-p0.3-s2: mode=22 exactValid=True contractValid=True depth=156.103 raw=156.10336504906917 parent=156.103 fp=5bd22bd8fe3a639f | before Nonep/Noneb after Nonep/Noneb cap=None maxDisp=None moved=None resid=None | 
[    3.4s] r21-m22-p0.3-s3: mode=22 exactValid=True contractValid=True depth=156.103 raw=156.10336504906917 parent=156.103 fp=5bd22bd8fe3a639f | before Nonep/Noneb after Nonep/Noneb cap=None maxDisp=None moved=None resid=None | 
[    4.2s] r21-m22-p0.3-s4: mode=22 exactValid=True contractValid=True depth=156.103 raw=156.10336504906917 parent=156.103 fp=5bd22bd8fe3a639f | before Nonep/Noneb after Nonep/Noneb cap=None maxDisp=None moved=None resid=None | 
[    3.1s] r21-m22-p0.3-s5: mode=22 exactValid=True contractValid=True depth=156.103 raw=156.10336504906917 parent=156.103 fp=5bd22bd8fe3a639f | before Nonep/Noneb after Nonep/Noneb cap=None maxDisp=None moved=None resid=None | 
[    3.1s] r21-m22-p0.3-s6: mode=22 exactValid=True contractValid=True depth=156.103 raw=156.10336504906917 parent=156.103 fp=5bd22bd8fe3a639f | before Nonep/Noneb after Nonep/Noneb cap=None maxDisp=None moved=None resid=None | 
[    3.5s] r21-m22-p0.3-s7: mode=22 exactValid=True contractValid=True depth=156.103 raw=156.10336504906917 parent=156.103 fp=5bd22bd8fe3a639f | before Nonep/Noneb after Nonep/Noneb cap=None maxDisp=None moved=None resid=None | 
[    3.6s] r21-m22-p2.0-s0: mode=22 exactValid=True contractValid=True depth=156.103 raw=156.10336504906917 parent=156.103 fp=5bd22bd8fe3a639f | before Nonep/Noneb after Nonep/Noneb cap=None maxDisp=None moved=None resid=None | 
[    3.3s] r21-m22-p2.0-s1: mode=22 exactValid=True contractValid=True depth=156.103 raw=156.10336504906917 parent=156.103 fp=5bd22bd8fe3a639f | before Nonep/Noneb after Nonep/Noneb cap=None maxDisp=None moved=None resid=None | 
[    3.8s] r21-m22-p2.0-s2: mode=22 exactValid=True contractValid=True depth=156.103 raw=156.10336504906917 parent=156.103 fp=5bd22bd8fe3a639f | before Nonep/Noneb after Nonep/Noneb cap=None maxDisp=None moved=None resid=None | 
[    3.3s] r21-m22-p2.0-s3: mode=22 exactValid=True contractValid=True depth=156.103 raw=156.10336504906917 parent=156.103 fp=5bd22bd8fe3a639f | before Nonep/Noneb after Nonep/Noneb cap=None maxDisp=None moved=None resid=None | 
[    4.2s] r21-m22-p2.0-s4: mode=22 exactValid=True contractValid=True depth=156.103 raw=156.10336504906917 parent=156.103 fp=5bd22bd8fe3a639f | before Nonep/Noneb after Nonep/Noneb cap=None maxDisp=None moved=None resid=None | 
[    3.1s] r21-m22-p2.0-s5: mode=22 exactValid=True contractValid=True depth=156.103 raw=156.10336504906917 parent=156.103 fp=5bd22bd8fe3a639f | before Nonep/Noneb after Nonep/Noneb cap=None maxDisp=None moved=None resid=None | 
[    3.0s] r21-m22-p2.0-s6: mode=22 exactValid=True contractValid=True depth=156.103 raw=156.10336504906917 parent=156.103 fp=5bd22bd8fe3a639f | before Nonep/Noneb after Nonep/Noneb cap=None maxDisp=None moved=None resid=None | 
[    3.5s] r21-m22-p2.0-s7: mode=22 exactValid=True contractValid=True depth=156.103 raw=156.10336504906917 parent=156.103 fp=5bd22bd8fe3a639f | before Nonep/Noneb after Nonep/Noneb cap=None maxDisp=None moved=None resid=None | 
-- r21 flatten 0.0005: depth 156.102865049, 1 moved
[    2.2s] r21-flat0.0005-m33-p0.05: mode=33 exactValid=True contractValid=True depth=156.103 raw=156.10336504906917 parent=156.103 fp=5bd22bd8fe3a639f | before Nonep/Noneb after Nonep/Noneb cap=None maxDisp=None moved=None resid=None | 
   ~ pairs=1 bnd=0 comp=1 maxComp=2 /7 ej=2 /7 att=True matDef=None orders=1/2 swaps=0 cRep=1 cRef=0 | acceptedAnchorLocal=0 acceptedOrientation=0 acceptedStation=0 acceptedVacated=2 candidates=5180 finalists=1 rows=2590 variants=74
[    2.2s] r21-flat0.0005-m33-p2.0: mode=33 exactValid=True contractValid=True depth=156.103 raw=156.10336504906917 parent=156.103 fp=5bd22bd8fe3a639f | before Nonep/Noneb after Nonep/Noneb cap=None maxDisp=None moved=None resid=None | 
   ~ pairs=1 bnd=0 comp=1 maxComp=2 /7 ej=2 /7 att=True matDef=None orders=1/2 swaps=0 cRep=1 cRef=0 | acceptedAnchorLocal=0 acceptedOrientation=0 acceptedStation=0 acceptedVacated=2 candidates=5180 finalists=1 rows=2590 variants=74
-- r21 flatten 0.001: depth 156.102365049, 1 moved
[    2.2s] r21-flat0.001-m33-p0.05: mode=33 exactValid=True contractValid=True depth=156.105 raw=156.1052480389174 parent=156.102 fp=6b3dca0f767d8c13 | before Nonep/Noneb after Nonep/Noneb cap=None maxDisp=None moved=None resid=None | 
   ~ pairs=1 bnd=0 comp=1 maxComp=2 /7 ej=2 /7 att=True matDef=None orders=2/2 swaps=0 cRep=1 cRef=0 | acceptedAnchorLocal=0 acceptedAngles=[('604bc424-469c-4ab8-93f1-80c0fc4090b3-copy-3', 180.05945, 0.0032, False)] acceptedOrientation=1 acceptedStation=0 acceptedVacated=2 candidates=10360 finalists=4 rows=2708 variants=148
[    2.2s] r21-flat0.001-m33-p2.0: mode=33 exactValid=True contractValid=True depth=156.156 raw=156.15636504906917 parent=156.102 fp=6381dea121a43ce4 | before Nonep/Noneb after Nonep/Noneb cap=None maxDisp=None moved=None resid=None | 
   ~ pairs=1 bnd=0 comp=1 maxComp=2 /7 ej=2 /7 att=True matDef=None orders=2/2 swaps=0 cRep=1 cRef=0 | acceptedAnchorLocal=1 acceptedOrientation=0 acceptedStation=0 acceptedVacated=2 candidates=10360 finalists=0 rows=2590 variants=148
-- r21 flatten 0.002: depth 156.101365049, 1 moved
[    2.2s] r21-flat0.002-m33-p0.05: mode=33 exactValid=True contractValid=True depth=156.101 raw=156.1013650490692 parent=156.101 fp=e0a704a8d2ee28f6 | before Nonep/Noneb after Nonep/Noneb cap=None maxDisp=None moved=None resid=None | 
   ~ pairs=2 bnd=0 comp=1 maxComp=3 /7 ej=3 /7 att=True matDef=None orders=1/6 swaps=0 cRep=1 cRef=0 | acceptedAnchorLocal=2 acceptedOrientation=0 acceptedStation=0 acceptedVacated=1 candidates=14134 finalists=2 rows=1758 variants=111
*** ADOPT [B-flat] r21-flat0.002-m33-p0.05: 156.10336504906917 -> 156.1013650490692 (delta -0.002000000)
    pin=/var/lib/t3/tmp/recordline/fsline2/pins/pin-156.101365049.json sha256=15bdea1b32a53c783d93565b14e3e9b7b1647af76c6242122c3aee49b6d49b78 fp=e0a704a8d2ee28f64e144b6827782c8950d49a278a81d6fc18a16cdc15d43f1d
[    5.1s] r22-m22-p0.8-s0: mode=22 exactValid=True contractValid=True depth=156.099 raw=156.09936504906918 parent=156.101 fp=01a0572b65a5d60e | before Nonep/Noneb after Nonep/Noneb cap=None maxDisp=None moved=None resid=None | 
*** ADOPT [A-m22] r22-m22-p0.8-s0: 156.1013650490692 -> 156.09936504906918 (delta -0.002000000)
    pin=/var/lib/t3/tmp/recordline/fsline2/pins/pin-156.099365049.json sha256=b1d1386ef61b4997b166f579d53a9b642c750bf87ecc096f867c46d0efa03035 fp=01a0572b65a5d60e95ce4d65ba178224996328e5bb0309f6bae7b81c9d143e17
[    3.6s] r23-m22-p0.8-s0: mode=22 exactValid=True contractValid=True depth=156.099 raw=156.09936504906918 parent=156.099 fp=01a0572b65a5d60e | before Nonep/Noneb after Nonep/Noneb cap=None maxDisp=None moved=None resid=None | 
[    3.4s] r23-m22-p0.8-s1: mode=22 exactValid=True contractValid=True depth=156.099 raw=156.09936504906918 parent=156.099 fp=01a0572b65a5d60e | before Nonep/Noneb after Nonep/Noneb cap=None maxDisp=None moved=None resid=None | 
[    3.8s] r23-m22-p0.8-s2: mode=22 exactValid=True contractValid=True depth=156.099 raw=156.09936504906918 parent=156.099 fp=01a0572b65a5d60e | before Nonep/Noneb after Nonep/Noneb cap=None maxDisp=None moved=None resid=None | 
[    3.2s] r23-m22-p0.8-s3: mode=22 exactValid=True contractValid=True depth=156.099 raw=156.09936504906918 parent=156.099 fp=01a0572b65a5d60e | before Nonep/Noneb after Nonep/Noneb cap=None maxDisp=None moved=None resid=None | 
[    4.4s] r23-m22-p0.8-s4: mode=22 exactValid=True contractValid=True depth=156.099 raw=156.09936504906918 parent=156.099 fp=01a0572b65a5d60e | before Nonep/Noneb after Nonep/Noneb cap=None maxDisp=None moved=None resid=None | 
[    3.5s] r23-m22-p0.8-s5: mode=22 exactValid=True contractValid=True depth=156.099 raw=156.09936504906918 parent=156.099 fp=01a0572b65a5d60e | before Nonep/Noneb after Nonep/Noneb cap=None maxDisp=None moved=None resid=None | 
[    3.2s] r23-m22-p0.8-s6: mode=22 exactValid=True contractValid=True depth=156.099 raw=156.09936504906918 parent=156.099 fp=01a0572b65a5d60e | before Nonep/Noneb after Nonep/Noneb cap=None maxDisp=None moved=None resid=None | 
[    3.6s] r23-m22-p0.8-s7: mode=22 exactValid=True contractValid=True depth=156.099 raw=156.09936504906918 parent=156.099 fp=01a0572b65a5d60e | before Nonep/Noneb after Nonep/Noneb cap=None maxDisp=None moved=None resid=None | 
[    3.7s] r23-m22-p0.3-s0: mode=22 exactValid=True contractValid=True depth=156.099 raw=156.09936504906918 parent=156.099 fp=01a0572b65a5d60e | before Nonep/Noneb after Nonep/Noneb cap=None maxDisp=None moved=None resid=None | 
[    3.6s] r23-m22-p0.3-s1: mode=22 exactValid=True contractValid=True depth=156.099 raw=156.09936504906918 parent=156.099 fp=01a0572b65a5d60e | before Nonep/Noneb after Nonep/Noneb cap=None maxDisp=None moved=None resid=None | 
[    4.0s] r23-m22-p0.3-s2: mode=22 exactValid=True contractValid=True depth=156.099 raw=156.09936504906918 parent=156.099 fp=01a0572b65a5d60e | before Nonep/Noneb after Nonep/Noneb cap=None maxDisp=None moved=None resid=None | 
[    3.2s] r23-m22-p0.3-s3: mode=22 exactValid=True contractValid=True depth=156.099 raw=156.09936504906918 parent=156.099 fp=01a0572b65a5d60e | before Nonep/Noneb after Nonep/Noneb cap=None maxDisp=None moved=None resid=None | 
[    4.2s] r23-m22-p0.3-s4: mode=22 exactValid=True contractValid=True depth=156.099 raw=156.09936504906918 parent=156.099 fp=01a0572b65a5d60e | before Nonep/Noneb after Nonep/Noneb cap=None maxDisp=None moved=None resid=None | 
[    3.2s] r23-m22-p0.3-s5: mode=22 exactValid=True contractValid=True depth=156.099 raw=156.09936504906918 parent=156.099 fp=01a0572b65a5d60e | before Nonep/Noneb after Nonep/Noneb cap=None maxDisp=None moved=None resid=None | 
[    3.2s] r23-m22-p0.3-s6: mode=22 exactValid=True contractValid=True depth=156.099 raw=156.09936504906918 parent=156.099 fp=01a0572b65a5d60e | before Nonep/Noneb after Nonep/Noneb cap=None maxDisp=None moved=None resid=None | 
[    3.5s] r23-m22-p0.3-s7: mode=22 exactValid=True contractValid=True depth=156.099 raw=156.09936504906918 parent=156.099 fp=01a0572b65a5d60e | before Nonep/Noneb after Nonep/Noneb cap=None maxDisp=None moved=None resid=None | 
[    3.6s] r23-m22-p2.0-s0: mode=22 exactValid=True contractValid=True depth=156.099 raw=156.09936504906918 parent=156.099 fp=01a0572b65a5d60e | before Nonep/Noneb after Nonep/Noneb cap=None maxDisp=None moved=None resid=None | 
[    3.4s] r23-m22-p2.0-s1: mode=22 exactValid=True contractValid=True depth=156.099 raw=156.09936504906918 parent=156.099 fp=01a0572b65a5d60e | before Nonep/Noneb after Nonep/Noneb cap=None maxDisp=None moved=None resid=None | 
[    3.9s] r23-m22-p2.0-s2: mode=22 exactValid=True contractValid=True depth=156.099 raw=156.09936504906918 parent=156.099 fp=01a0572b65a5d60e | before Nonep/Noneb after Nonep/Noneb cap=None maxDisp=None moved=None resid=None | 
[    3.3s] r23-m22-p2.0-s3: mode=22 exactValid=True contractValid=True depth=156.099 raw=156.09936504906918 parent=156.099 fp=01a0572b65a5d60e | before Nonep/Noneb after Nonep/Noneb cap=None maxDisp=None moved=None resid=None | 
[    4.3s] r23-m22-p2.0-s4: mode=22 exactValid=True contractValid=True depth=156.099 raw=156.09936504906918 parent=156.099 fp=01a0572b65a5d60e | before Nonep/Noneb after Nonep/Noneb cap=None maxDisp=None moved=None resid=None | 
[    3.4s] r23-m22-p2.0-s5: mode=22 exactValid=True contractValid=True depth=156.099 raw=156.09936504906918 parent=156.099 fp=01a0572b65a5d60e | before Nonep/Noneb after Nonep/Noneb cap=None maxDisp=None moved=None resid=None | 
[    3.1s] r23-m22-p2.0-s6: mode=22 exactValid=True contractValid=True depth=156.099 raw=156.09936504906918 parent=156.099 fp=01a0572b65a5d60e | before Nonep/Noneb after Nonep/Noneb cap=None maxDisp=None moved=None resid=None | 
[    3.5s] r23-m22-p2.0-s7: mode=22 exactValid=True contractValid=True depth=156.099 raw=156.09936504906918 parent=156.099 fp=01a0572b65a5d60e | before Nonep/Noneb after Nonep/Noneb cap=None maxDisp=None moved=None resid=None | 
-- r23 flatten 0.0005: depth 156.098865049, 1 moved
[    2.1s] r23-flat0.0005-m33-p0.05: mode=33 exactValid=True contractValid=True depth=156.099 raw=156.09936504906918 parent=156.099 fp=01a0572b65a5d60e | before Nonep/Noneb after Nonep/Noneb cap=None maxDisp=None moved=None resid=None | 
   ~ pairs=1 bnd=0 comp=1 maxComp=2 /7 ej=2 /7 att=True matDef=None orders=1/2 swaps=0 cRep=1 cRef=0 | acceptedAnchorLocal=0 acceptedOrientation=0 acceptedStation=0 acceptedVacated=2 candidates=5254 finalists=3 rows=38 variants=74
[    2.2s] r23-flat0.0005-m33-p2.0: mode=33 exactValid=True contractValid=True depth=156.099 raw=156.09936504906918 parent=156.099 fp=01a0572b65a5d60e | before Nonep/Noneb after Nonep/Noneb cap=None maxDisp=None moved=None resid=None | 
   ~ pairs=1 bnd=0 comp=1 maxComp=2 /7 ej=2 /7 att=True matDef=None orders=1/2 swaps=0 cRep=1 cRef=0 | acceptedAnchorLocal=0 acceptedOrientation=0 acceptedStation=0 acceptedVacated=2 candidates=5254 finalists=2 rows=19 variants=74
-- r23 flatten 0.001: depth 156.098365049, 1 moved
[    2.2s] r23-flat0.001-m33-p0.05: mode=33 exactValid=True contractValid=True depth=156.101 raw=156.10124803891742 parent=156.098 fp=c82ff79736945f89 | before Nonep/Noneb after Nonep/Noneb cap=None maxDisp=None moved=None resid=None | 
   ~ pairs=1 bnd=0 comp=1 maxComp=2 /7 ej=2 /7 att=True matDef=None orders=1/2 swaps=0 cRep=1 cRef=0 | acceptedAnchorLocal=0 acceptedAngles=[('604bc424-469c-4ab8-93f1-80c0fc4090b3-copy-3', 180.05945, 0.0032, False)] acceptedOrientation=1 acceptedStation=0 acceptedVacated=1 candidates=5254 finalists=6 rows=137 variants=74
[    2.3s] r23-flat0.001-m33-p2.0: mode=33 exactValid=True contractValid=True depth=156.187 raw=156.18736504906917 parent=156.098 fp=e975bffd3e6a87da | before Nonep/Noneb after Nonep/Noneb cap=None maxDisp=None moved=None resid=None | 
   ~ pairs=1 bnd=0 comp=1 maxComp=2 /7 ej=2 /7 att=True matDef=None orders=1/2 swaps=0 cRep=1 cRef=0 | acceptedAnchorLocal=1 acceptedOrientation=0 acceptedStation=0 acceptedVacated=1 candidates=5254 finalists=2 rows=19 variants=74
-- r23 flatten 0.002: depth 156.097365049, 1 moved
[    2.2s] r23-flat0.002-m33-p0.05: mode=33 exactValid=True contractValid=True depth=156.097 raw=156.09736504906917 parent=156.097 fp=8879719a2d985f3e | before Nonep/Noneb after Nonep/Noneb cap=None maxDisp=None moved=None resid=None | 
   ~ pairs=2 bnd=0 comp=1 maxComp=3 /7 ej=3 /7 att=True matDef=None orders=1/6 swaps=0 cRep=1 cRef=0 | acceptedAnchorLocal=2 acceptedOrientation=0 acceptedStation=0 acceptedVacated=1 candidates=14134 finalists=0 rows=0 variants=111
*** ADOPT [B-flat] r23-flat0.002-m33-p0.05: 156.09936504906918 -> 156.09736504906917 (delta -0.002000000)
    pin=/var/lib/t3/tmp/recordline/fsline2/pins/pin-156.097365049.json sha256=65c997adc2d50232dd39ee2b39da93680a13316ed55db375c9a1ad53255a7e50 fp=8879719a2d985f3ee44bf20c931e20c4f1f60f7a149d12684d95b762a0530634
[    3.5s] r24-m22-p0.8-s0: mode=22 exactValid=True contractValid=True depth=156.097 raw=156.09736504906917 parent=156.097 fp=8879719a2d985f3e | before Nonep/Noneb after Nonep/Noneb cap=None maxDisp=None moved=None resid=None | 
[    3.5s] r24-m22-p0.8-s1: mode=22 exactValid=True contractValid=True depth=156.097 raw=156.09736504906917 parent=156.097 fp=8879719a2d985f3e | before Nonep/Noneb after Nonep/Noneb cap=None maxDisp=None moved=None resid=None | 
[    3.7s] r24-m22-p0.8-s2: mode=22 exactValid=True contractValid=True depth=156.097 raw=156.09736504906917 parent=156.097 fp=8879719a2d985f3e | before Nonep/Noneb after Nonep/Noneb cap=None maxDisp=None moved=None resid=None | 
[    3.3s] r24-m22-p0.8-s3: mode=22 exactValid=True contractValid=True depth=156.097 raw=156.09736504906917 parent=156.097 fp=8879719a2d985f3e | before Nonep/Noneb after Nonep/Noneb cap=None maxDisp=None moved=None resid=None | 
[    4.2s] r24-m22-p0.8-s4: mode=22 exactValid=True contractValid=True depth=156.097 raw=156.09736504906917 parent=156.097 fp=8879719a2d985f3e | before Nonep/Noneb after Nonep/Noneb cap=None maxDisp=None moved=None resid=None | 
[    3.3s] r24-m22-p0.8-s5: mode=22 exactValid=True contractValid=True depth=156.097 raw=156.09736504906917 parent=156.097 fp=8879719a2d985f3e | before Nonep/Noneb after Nonep/Noneb cap=None maxDisp=None moved=None resid=None | 
[    3.0s] r24-m22-p0.8-s6: mode=22 exactValid=True contractValid=True depth=156.097 raw=156.09736504906917 parent=156.097 fp=8879719a2d985f3e | before Nonep/Noneb after Nonep/Noneb cap=None maxDisp=None moved=None resid=None | 
[    3.3s] r24-m22-p0.8-s7: mode=22 exactValid=True contractValid=True depth=156.097 raw=156.09736504906917 parent=156.097 fp=8879719a2d985f3e | before Nonep/Noneb after Nonep/Noneb cap=None maxDisp=None moved=None resid=None | 
[    3.4s] r24-m22-p0.3-s0: mode=22 exactValid=True contractValid=True depth=156.097 raw=156.09736504906917 parent=156.097 fp=8879719a2d985f3e | before Nonep/Noneb after Nonep/Noneb cap=None maxDisp=None moved=None resid=None | 
[    3.3s] r24-m22-p0.3-s1: mode=22 exactValid=True contractValid=True depth=156.097 raw=156.09736504906917 parent=156.097 fp=8879719a2d985f3e | before Nonep/Noneb after Nonep/Noneb cap=None maxDisp=None moved=None resid=None | 
[    3.6s] r24-m22-p0.3-s2: mode=22 exactValid=True contractValid=True depth=156.097 raw=156.09736504906917 parent=156.097 fp=8879719a2d985f3e | before Nonep/Noneb after Nonep/Noneb cap=None maxDisp=None moved=None resid=None | 
[    3.2s] r24-m22-p0.3-s3: mode=22 exactValid=True contractValid=True depth=156.097 raw=156.09736504906917 parent=156.097 fp=8879719a2d985f3e | before Nonep/Noneb after Nonep/Noneb cap=None maxDisp=None moved=None resid=None | 
[    4.0s] r24-m22-p0.3-s4: mode=22 exactValid=True contractValid=True depth=156.097 raw=156.09736504906917 parent=156.097 fp=8879719a2d985f3e | before Nonep/Noneb after Nonep/Noneb cap=None maxDisp=None moved=None resid=None | 
[    3.2s] r24-m22-p0.3-s5: mode=22 exactValid=True contractValid=True depth=156.097 raw=156.09736504906917 parent=156.097 fp=8879719a2d985f3e | before Nonep/Noneb after Nonep/Noneb cap=None maxDisp=None moved=None resid=None | 
[    3.0s] r24-m22-p0.3-s6: mode=22 exactValid=True contractValid=True depth=156.097 raw=156.09736504906917 parent=156.097 fp=8879719a2d985f3e | before Nonep/Noneb after Nonep/Noneb cap=None maxDisp=None moved=None resid=None | 
[    3.3s] r24-m22-p0.3-s7: mode=22 exactValid=True contractValid=True depth=156.097 raw=156.09736504906917 parent=156.097 fp=8879719a2d985f3e | before Nonep/Noneb after Nonep/Noneb cap=None maxDisp=None moved=None resid=None | 
[    3.4s] r24-m22-p2.0-s0: mode=22 exactValid=True contractValid=True depth=156.097 raw=156.09736504906917 parent=156.097 fp=8879719a2d985f3e | before Nonep/Noneb after Nonep/Noneb cap=None maxDisp=None moved=None resid=None | 
[    3.3s] r24-m22-p2.0-s1: mode=22 exactValid=True contractValid=True depth=156.097 raw=156.09736504906917 parent=156.097 fp=8879719a2d985f3e | before Nonep/Noneb after Nonep/Noneb cap=None maxDisp=None moved=None resid=None | 
[    3.6s] r24-m22-p2.0-s2: mode=22 exactValid=True contractValid=True depth=156.097 raw=156.09736504906917 parent=156.097 fp=8879719a2d985f3e | before Nonep/Noneb after Nonep/Noneb cap=None maxDisp=None moved=None resid=None | 
[    3.2s] r24-m22-p2.0-s3: mode=22 exactValid=True contractValid=True depth=156.097 raw=156.09736504906917 parent=156.097 fp=8879719a2d985f3e | before Nonep/Noneb after Nonep/Noneb cap=None maxDisp=None moved=None resid=None | 
[    4.0s] r24-m22-p2.0-s4: mode=22 exactValid=True contractValid=True depth=156.097 raw=156.09736504906917 parent=156.097 fp=8879719a2d985f3e | before Nonep/Noneb after Nonep/Noneb cap=None maxDisp=None moved=None resid=None | 
[    3.1s] r24-m22-p2.0-s5: mode=22 exactValid=True contractValid=True depth=156.097 raw=156.09736504906917 parent=156.097 fp=8879719a2d985f3e | before Nonep/Noneb after Nonep/Noneb cap=None maxDisp=None moved=None resid=None | 
[    2.9s] r24-m22-p2.0-s6: mode=22 exactValid=True contractValid=True depth=156.097 raw=156.09736504906917 parent=156.097 fp=8879719a2d985f3e | before Nonep/Noneb after Nonep/Noneb cap=None maxDisp=None moved=None resid=None | 
[    3.3s] r24-m22-p2.0-s7: mode=22 exactValid=True contractValid=True depth=156.097 raw=156.09736504906917 parent=156.097 fp=8879719a2d985f3e | before Nonep/Noneb after Nonep/Noneb cap=None maxDisp=None moved=None resid=None | 
[   23.6s] r24-m34-w20-s0.25-s5: mode=34 exactValid=True contractValid=True depth=156.097 raw=156.09736504906917 parent=156.097 fp=8879719a2d985f3e | before Nonep/Noneb after Nonep/Noneb cap=None maxDisp=None moved=None resid=None |   spec=past=1,work=20000000,step=0.25
   schedule {"candidateQueries": 20002078, "confirmEvery": 4, "confirmationMs": 0.0, "confirmationsAccepted": 0, "confirmationsAttempted": 0, "confirmationsRefused": 0, "confirmationsSkippedInfeasible": 4426, "continuePastBound": true, "exactPairTests": 0, "exitCause": "workCap", "finalDepthMm": 155.20275, "floorDepthMm": 156.31, "microLegalizationsAccepted": 0, "microLegalizationsAttempted": 0, "parentBoundaryViolations": 8, "parentCollisionPairs": 34, "parentProxyFeasible": false, "repairMs": 21627.82914799999, "rollbackAfterSteps": 0, "rollbacks": 0, "startDepthMm": 156.31, "stepMm": 0.00025, "stepsPlanned": 1200, "stepsTaken": 4429, "sweepsPerStep": 6, "sweepsRun": 26574, "targetDepthMm": 156.01, "workCapQueries": 20000000, "workUnits": 20002078}
[   23.6s] r24-m34-w20-s1-s5: mode=34 exactValid=True contractValid=True depth=156.097 raw=156.09736504906917 parent=156.097 fp=8879719a2d985f3e | before Nonep/Noneb after Nonep/Noneb cap=None maxDisp=None moved=None resid=None |   spec=past=1,work=20000000,step=1
   schedule {"candidateQueries": 20000333, "confirmEvery": 4, "confirmationMs": 0.0, "confirmationsAccepted": 0, "confirmationsAttempted": 0, "confirmationsRefused": 0, "confirmationsSkippedInfeasible": 2652, "continuePastBound": true, "exactPairTests": 0, "exitCause": "workCap", "finalDepthMm": 153.655, "floorDepthMm": 156.31, "microLegalizationsAccepted": 0, "microLegalizationsAttempted": 0, "parentBoundaryViolations": 8, "parentCollisionPairs": 34, "parentProxyFeasible": false, "repairMs": 21722.587552999987, "rollbackAfterSteps": 0, "rollbacks": 0, "startDepthMm": 156.31, "stepMm": 0.001, "stepsPlanned": 300, "stepsTaken": 2655, "sweepsPerStep": 6, "sweepsRun": 15930, "targetDepthMm": 156.01, "workCapQueries": 20000000, "workUnits": 20000333}
[   23.5s] r24-m34-w20-s0.5-s5: mode=34 exactValid=True contractValid=True depth=156.097 raw=156.09736504906917 parent=156.097 fp=8879719a2d985f3e | before Nonep/Noneb after Nonep/Noneb cap=None maxDisp=None moved=None resid=None |   spec=past=1,work=20000000,step=0.5
   schedule {"candidateQueries": 20005022, "confirmEvery": 4, "confirmationMs": 0.0, "confirmationsAccepted": 0, "confirmationsAttempted": 0, "confirmationsRefused": 0, "confirmationsSkippedInfeasible": 2780, "continuePastBound": true, "exactPairTests": 0, "exitCause": "workCap", "finalDepthMm": 154.9185, "floorDepthMm": 156.31, "microLegalizationsAccepted": 0, "microLegalizationsAttempted": 0, "parentBoundaryViolations": 8, "parentCollisionPairs": 34, "parentProxyFeasible": false, "repairMs": 21641.415136999974, "rollbackAfterSteps": 0, "rollbacks": 0, "startDepthMm": 156.31, "stepMm": 0.0005, "stepsPlanned": 600, "stepsTaken": 2783, "sweepsPerStep": 6, "sweepsRun": 16698, "targetDepthMm": 156.01, "workCapQueries": 20000000, "workUnits": 20005022}
[   22.2s] r24-m34-w20-s0.1-s5: mode=34 exactValid=True contractValid=True depth=156.097 raw=156.09736504906917 parent=156.097 fp=8879719a2d985f3e | before Nonep/Noneb after Nonep/Noneb cap=None maxDisp=None moved=None resid=None |   spec=past=1,work=20000000,step=0.1
   schedule {"candidateQueries": 20000350, "confirmEvery": 4, "confirmationMs": 0.0, "confirmationsAccepted": 0, "confirmationsAttempted": 0, "confirmationsRefused": 0, "confirmationsSkippedInfeasible": 3779, "continuePastBound": true, "exactPairTests": 0, "exitCause": "workCap", "finalDepthMm": 155.93179999997798, "floorDepthMm": 156.31, "microLegalizationsAccepted": 0, "microLegalizationsAttempted": 0, "parentBoundaryViolations": 8, "parentCollisionPairs": 34, "parentProxyFeasible": false, "repairMs": 20296.27793899997, "rollbackAfterSteps": 0, "rollbacks": 0, "startDepthMm": 156.31, "stepMm": 0.0001, "stepsPlanned": 3000, "stepsTaken": 3782, "sweepsPerStep": 6, "sweepsRun": 22692, "targetDepthMm": 156.01, "workCapQueries": 20000000, "workUnits": 20000350}
[   68.3s] r24-m34-w60-s0.25-s5: mode=34 exactValid=True contractValid=True depth=156.097 raw=156.09736504906917 parent=156.097 fp=8879719a2d985f3e | before Nonep/Noneb after Nonep/Noneb cap=None maxDisp=None moved=None resid=None |   spec=past=1,work=60000000,step=0.25
   schedule {"candidateQueries": 60000571, "confirmEvery": 4, "confirmationMs": 0.0, "confirmationsAccepted": 0, "confirmationsAttempted": 0, "confirmationsRefused": 0, "confirmationsSkippedInfeasible": 8583, "continuePastBound": true, "exactPairTests": 0, "exitCause": "workCap", "finalDepthMm": 154.1635, "floorDepthMm": 156.31, "microLegalizationsAccepted": 0, "microLegalizationsAttempted": 0, "parentBoundaryViolations": 8, "parentCollisionPairs": 34, "parentProxyFeasible": false, "repairMs": 66013.19640599997, "rollbackAfterSteps": 0, "rollbacks": 0, "startDepthMm": 156.31, "stepMm": 0.00025, "stepsPlanned": 1200, "stepsTaken": 8586, "sweepsPerStep": 6, "sweepsRun": 51516, "targetDepthMm": 156.01, "workCapQueries": 60000000, "workUnits": 60000571}
[   23.7s] r24-m34-w20-s0.25-c1-s5: mode=34 exactValid=True contractValid=True depth=156.097 raw=156.09736504906917 parent=156.097 fp=8879719a2d985f3e | before Nonep/Noneb after Nonep/Noneb cap=None maxDisp=None moved=None resid=None |   spec=past=1,work=20000000,step=0.25,confirm=1
   schedule {"candidateQueries": 20002078, "confirmEvery": 1, "confirmationMs": 0.0, "confirmationsAccepted": 0, "confirmationsAttempted": 0, "confirmationsRefused": 0, "confirmationsSkippedInfeasible": 4429, "continuePastBound": true, "exactPairTests": 0, "exitCause": "workCap", "finalDepthMm": 155.20275, "floorDepthMm": 156.31, "microLegalizationsAccepted": 0, "microLegalizationsAttempted": 0, "parentBoundaryViolations": 8, "parentCollisionPairs": 34, "parentProxyFeasible": false, "repairMs": 21655.90225899995, "rollbackAfterSteps": 0, "rollbacks": 0, "startDepthMm": 156.31, "stepMm": 0.00025, "stepsPlanned": 1200, "stepsTaken": 4429, "sweepsPerStep": 6, "sweepsRun": 26574, "targetDepthMm": 156.01, "workCapQueries": 20000000, "workUnits": 20002078}
[   24.0s] r24-m34-w20-s0.25-s0: mode=34 exactValid=True contractValid=True depth=156.097 raw=156.09736504906917 parent=156.097 fp=8879719a2d985f3e | before Nonep/Noneb after Nonep/Noneb cap=None maxDisp=None moved=None resid=None |   spec=past=1,work=20000000,step=0.25
   schedule {"candidateQueries": 20000599, "confirmEvery": 4, "confirmationMs": 0.0, "confirmationsAccepted": 0, "confirmationsAttempted": 0, "confirmationsRefused": 0, "confirmationsSkippedInfeasible": 3331, "continuePastBound": true, "exactPairTests": 0, "exitCause": "workCap", "finalDepthMm": 155.4765, "floorDepthMm": 156.31, "microLegalizationsAccepted": 0, "microLegalizationsAttempted": 0, "parentBoundaryViolations": 8, "parentCollisionPairs": 34, "parentProxyFeasible": false, "repairMs": 21687.72265700001, "rollbackAfterSteps": 0, "rollbacks": 0, "startDepthMm": 156.31, "stepMm": 0.00025, "stepsPlanned": 1200, "stepsTaken": 3334, "sweepsPerStep": 6, "sweepsRun": 20004, "targetDepthMm": 156.01, "workCapQueries": 20000000, "workUnits": 20000599}
[   24.1s] r24-m34-w20-s1-s0: mode=34 exactValid=True contractValid=True depth=156.097 raw=156.09736504906917 parent=156.097 fp=8879719a2d985f3e | before Nonep/Noneb after Nonep/Noneb cap=None maxDisp=None moved=None resid=None |   spec=past=1,work=20000000,step=1
   schedule {"candidateQueries": 20001745, "confirmEvery": 4, "confirmationMs": 0.0, "confirmationsAccepted": 0, "confirmationsAttempted": 0, "confirmationsRefused": 0, "confirmationsSkippedInfeasible": 3142, "continuePastBound": true, "exactPairTests": 0, "exitCause": "workCap", "finalDepthMm": 153.165, "floorDepthMm": 156.31, "microLegalizationsAccepted": 0, "microLegalizationsAttempted": 0, "parentBoundaryViolations": 8, "parentCollisionPairs": 34, "parentProxyFeasible": false, "repairMs": 21858.661798999998, "rollbackAfterSteps": 0, "rollbacks": 0, "startDepthMm": 156.31, "stepMm": 0.001, "stepsPlanned": 300, "stepsTaken": 3145, "sweepsPerStep": 6, "sweepsRun": 18870, "targetDepthMm": 156.01, "workCapQueries": 20000000, "workUnits": 20001745}
[   23.3s] r24-m34-w20-s0.5-s0: mode=34 exactValid=True contractValid=True depth=156.097 raw=156.09736504906917 parent=156.097 fp=8879719a2d985f3e | before Nonep/Noneb after Nonep/Noneb cap=None maxDisp=None moved=None resid=None |   spec=past=1,work=20000000,step=0.5
   schedule {"candidateQueries": 20005502, "confirmEvery": 4, "confirmationMs": 0.0, "confirmationsAccepted": 0, "confirmationsAttempted": 0, "confirmationsRefused": 0, "confirmationsSkippedInfeasible": 3225, "continuePastBound": true, "exactPairTests": 0, "exitCause": "workCap", "finalDepthMm": 154.696, "floorDepthMm": 156.31, "microLegalizationsAccepted": 0, "microLegalizationsAttempted": 0, "parentBoundaryViolations": 8, "parentCollisionPairs": 34, "parentProxyFeasible": false, "repairMs": 20879.200748999974, "rollbackAfterSteps": 0, "rollbacks": 0, "startDepthMm": 156.31, "stepMm": 0.0005, "stepsPlanned": 600, "stepsTaken": 3228, "sweepsPerStep": 6, "sweepsRun": 19368, "targetDepthMm": 156.01, "workCapQueries": 20000000, "workUnits": 20005502}
[   22.2s] r24-m34-w20-s0.1-s0: mode=34 exactValid=True contractValid=True depth=156.097 raw=156.09736504906917 parent=156.097 fp=8879719a2d985f3e | before Nonep/Noneb after Nonep/Noneb cap=None maxDisp=None moved=None resid=None |   spec=past=1,work=20000000,step=0.1
   schedule {"candidateQueries": 20002024, "confirmEvery": 4, "confirmationMs": 0.0, "confirmationsAccepted": 0, "confirmationsAttempted": 0, "confirmationsRefused": 0, "confirmationsSkippedInfeasible": 4597, "continuePastBound": true, "exactPairTests": 0, "exitCause": "workCap", "finalDepthMm": 155.84999999997322, "floorDepthMm": 156.31, "microLegalizationsAccepted": 0, "microLegalizationsAttempted": 0, "parentBoundaryViolations": 8, "parentCollisionPairs": 34, "parentProxyFeasible": false, "repairMs": 19747.46468899997, "rollbackAfterSteps": 0, "rollbacks": 0, "startDepthMm": 156.31, "stepMm": 0.0001, "stepsPlanned": 3000, "stepsTaken": 4600, "sweepsPerStep": 6, "sweepsRun": 27600, "targetDepthMm": 156.01, "workCapQueries": 20000000, "workUnits": 20002024}
[   70.5s] r24-m34-w60-s0.25-s0: mode=34 exactValid=True contractValid=True depth=156.097 raw=156.09736504906917 parent=156.097 fp=8879719a2d985f3e | before Nonep/Noneb after Nonep/Noneb cap=None maxDisp=None moved=None resid=None |   spec=past=1,work=60000000,step=0.25
   schedule {"candidateQueries": 60007816, "confirmEvery": 4, "confirmationMs": 0.0, "confirmationsAccepted": 0, "confirmationsAttempted": 0, "confirmationsRefused": 0, "confirmationsSkippedInfeasible": 8061, "continuePastBound": true, "exactPairTests": 0, "exitCause": "workCap", "finalDepthMm": 154.294, "floorDepthMm": 156.31, "microLegalizationsAccepted": 0, "microLegalizationsAttempted": 0, "parentBoundaryViolations": 8, "parentCollisionPairs": 34, "parentProxyFeasible": false, "repairMs": 67805.56005600019, "rollbackAfterSteps": 0, "rollbacks": 0, "startDepthMm": 156.31, "stepMm": 0.00025, "stepsPlanned": 1200, "stepsTaken": 8064, "sweepsPerStep": 6, "sweepsRun": 48384, "targetDepthMm": 156.01, "workCapQueries": 60000000, "workUnits": 60007816}
[   24.1s] r24-m34-w20-s0.25-c1-s0: mode=34 exactValid=True contractValid=True depth=156.097 raw=156.09736504906917 parent=156.097 fp=8879719a2d985f3e | before Nonep/Noneb after Nonep/Noneb cap=None maxDisp=None moved=None resid=None |   spec=past=1,work=20000000,step=0.25,confirm=1
   schedule {"candidateQueries": 20000599, "confirmEvery": 1, "confirmationMs": 0.0, "confirmationsAccepted": 0, "confirmationsAttempted": 0, "confirmationsRefused": 0, "confirmationsSkippedInfeasible": 3334, "continuePastBound": true, "exactPairTests": 0, "exitCause": "workCap", "finalDepthMm": 155.4765, "floorDepthMm": 156.31, "microLegalizationsAccepted": 0, "microLegalizationsAttempted": 0, "parentBoundaryViolations": 8, "parentCollisionPairs": 34, "parentProxyFeasible": false, "repairMs": 21688.941910999994, "rollbackAfterSteps": 0, "rollbacks": 0, "startDepthMm": 156.31, "stepMm": 0.00025, "stepsPlanned": 1200, "stepsTaken": 3334, "sweepsPerStep": 6, "sweepsRun": 20004, "targetDepthMm": 156.01, "workCapQueries": 20000000, "workUnits": 20000599}
-- r24 flatten 0.0005: depth 156.096865049, 1 moved
[    2.2s] r24-flat0.0005-m33-p0.05: mode=33 exactValid=True contractValid=True depth=156.097 raw=156.09736504906917 parent=156.097 fp=8879719a2d985f3e | before Nonep/Noneb after Nonep/Noneb cap=None maxDisp=None moved=None resid=None | 
   ~ pairs=2 bnd=0 comp=1 maxComp=3 /7 ej=3 /7 att=True matDef=None orders=1/6 swaps=0 cRep=1 cRef=0 | acceptedAnchorLocal=0 acceptedOrientation=0 acceptedStation=0 acceptedVacated=3 candidates=14134 finalists=0 rows=0 variants=111
[    2.3s] r24-flat0.0005-m33-p2.0: mode=33 exactValid=True contractValid=True depth=156.097 raw=156.09736504906917 parent=156.097 fp=8879719a2d985f3e | before Nonep/Noneb after Nonep/Noneb cap=None maxDisp=None moved=None resid=None | 
   ~ pairs=2 bnd=0 comp=1 maxComp=3 /7 ej=3 /7 att=True matDef=None orders=1/6 swaps=0 cRep=1 cRef=0 | acceptedAnchorLocal=0 acceptedOrientation=0 acceptedStation=0 acceptedVacated=3 candidates=14134 finalists=0 rows=0 variants=111
-- r24 flatten 0.001: depth 156.096365049, 1 moved
[    2.3s] r24-flat0.001-m33-p0.05: mode=33 exactValid=True contractValid=True depth=156.096 raw=156.0963650490692 parent=156.096 fp=581cb7e049288141 | before Nonep/Noneb after Nonep/Noneb cap=None maxDisp=None moved=None resid=None | 
   ~ pairs=2 bnd=0 comp=1 maxComp=3 /7 ej=3 /7 att=True matDef=None orders=1/6 swaps=0 cRep=1 cRef=0 | acceptedAnchorLocal=2 acceptedOrientation=0 acceptedStation=0 acceptedVacated=1 candidates=14134 finalists=0 rows=0 variants=111
*** ADOPT [B-flat] r24-flat0.001-m33-p0.05: 156.09736504906917 -> 156.0963650490692 (delta -0.001000000)
    pin=/var/lib/t3/tmp/recordline/fsline2/pins/pin-156.096365049.json sha256=2187eaefc480d568eb9666c375b099aed6bd7b50f1a87c95ef2273f2aa26a316 fp=581cb7e0492881410fdfb36b31923c9e400ff937998a70c0fd3ff6077e4b8219
[    3.6s] r25-m22-p0.8-s0: mode=22 exactValid=True contractValid=True depth=156.096 raw=156.0963650490692 parent=156.096 fp=581cb7e049288141 | before Nonep/Noneb after Nonep/Noneb cap=None maxDisp=None moved=None resid=None | 
[    3.4s] r25-m22-p0.8-s1: mode=22 exactValid=True contractValid=True depth=156.096 raw=156.0963650490692 parent=156.096 fp=581cb7e049288141 | before Nonep/Noneb after Nonep/Noneb cap=None maxDisp=None moved=None resid=None | 
[    3.7s] r25-m22-p0.8-s2: mode=22 exactValid=True contractValid=True depth=156.096 raw=156.0963650490692 parent=156.096 fp=581cb7e049288141 | before Nonep/Noneb after Nonep/Noneb cap=None maxDisp=None moved=None resid=None | 
[    3.3s] r25-m22-p0.8-s3: mode=22 exactValid=True contractValid=True depth=156.096 raw=156.0963650490692 parent=156.096 fp=581cb7e049288141 | before Nonep/Noneb after Nonep/Noneb cap=None maxDisp=None moved=None resid=None | 
[    4.1s] r25-m22-p0.8-s4: mode=22 exactValid=True contractValid=True depth=156.096 raw=156.0963650490692 parent=156.096 fp=581cb7e049288141 | before Nonep/Noneb after Nonep/Noneb cap=None maxDisp=None moved=None resid=None | 
[    3.3s] r25-m22-p0.8-s5: mode=22 exactValid=True contractValid=True depth=156.096 raw=156.0963650490692 parent=156.096 fp=581cb7e049288141 | before Nonep/Noneb after Nonep/Noneb cap=None maxDisp=None moved=None resid=None | 
[    3.0s] r25-m22-p0.8-s6: mode=22 exactValid=True contractValid=True depth=156.096 raw=156.0963650490692 parent=156.096 fp=581cb7e049288141 | before Nonep/Noneb after Nonep/Noneb cap=None maxDisp=None moved=None resid=None | 
[    3.4s] r25-m22-p0.8-s7: mode=22 exactValid=True contractValid=True depth=156.096 raw=156.0963650490692 parent=156.096 fp=581cb7e049288141 | before Nonep/Noneb after Nonep/Noneb cap=None maxDisp=None moved=None resid=None | 
[    3.7s] r25-m22-p0.3-s0: mode=22 exactValid=True contractValid=True depth=156.096 raw=156.0963650490692 parent=156.096 fp=581cb7e049288141 | before Nonep/Noneb after Nonep/Noneb cap=None maxDisp=None moved=None resid=None | 
[    3.4s] r25-m22-p0.3-s1: mode=22 exactValid=True contractValid=True depth=156.096 raw=156.0963650490692 parent=156.096 fp=581cb7e049288141 | before Nonep/Noneb after Nonep/Noneb cap=None maxDisp=None moved=None resid=None | 
[    3.8s] r25-m22-p0.3-s2: mode=22 exactValid=True contractValid=True depth=156.096 raw=156.0963650490692 parent=156.096 fp=581cb7e049288141 | before Nonep/Noneb after Nonep/Noneb cap=None maxDisp=None moved=None resid=None | 
[    3.4s] r25-m22-p0.3-s3: mode=22 exactValid=True contractValid=True depth=156.096 raw=156.0963650490692 parent=156.096 fp=581cb7e049288141 | before Nonep/Noneb after Nonep/Noneb cap=None maxDisp=None moved=None resid=None | 
[    4.2s] r25-m22-p0.3-s4: mode=22 exactValid=True contractValid=True depth=156.096 raw=156.0963650490692 parent=156.096 fp=581cb7e049288141 | before Nonep/Noneb after Nonep/Noneb cap=None maxDisp=None moved=None resid=None | 
[    3.9s] r25-m22-p0.3-s5: mode=22 exactValid=True contractValid=True depth=156.096 raw=156.0963650490692 parent=156.096 fp=581cb7e049288141 | before Nonep/Noneb after Nonep/Noneb cap=None maxDisp=None moved=None resid=None | 
[    3.1s] r25-m22-p0.3-s6: mode=22 exactValid=True contractValid=True depth=156.096 raw=156.0963650490692 parent=156.096 fp=581cb7e049288141 | before Nonep/Noneb after Nonep/Noneb cap=None maxDisp=None moved=None resid=None | 
[    3.4s] r25-m22-p0.3-s7: mode=22 exactValid=True contractValid=True depth=156.096 raw=156.0963650490692 parent=156.096 fp=581cb7e049288141 | before Nonep/Noneb after Nonep/Noneb cap=None maxDisp=None moved=None resid=None | 
[    3.7s] r25-m22-p2.0-s0: mode=22 exactValid=True contractValid=True depth=156.096 raw=156.0963650490692 parent=156.096 fp=581cb7e049288141 | before Nonep/Noneb after Nonep/Noneb cap=None maxDisp=None moved=None resid=None | 
[    3.4s] r25-m22-p2.0-s1: mode=22 exactValid=True contractValid=True depth=156.096 raw=156.0963650490692 parent=156.096 fp=581cb7e049288141 | before Nonep/Noneb after Nonep/Noneb cap=None maxDisp=None moved=None resid=None | 
[    3.7s] r25-m22-p2.0-s2: mode=22 exactValid=True contractValid=True depth=156.096 raw=156.0963650490692 parent=156.096 fp=581cb7e049288141 | before Nonep/Noneb after Nonep/Noneb cap=None maxDisp=None moved=None resid=None | 
[    3.4s] r25-m22-p2.0-s3: mode=22 exactValid=True contractValid=True depth=156.096 raw=156.0963650490692 parent=156.096 fp=581cb7e049288141 | before Nonep/Noneb after Nonep/Noneb cap=None maxDisp=None moved=None resid=None | 
[    4.2s] r25-m22-p2.0-s4: mode=22 exactValid=True contractValid=True depth=156.096 raw=156.0963650490692 parent=156.096 fp=581cb7e049288141 | before Nonep/Noneb after Nonep/Noneb cap=None maxDisp=None moved=None resid=None | 
[    3.3s] r25-m22-p2.0-s5: mode=22 exactValid=True contractValid=True depth=156.096 raw=156.0963650490692 parent=156.096 fp=581cb7e049288141 | before Nonep/Noneb after Nonep/Noneb cap=None maxDisp=None moved=None resid=None | 
[    3.2s] r25-m22-p2.0-s6: mode=22 exactValid=True contractValid=True depth=156.096 raw=156.0963650490692 parent=156.096 fp=581cb7e049288141 | before Nonep/Noneb after Nonep/Noneb cap=None maxDisp=None moved=None resid=None | 
[    3.5s] r25-m22-p2.0-s7: mode=22 exactValid=True contractValid=True depth=156.096 raw=156.0963650490692 parent=156.096 fp=581cb7e049288141 | before Nonep/Noneb after Nonep/Noneb cap=None maxDisp=None moved=None resid=None | 
-- r25 flatten 0.0005: depth 156.095865049, 1 moved
[    2.2s] r25-flat0.0005-m33-p0.05: mode=33 exactValid=True contractValid=True depth=156.096 raw=156.0963650490692 parent=156.096 fp=581cb7e049288141 | before Nonep/Noneb after Nonep/Noneb cap=None maxDisp=None moved=None resid=None | 
   ~ pairs=1 bnd=0 comp=1 maxComp=2 /7 ej=2 /7 att=True matDef=None orders=1/2 swaps=0 cRep=1 cRef=0 | acceptedAnchorLocal=0 acceptedOrientation=0 acceptedStation=0 acceptedVacated=2 candidates=5180 finalists=1 rows=2590 variants=74
[    2.2s] r25-flat0.0005-m33-p2.0: mode=33 exactValid=True contractValid=True depth=156.096 raw=156.0963650490692 parent=156.096 fp=581cb7e049288141 | before Nonep/Noneb after Nonep/Noneb cap=None maxDisp=None moved=None resid=None | 
   ~ pairs=1 bnd=0 comp=1 maxComp=2 /7 ej=2 /7 att=True matDef=None orders=1/2 swaps=0 cRep=1 cRef=0 | acceptedAnchorLocal=0 acceptedOrientation=0 acceptedStation=0 acceptedVacated=2 candidates=5180 finalists=1 rows=2590 variants=74
-- r25 flatten 0.001: depth 156.095365049, 1 moved
[    2.3s] r25-flat0.001-m33-p0.05: mode=33 exactValid=True contractValid=True depth=156.098 raw=156.0982480389174 parent=156.095 fp=bf2d5f50212bd5cd | before Nonep/Noneb after Nonep/Noneb cap=None maxDisp=None moved=None resid=None | 
   ~ pairs=1 bnd=0 comp=1 maxComp=2 /7 ej=2 /7 att=True matDef=None orders=2/2 swaps=0 cRep=1 cRef=0 | acceptedAnchorLocal=0 acceptedAngles=[('604bc424-469c-4ab8-93f1-80c0fc4090b3-copy-3', 180.05945, 0.0032, False)] acceptedOrientation=1 acceptedStation=0 acceptedVacated=2 candidates=10360 finalists=4 rows=2708 variants=148
[    2.3s] r25-flat0.001-m33-p2.0: mode=33 exactValid=True contractValid=True depth=156.149 raw=156.1493650490692 parent=156.095 fp=5cfca27243ccde42 | before Nonep/Noneb after Nonep/Noneb cap=None maxDisp=None moved=None resid=None | 
   ~ pairs=1 bnd=0 comp=1 maxComp=2 /7 ej=2 /7 att=True matDef=None orders=2/2 swaps=0 cRep=1 cRef=0 | acceptedAnchorLocal=1 acceptedOrientation=0 acceptedStation=0 acceptedVacated=2 candidates=10360 finalists=0 rows=2590 variants=148
-- r25 flatten 0.002: depth 156.094365049, 1 moved
[    2.1s] r25-flat0.002-m33-p0.05: mode=33 exactValid=True contractValid=True depth=156.094 raw=156.09436504906918 parent=156.094 fp=e65cccda69f27228 | before Nonep/Noneb after Nonep/Noneb cap=None maxDisp=None moved=None resid=None | 
   ~ pairs=1 bnd=0 comp=1 maxComp=2 /7 ej=2 /7 att=True matDef=None orders=1/2 swaps=0 cRep=1 cRef=0 | acceptedAnchorLocal=1 acceptedOrientation=0 acceptedStation=0 acceptedVacated=1 candidates=8954 finalists=2 rows=1611 variants=74
*** ADOPT [B-flat] r25-flat0.002-m33-p0.05: 156.0963650490692 -> 156.09436504906918 (delta -0.002000000)
    pin=/var/lib/t3/tmp/recordline/fsline2/pins/pin-156.094365049.json sha256=a0d2a9b511b949c0b6d89ccd385333e23b8277f4f568ba2d7e95a805a1601bf7 fp=e65cccda69f272289a9f7874740fc8cf236191fd8d3160aaa8e7d77d8f49bc15
[    3.6s] r26-m22-p0.8-s0: mode=22 exactValid=True contractValid=True depth=156.094 raw=156.09436504906918 parent=156.094 fp=e65cccda69f27228 | before Nonep/Noneb after Nonep/Noneb cap=None maxDisp=None moved=None resid=None | 
[    3.3s] r26-m22-p0.8-s1: mode=22 exactValid=True contractValid=True depth=156.094 raw=156.09436504906918 parent=156.094 fp=e65cccda69f27228 | before Nonep/Noneb after Nonep/Noneb cap=None maxDisp=None moved=None resid=None | 
[    3.8s] r26-m22-p0.8-s2: mode=22 exactValid=True contractValid=True depth=156.094 raw=156.09436504906918 parent=156.094 fp=e65cccda69f27228 | before Nonep/Noneb after Nonep/Noneb cap=None maxDisp=None moved=None resid=None | 
[    3.4s] r26-m22-p0.8-s3: mode=22 exactValid=True contractValid=True depth=156.094 raw=156.09436504906918 parent=156.094 fp=e65cccda69f27228 | before Nonep/Noneb after Nonep/Noneb cap=None maxDisp=None moved=None resid=None | 
[    4.1s] r26-m22-p0.8-s4: mode=22 exactValid=True contractValid=True depth=156.094 raw=156.09436504906918 parent=156.094 fp=e65cccda69f27228 | before Nonep/Noneb after Nonep/Noneb cap=None maxDisp=None moved=None resid=None | 
[    3.2s] r26-m22-p0.8-s5: mode=22 exactValid=True contractValid=True depth=156.094 raw=156.09436504906918 parent=156.094 fp=e65cccda69f27228 | before Nonep/Noneb after Nonep/Noneb cap=None maxDisp=None moved=None resid=None | 
[    3.0s] r26-m22-p0.8-s6: mode=22 exactValid=True contractValid=True depth=156.094 raw=156.09436504906918 parent=156.094 fp=e65cccda69f27228 | before Nonep/Noneb after Nonep/Noneb cap=None maxDisp=None moved=None resid=None | 
[    3.6s] r26-m22-p0.8-s7: mode=22 exactValid=True contractValid=True depth=156.094 raw=156.09436504906918 parent=156.094 fp=e65cccda69f27228 | before Nonep/Noneb after Nonep/Noneb cap=None maxDisp=None moved=None resid=None | 
[    3.6s] r26-m22-p0.3-s0: mode=22 exactValid=True contractValid=True depth=156.094 raw=156.09436504906918 parent=156.094 fp=e65cccda69f27228 | before Nonep/Noneb after Nonep/Noneb cap=None maxDisp=None moved=None resid=None | 
[    3.3s] r26-m22-p0.3-s1: mode=22 exactValid=True contractValid=True depth=156.094 raw=156.09436504906918 parent=156.094 fp=e65cccda69f27228 | before Nonep/Noneb after Nonep/Noneb cap=None maxDisp=None moved=None resid=None | 
[    3.8s] r26-m22-p0.3-s2: mode=22 exactValid=True contractValid=True depth=156.094 raw=156.09436504906918 parent=156.094 fp=e65cccda69f27228 | before Nonep/Noneb after Nonep/Noneb cap=None maxDisp=None moved=None resid=None | 
[    3.3s] r26-m22-p0.3-s3: mode=22 exactValid=True contractValid=True depth=156.094 raw=156.09436504906918 parent=156.094 fp=e65cccda69f27228 | before Nonep/Noneb after Nonep/Noneb cap=None maxDisp=None moved=None resid=None | 
[    4.3s] r26-m22-p0.3-s4: mode=22 exactValid=True contractValid=True depth=156.094 raw=156.09436504906918 parent=156.094 fp=e65cccda69f27228 | before Nonep/Noneb after Nonep/Noneb cap=None maxDisp=None moved=None resid=None | 
[    3.2s] r26-m22-p0.3-s5: mode=22 exactValid=True contractValid=True depth=156.094 raw=156.09436504906918 parent=156.094 fp=e65cccda69f27228 | before Nonep/Noneb after Nonep/Noneb cap=None maxDisp=None moved=None resid=None | 
[    3.0s] r26-m22-p0.3-s6: mode=22 exactValid=True contractValid=True depth=156.094 raw=156.09436504906918 parent=156.094 fp=e65cccda69f27228 | before Nonep/Noneb after Nonep/Noneb cap=None maxDisp=None moved=None resid=None | 
[    3.6s] r26-m22-p0.3-s7: mode=22 exactValid=True contractValid=True depth=156.094 raw=156.09436504906918 parent=156.094 fp=e65cccda69f27228 | before Nonep/Noneb after Nonep/Noneb cap=None maxDisp=None moved=None resid=None | 
[    3.5s] r26-m22-p2.0-s0: mode=22 exactValid=True contractValid=True depth=156.094 raw=156.09436504906918 parent=156.094 fp=e65cccda69f27228 | before Nonep/Noneb after Nonep/Noneb cap=None maxDisp=None moved=None resid=None | 
[    3.2s] r26-m22-p2.0-s1: mode=22 exactValid=True contractValid=True depth=156.094 raw=156.09436504906918 parent=156.094 fp=e65cccda69f27228 | before Nonep/Noneb after Nonep/Noneb cap=None maxDisp=None moved=None resid=None | 
[    3.8s] r26-m22-p2.0-s2: mode=22 exactValid=True contractValid=True depth=156.094 raw=156.09436504906918 parent=156.094 fp=e65cccda69f27228 | before Nonep/Noneb after Nonep/Noneb cap=None maxDisp=None moved=None resid=None | 
[    3.4s] r26-m22-p2.0-s3: mode=22 exactValid=True contractValid=True depth=156.094 raw=156.09436504906918 parent=156.094 fp=e65cccda69f27228 | before Nonep/Noneb after Nonep/Noneb cap=None maxDisp=None moved=None resid=None | 
[    9.4s] r26-m22-p2.0-s4: mode=22 exactValid=True contractValid=True depth=156.094 raw=156.09436504906918 parent=156.094 fp=e65cccda69f27228 | before Nonep/Noneb after Nonep/Noneb cap=None maxDisp=None moved=None resid=None | 
[    4.9s] r26-m22-p2.0-s5: mode=22 exactValid=True contractValid=True depth=156.094 raw=156.09436504906918 parent=156.094 fp=e65cccda69f27228 | before Nonep/Noneb after Nonep/Noneb cap=None maxDisp=None moved=None resid=None | 
[    4.0s] r26-m22-p2.0-s6: mode=22 exactValid=True contractValid=True depth=156.094 raw=156.09436504906918 parent=156.094 fp=e65cccda69f27228 | before Nonep/Noneb after Nonep/Noneb cap=None maxDisp=None moved=None resid=None | 
[    4.3s] r26-m22-p2.0-s7: mode=22 exactValid=True contractValid=True depth=156.094 raw=156.09436504906918 parent=156.094 fp=e65cccda69f27228 | before Nonep/Noneb after Nonep/Noneb cap=None maxDisp=None moved=None resid=None | 
-- r26 flatten 0.0005: depth 156.093865049, 1 moved
[    2.6s] r26-flat0.0005-m33-p0.05: mode=33 exactValid=True contractValid=True depth=156.094 raw=156.09436504906918 parent=156.094 fp=e65cccda69f27228 | before Nonep/Noneb after Nonep/Noneb cap=None maxDisp=None moved=None resid=None | 
   ~ pairs=1 bnd=0 comp=1 maxComp=2 /7 ej=2 /7 att=True matDef=None orders=1/2 swaps=0 cRep=1 cRef=0 | acceptedAnchorLocal=0 acceptedOrientation=0 acceptedStation=0 acceptedVacated=2 candidates=5254 finalists=3 rows=38 variants=74
[    2.6s] r26-flat0.0005-m33-p2.0: mode=33 exactValid=True contractValid=True depth=156.094 raw=156.09436504906918 parent=156.094 fp=e65cccda69f27228 | before Nonep/Noneb after Nonep/Noneb cap=None maxDisp=None moved=None resid=None | 
   ~ pairs=1 bnd=0 comp=1 maxComp=2 /7 ej=2 /7 att=True matDef=None orders=1/2 swaps=0 cRep=1 cRef=0 | acceptedAnchorLocal=0 acceptedOrientation=0 acceptedStation=0 acceptedVacated=2 candidates=5254 finalists=2 rows=19 variants=74
-- r26 flatten 0.001: depth 156.093365049, 1 moved
[    2.7s] r26-flat0.001-m33-p0.05: mode=33 exactValid=True contractValid=True depth=156.096 raw=156.0962480389174 parent=156.093 fp=6b1ab420fc87df08 | before Nonep/Noneb after Nonep/Noneb cap=None maxDisp=None moved=None resid=None | 
   ~ pairs=1 bnd=0 comp=1 maxComp=2 /7 ej=2 /7 att=True matDef=None orders=1/2 swaps=0 cRep=1 cRef=0 | acceptedAnchorLocal=0 acceptedAngles=[('604bc424-469c-4ab8-93f1-80c0fc4090b3-copy-3', 180.05945, 0.0032, False)] acceptedOrientation=1 acceptedStation=0 acceptedVacated=1 candidates=5254 finalists=6 rows=137 variants=74
[    2.5s] r26-flat0.001-m33-p2.0: mode=33 exactValid=True contractValid=True depth=156.182 raw=156.18236504906918 parent=156.093 fp=0b9695a2625618bf | before Nonep/Noneb after Nonep/Noneb cap=None maxDisp=None moved=None resid=None | 
   ~ pairs=1 bnd=0 comp=1 maxComp=2 /7 ej=2 /7 att=True matDef=None orders=1/2 swaps=0 cRep=1 cRef=0 | acceptedAnchorLocal=1 acceptedOrientation=0 acceptedStation=0 acceptedVacated=1 candidates=5254 finalists=2 rows=19 variants=74
-- r26 flatten 0.002: depth 156.092365049, 1 moved
[    2.4s] r26-flat0.002-m33-p0.05: mode=33 exactValid=True contractValid=True depth=156.092 raw=156.09236504906917 parent=156.092 fp=3c51368d3b659207 | before Nonep/Noneb after Nonep/Noneb cap=None maxDisp=None moved=None resid=None | 
   ~ pairs=2 bnd=0 comp=1 maxComp=3 /7 ej=3 /7 att=True matDef=None orders=1/6 swaps=0 cRep=1 cRef=0 | acceptedAnchorLocal=2 acceptedOrientation=0 acceptedStation=0 acceptedVacated=1 candidates=14134 finalists=0 rows=0 variants=111
*** ADOPT [B-flat] r26-flat0.002-m33-p0.05: 156.09436504906918 -> 156.09236504906917 (delta -0.002000000)
    pin=/var/lib/t3/tmp/recordline/fsline2/pins/pin-156.092365049.json sha256=67d47f9d9cd9d6a11c366646a4a794a3f4018ff8f10f6dfb3baca88102086db1 fp=3c51368d3b6592078b26a93135b8ff33543406dc0aa1672dc369c4e571fb676f
[    5.4s] r27-m22-p0.8-s0: mode=22 exactValid=True contractValid=True depth=156.091 raw=156.09136504906917 parent=156.092 fp=fd9a5ed190f2f1e4 | before Nonep/Noneb after Nonep/Noneb cap=None maxDisp=None moved=None resid=None | 
*** ADOPT [A-m22] r27-m22-p0.8-s0: 156.09236504906917 -> 156.09136504906917 (delta -0.001000000)
    pin=/var/lib/t3/tmp/recordline/fsline2/pins/pin-156.091365049.json sha256=65a7f293b4c50371843b78c98ff8bd94e28491d3058be7ec5d8ab76ab8123da3 fp=fd9a5ed190f2f1e48af106e1e0053bf2b9ccada344a0c3bba249ed67ab092828
[    4.0s] r28-m22-p0.8-s0: mode=22 exactValid=True contractValid=True depth=156.091 raw=156.09136504906917 parent=156.091 fp=fd9a5ed190f2f1e4 | before Nonep/Noneb after Nonep/Noneb cap=None maxDisp=None moved=None resid=None | 
[    3.6s] r28-m22-p0.8-s1: mode=22 exactValid=True contractValid=True depth=156.091 raw=156.09136504906917 parent=156.091 fp=fd9a5ed190f2f1e4 | before Nonep/Noneb after Nonep/Noneb cap=None maxDisp=None moved=None resid=None | 
[    3.9s] r28-m22-p0.8-s2: mode=22 exactValid=True contractValid=True depth=156.091 raw=156.09136504906917 parent=156.091 fp=fd9a5ed190f2f1e4 | before Nonep/Noneb after Nonep/Noneb cap=None maxDisp=None moved=None resid=None | 
[    3.3s] r28-m22-p0.8-s3: mode=22 exactValid=True contractValid=True depth=156.091 raw=156.09136504906917 parent=156.091 fp=fd9a5ed190f2f1e4 | before Nonep/Noneb after Nonep/Noneb cap=None maxDisp=None moved=None resid=None | 
[    4.9s] r28-m22-p0.8-s4: mode=22 exactValid=True contractValid=True depth=156.091 raw=156.09136504906917 parent=156.091 fp=fd9a5ed190f2f1e4 | before Nonep/Noneb after Nonep/Noneb cap=None maxDisp=None moved=None resid=None | 
[    3.4s] r28-m22-p0.8-s5: mode=22 exactValid=True contractValid=True depth=156.091 raw=156.09136504906917 parent=156.091 fp=fd9a5ed190f2f1e4 | before Nonep/Noneb after Nonep/Noneb cap=None maxDisp=None moved=None resid=None | 
[    7.5s] r28-m22-p0.8-s6: mode=22 exactValid=True contractValid=True depth=156.091 raw=156.09136504906917 parent=156.091 fp=fd9a5ed190f2f1e4 | before Nonep/Noneb after Nonep/Noneb cap=None maxDisp=None moved=None resid=None | 
[    9.6s] r28-m22-p0.8-s7: mode=22 exactValid=True contractValid=True depth=156.091 raw=156.09136504906917 parent=156.091 fp=fd9a5ed190f2f1e4 | before Nonep/Noneb after Nonep/Noneb cap=None maxDisp=None moved=None resid=None | 
[    9.9s] r28-m22-p0.3-s0: mode=22 exactValid=True contractValid=True depth=156.091 raw=156.09136504906917 parent=156.091 fp=fd9a5ed190f2f1e4 | before Nonep/Noneb after Nonep/Noneb cap=None maxDisp=None moved=None resid=None | 
[    9.7s] r28-m22-p0.3-s1: mode=22 exactValid=True contractValid=True depth=156.091 raw=156.09136504906917 parent=156.091 fp=fd9a5ed190f2f1e4 | before Nonep/Noneb after Nonep/Noneb cap=None maxDisp=None moved=None resid=None | 
[   10.7s] r28-m22-p0.3-s2: mode=22 exactValid=True contractValid=True depth=156.091 raw=156.09136504906917 parent=156.091 fp=fd9a5ed190f2f1e4 | before Nonep/Noneb after Nonep/Noneb cap=None maxDisp=None moved=None resid=None | 
[    9.7s] r28-m22-p0.3-s3: mode=22 exactValid=True contractValid=True depth=156.091 raw=156.09136504906917 parent=156.091 fp=fd9a5ed190f2f1e4 | before Nonep/Noneb after Nonep/Noneb cap=None maxDisp=None moved=None resid=None | 
