=== CASCADE fsline4 from docs/experiments/persistent-vacancy-descent/exact-contract/true-contract/record-line-cascade/pinned-fs-155.4563.json raw=155.45627292304914 ===
    pool: []
[    3.8s] r0-m22-p0.8-s0: mode=22 exactValid=True contractValid=True depth=155.456 raw=155.45627292304914 parent=155.456 fp=5057f9778ca4884d | before Nonep/Noneb after Nonep/Noneb cap=None maxDisp=None moved=None resid=None | 
[    3.5s] r0-m22-p0.8-s1: mode=22 exactValid=True contractValid=True depth=155.456 raw=155.45627292304914 parent=155.456 fp=5057f9778ca4884d | before Nonep/Noneb after Nonep/Noneb cap=None maxDisp=None moved=None resid=None | 
[    3.7s] r0-m22-p0.8-s2: mode=22 exactValid=True contractValid=True depth=155.456 raw=155.45627292304914 parent=155.456 fp=5057f9778ca4884d | before Nonep/Noneb after Nonep/Noneb cap=None maxDisp=None moved=None resid=None | 
[    3.4s] r0-m22-p0.8-s3: mode=22 exactValid=True contractValid=True depth=155.456 raw=155.45627292304914 parent=155.456 fp=5057f9778ca4884d | before Nonep/Noneb after Nonep/Noneb cap=None maxDisp=None moved=None resid=None | 
[    4.2s] r0-m22-p0.8-s4: mode=22 exactValid=True contractValid=True depth=155.456 raw=155.45627292304914 parent=155.456 fp=5057f9778ca4884d | before Nonep/Noneb after Nonep/Noneb cap=None maxDisp=None moved=None resid=None | 
[    3.4s] r0-m22-p0.8-s5: mode=22 exactValid=True contractValid=True depth=155.456 raw=155.45627292304914 parent=155.456 fp=5057f9778ca4884d | before Nonep/Noneb after Nonep/Noneb cap=None maxDisp=None moved=None resid=None | 
[    3.3s] r0-m22-p0.8-s6: mode=22 exactValid=True contractValid=True depth=155.456 raw=155.45627292304914 parent=155.456 fp=5057f9778ca4884d | before Nonep/Noneb after Nonep/Noneb cap=None maxDisp=None moved=None resid=None | 
[    3.6s] r0-m22-p0.8-s7: mode=22 exactValid=True contractValid=True depth=155.456 raw=155.45627292304914 parent=155.456 fp=5057f9778ca4884d | before Nonep/Noneb after Nonep/Noneb cap=None maxDisp=None moved=None resid=None | 
[    3.8s] r0-m22-p0.3-s0: mode=22 exactValid=True contractValid=True depth=155.456 raw=155.45627292304914 parent=155.456 fp=5057f9778ca4884d | before Nonep/Noneb after Nonep/Noneb cap=None maxDisp=None moved=None resid=None | 
[    3.4s] r0-m22-p0.3-s1: mode=22 exactValid=True contractValid=True depth=155.456 raw=155.45627292304914 parent=155.456 fp=5057f9778ca4884d | before Nonep/Noneb after Nonep/Noneb cap=None maxDisp=None moved=None resid=None | 
[    3.6s] r0-m22-p0.3-s2: mode=22 exactValid=True contractValid=True depth=155.456 raw=155.45627292304914 parent=155.456 fp=5057f9778ca4884d | before Nonep/Noneb after Nonep/Noneb cap=None maxDisp=None moved=None resid=None | 
[    3.4s] r0-m22-p0.3-s3: mode=22 exactValid=True contractValid=True depth=155.456 raw=155.45627292304914 parent=155.456 fp=5057f9778ca4884d | before Nonep/Noneb after Nonep/Noneb cap=None maxDisp=None moved=None resid=None | 
[    4.2s] r0-m22-p0.3-s4: mode=22 exactValid=True contractValid=True depth=155.456 raw=155.45627292304914 parent=155.456 fp=5057f9778ca4884d | before Nonep/Noneb after Nonep/Noneb cap=None maxDisp=None moved=None resid=None | 
[    3.4s] r0-m22-p0.3-s5: mode=22 exactValid=True contractValid=True depth=155.456 raw=155.45627292304914 parent=155.456 fp=5057f9778ca4884d | before Nonep/Noneb after Nonep/Noneb cap=None maxDisp=None moved=None resid=None | 
[    3.3s] r0-m22-p0.3-s6: mode=22 exactValid=True contractValid=True depth=155.456 raw=155.45627292304914 parent=155.456 fp=5057f9778ca4884d | before Nonep/Noneb after Nonep/Noneb cap=None maxDisp=None moved=None resid=None | 
[    3.5s] r0-m22-p0.3-s7: mode=22 exactValid=True contractValid=True depth=155.456 raw=155.45627292304914 parent=155.456 fp=5057f9778ca4884d | before Nonep/Noneb after Nonep/Noneb cap=None maxDisp=None moved=None resid=None | 
[    3.8s] r0-m22-p2.0-s0: mode=22 exactValid=True contractValid=True depth=155.456 raw=155.45627292304914 parent=155.456 fp=5057f9778ca4884d | before Nonep/Noneb after Nonep/Noneb cap=None maxDisp=None moved=None resid=None | 
[    3.5s] r0-m22-p2.0-s1: mode=22 exactValid=True contractValid=True depth=155.456 raw=155.45627292304914 parent=155.456 fp=5057f9778ca4884d | before Nonep/Noneb after Nonep/Noneb cap=None maxDisp=None moved=None resid=None | 
[    3.7s] r0-m22-p2.0-s2: mode=22 exactValid=True contractValid=True depth=155.456 raw=155.45627292304914 parent=155.456 fp=5057f9778ca4884d | before Nonep/Noneb after Nonep/Noneb cap=None maxDisp=None moved=None resid=None | 
[    3.4s] r0-m22-p2.0-s3: mode=22 exactValid=True contractValid=True depth=155.456 raw=155.45627292304914 parent=155.456 fp=5057f9778ca4884d | before Nonep/Noneb after Nonep/Noneb cap=None maxDisp=None moved=None resid=None | 
[    4.2s] r0-m22-p2.0-s4: mode=22 exactValid=True contractValid=True depth=155.456 raw=155.45627292304914 parent=155.456 fp=5057f9778ca4884d | before Nonep/Noneb after Nonep/Noneb cap=None maxDisp=None moved=None resid=None | 
[    3.4s] r0-m22-p2.0-s5: mode=22 exactValid=True contractValid=True depth=155.456 raw=155.45627292304914 parent=155.456 fp=5057f9778ca4884d | before Nonep/Noneb after Nonep/Noneb cap=None maxDisp=None moved=None resid=None | 
[    3.4s] r0-m22-p2.0-s6: mode=22 exactValid=True contractValid=True depth=155.456 raw=155.45627292304914 parent=155.456 fp=5057f9778ca4884d | before Nonep/Noneb after Nonep/Noneb cap=None maxDisp=None moved=None resid=None | 
[    3.6s] r0-m22-p2.0-s7: mode=22 exactValid=True contractValid=True depth=155.456 raw=155.45627292304914 parent=155.456 fp=5057f9778ca4884d | before Nonep/Noneb after Nonep/Noneb cap=None maxDisp=None moved=None resid=None | 
[    2.2s] r0-flat0.0005-m33-p0.05: mode=33 exactValid=True contractValid=True depth=155.456 raw=155.45627292304914 parent=155.456 fp=5057f9778ca4884d | before Nonep/Noneb after Nonep/Noneb cap=None maxDisp=None moved=None resid=None | 
   ~ pairs=1 bnd=0 comp=1 maxComp=2 /7 ej=2 /7 att=True matDef=None orders=1/2 swaps=0 cRep=1 cRef=0 | acceptedAnchorLocal=0 acceptedOrientation=0 acceptedStation=0 acceptedVacated=2 candidates=5550 finalists=4 rows=2611 variants=74
[    2.1s] r0-flat0.0005-m33-p2.0: mode=33 exactValid=True contractValid=True depth=155.456 raw=155.45627292304914 parent=155.456 fp=5057f9778ca4884d | before Nonep/Noneb after Nonep/Noneb cap=None maxDisp=None moved=None resid=None | 
   ~ pairs=1 bnd=0 comp=1 maxComp=2 /7 ej=2 /7 att=True matDef=None orders=1/2 swaps=0 cRep=1 cRef=0 | acceptedAnchorLocal=0 acceptedOrientation=0 acceptedStation=0 acceptedVacated=2 candidates=5550 finalists=5 rows=281 variants=74
[    2.5s] r0-flat0.001-m33-p0.05: mode=33 exactValid=False contractValid=True depth=None raw=155.45527292304914 parent=155.455 fp= | before Nonep/Noneb after Nonep/Noneb cap=None maxDisp=None moved=None resid=None | no insertion order re-placed the 1 violation components inside the 155.506273 mm bound
   ~ pairs=1 bnd=0 comp=1 maxComp=2 /7 ej=2 /7 att=True matDef=None orders=2/2 swaps=1 cRep=0 cRef=1 | acceptedAnchorLocal=0 acceptedAngles=[('c5135087-12f0-44f9-bd91-4bcf67affd8b-copy-1', 21.1343, -0.0032, False), ('c5135087-12f0-44f9-bd91-4bcf67affd8b-copy-1', 21.1343, -0.0032, False), ('c5135087-12f0-44f9-bd91-4bcf67affd8b-copy-1', 21.1343, -0.0032, False), ('c5135087-12f0-44f9-bd91-4bcf67affd8b-copy-1', 21.1343, -0.0032, False), ('c5135087-12f0-44f9-bd91-4bcf67affd8b-copy-1', 21.1375, 0.0, True), ('c5135087-12f0-44f9-bd91-4bcf67affd8b-copy-1', 21.1375, 0.0, True), ('c5135087-12f0-44f9-bd91-4bcf67affd8b-copy-1', 21.1375, 0.0, True), ('c5135087-12f0-44f9-bd91-4bcf67affd8b-copy-1', 21.1375, 0.0, True), ('c5135087-12f0-44f9-bd91-4bcf67affd8b-copy-1', 21.1343, -0.0032, True), ('c5135087-12f0-44f9-bd91-4bcf67affd8b-copy-1', 21.1343, -0.0032, True), ('c5135087-12f0-44f9-bd91-4bcf67affd8b-copy-1', 21.1343, -0.0032, True), ('c5135087-12f0-44f9-bd91-4bcf67affd8b-copy-1', 21.1343, -0.0032, True)] acceptedOrientation=12 acceptedStation=0 acceptedVacated=5 candidates=97310 finalists=48 rows=47696 variants=1295
[    2.1s] r0-flat0.001-m33-p2.0: mode=33 exactValid=True contractValid=True depth=155.521 raw=155.52127292304914 parent=155.455 fp=6d055eea205f1a69 | before Nonep/Noneb after Nonep/Noneb cap=None maxDisp=None moved=None resid=None | 
   ~ pairs=1 bnd=0 comp=1 maxComp=2 /7 ej=2 /7 att=True matDef=None orders=1/2 swaps=0 cRep=1 cRef=0 | acceptedAnchorLocal=1 acceptedOrientation=0 acceptedStation=0 acceptedVacated=1 candidates=5550 finalists=6 rows=283 variants=74
[    2.1s] r0-flat0.002-m33-p0.05: mode=33 exactValid=True contractValid=True depth=155.456 raw=155.45627292304914 parent=155.454 fp=5057f9778ca4884d | before Nonep/Noneb after Nonep/Noneb cap=None maxDisp=None moved=None resid=None | 
   ~ pairs=1 bnd=0 comp=1 maxComp=2 /7 ej=2 /7 att=True matDef=None orders=1/2 swaps=0 cRep=1 cRef=0 | acceptedAnchorLocal=1 acceptedOrientation=0 acceptedStation=0 acceptedVacated=1 candidates=9435 finalists=2 rows=723 variants=74
[    2.2s] r0-flat0.002-m33-p2.0: mode=33 exactValid=True contractValid=True depth=155.456 raw=155.45627292304914 parent=155.454 fp=5057f9778ca4884d | before Nonep/Noneb after Nonep/Noneb cap=None maxDisp=None moved=None resid=None | 
   ~ pairs=1 bnd=0 comp=1 maxComp=2 /7 ej=2 /7 att=True matDef=None orders=1/2 swaps=0 cRep=1 cRef=0 | acceptedAnchorLocal=1 acceptedOrientation=0 acceptedStation=0 acceptedVacated=1 candidates=9435 finalists=1 rows=704 variants=74
[    2.1s] r0-flat0.003-m33-p0.05: mode=33 exactValid=True contractValid=True depth=155.454 raw=155.45429074464286 parent=155.453 fp=b72a7c3e82771f28 | before Nonep/Noneb after Nonep/Noneb cap=None maxDisp=None moved=None resid=None | 
   ~ pairs=1 bnd=0 comp=1 maxComp=2 /7 ej=2 /7 att=True matDef=None orders=1/2 swaps=0 cRep=1 cRef=0 | acceptedAnchorLocal=0 acceptedAngles=[('68c5a4cc-cf24-447c-ad54-974a021198a8-copy-4', 270.00175, 0.008, False)] acceptedOrientation=1 acceptedStation=0 acceptedVacated=1 candidates=9435 finalists=4 rows=1444 variants=74
*** ADOPT [B-flat] r0-flat0.003-m33-p0.05: 155.45627292304914 -> 155.45429074464286 (delta -0.001982178)
    pin=/var/lib/t3/tmp/recordline/fsline4/pins/pin-155.454290745.json sha256=abd26135e75e8dd0b5a5ace14b1beadce006b68800be5bc8e6264e5b660ca62d fp=b72a7c3e82771f28a1d2f49e46ce6b3311a84bd0c79aa8548203422cdeddbfa6
[    5.2s] r1-m22-p0.8-s0: mode=22 exactValid=True contractValid=True depth=155.453 raw=155.45329074464286 parent=155.454 fp=5cf9adc589696bbe | before Nonep/Noneb after Nonep/Noneb cap=None maxDisp=None moved=None resid=None | 
*** ADOPT [A-m22] r1-m22-p0.8-s0: 155.45429074464286 -> 155.45329074464286 (delta -0.001000000)
    pin=/var/lib/t3/tmp/recordline/fsline4/pins/pin-155.453290745.json sha256=ee1a5e0e214f183f763c1887e09706c298c17fd2757f844c21b2905cb71728bc fp=5cf9adc589696bbeb6acf03b02c3da6775c36e98f458116dc8050b6018b61044
[    3.9s] r2-m22-p0.8-s0: mode=22 exactValid=True contractValid=True depth=155.453 raw=155.45329074464286 parent=155.453 fp=5cf9adc589696bbe | before Nonep/Noneb after Nonep/Noneb cap=None maxDisp=None moved=None resid=None | 
[    3.4s] r2-m22-p0.8-s1: mode=22 exactValid=True contractValid=True depth=155.453 raw=155.45329074464286 parent=155.453 fp=5cf9adc589696bbe | before Nonep/Noneb after Nonep/Noneb cap=None maxDisp=None moved=None resid=None | 
[    3.6s] r2-m22-p0.8-s2: mode=22 exactValid=True contractValid=True depth=155.453 raw=155.45329074464286 parent=155.453 fp=5cf9adc589696bbe | before Nonep/Noneb after Nonep/Noneb cap=None maxDisp=None moved=None resid=None | 
[    3.4s] r2-m22-p0.8-s3: mode=22 exactValid=True contractValid=True depth=155.453 raw=155.45329074464286 parent=155.453 fp=5cf9adc589696bbe | before Nonep/Noneb after Nonep/Noneb cap=None maxDisp=None moved=None resid=None | 
[    4.1s] r2-m22-p0.8-s4: mode=22 exactValid=True contractValid=True depth=155.453 raw=155.45329074464286 parent=155.453 fp=5cf9adc589696bbe | before Nonep/Noneb after Nonep/Noneb cap=None maxDisp=None moved=None resid=None | 
[    3.5s] r2-m22-p0.8-s5: mode=22 exactValid=True contractValid=True depth=155.453 raw=155.45329074464286 parent=155.453 fp=5cf9adc589696bbe | before Nonep/Noneb after Nonep/Noneb cap=None maxDisp=None moved=None resid=None | 
[    3.5s] r2-m22-p0.8-s6: mode=22 exactValid=True contractValid=True depth=155.453 raw=155.45329074464286 parent=155.453 fp=5cf9adc589696bbe | before Nonep/Noneb after Nonep/Noneb cap=None maxDisp=None moved=None resid=None | 
[    3.4s] r2-m22-p0.8-s7: mode=22 exactValid=True contractValid=True depth=155.453 raw=155.45329074464286 parent=155.453 fp=5cf9adc589696bbe | before Nonep/Noneb after Nonep/Noneb cap=None maxDisp=None moved=None resid=None | 
[    3.8s] r2-m22-p0.3-s0: mode=22 exactValid=True contractValid=True depth=155.453 raw=155.45329074464286 parent=155.453 fp=5cf9adc589696bbe | before Nonep/Noneb after Nonep/Noneb cap=None maxDisp=None moved=None resid=None | 
[    3.5s] r2-m22-p0.3-s1: mode=22 exactValid=True contractValid=True depth=155.453 raw=155.45329074464286 parent=155.453 fp=5cf9adc589696bbe | before Nonep/Noneb after Nonep/Noneb cap=None maxDisp=None moved=None resid=None | 
[    3.7s] r2-m22-p0.3-s2: mode=22 exactValid=True contractValid=True depth=155.453 raw=155.45329074464286 parent=155.453 fp=5cf9adc589696bbe | before Nonep/Noneb after Nonep/Noneb cap=None maxDisp=None moved=None resid=None | 
[    3.4s] r2-m22-p0.3-s3: mode=22 exactValid=True contractValid=True depth=155.453 raw=155.45329074464286 parent=155.453 fp=5cf9adc589696bbe | before Nonep/Noneb after Nonep/Noneb cap=None maxDisp=None moved=None resid=None | 
[    4.1s] r2-m22-p0.3-s4: mode=22 exactValid=True contractValid=True depth=155.453 raw=155.45329074464286 parent=155.453 fp=5cf9adc589696bbe | before Nonep/Noneb after Nonep/Noneb cap=None maxDisp=None moved=None resid=None | 
[    3.4s] r2-m22-p0.3-s5: mode=22 exactValid=True contractValid=True depth=155.453 raw=155.45329074464286 parent=155.453 fp=5cf9adc589696bbe | before Nonep/Noneb after Nonep/Noneb cap=None maxDisp=None moved=None resid=None | 
[    3.5s] r2-m22-p0.3-s6: mode=22 exactValid=True contractValid=True depth=155.453 raw=155.45329074464286 parent=155.453 fp=5cf9adc589696bbe | before Nonep/Noneb after Nonep/Noneb cap=None maxDisp=None moved=None resid=None | 
[    3.4s] r2-m22-p0.3-s7: mode=22 exactValid=True contractValid=True depth=155.453 raw=155.45329074464286 parent=155.453 fp=5cf9adc589696bbe | before Nonep/Noneb after Nonep/Noneb cap=None maxDisp=None moved=None resid=None | 
[    3.9s] r2-m22-p2.0-s0: mode=22 exactValid=True contractValid=True depth=155.453 raw=155.45329074464286 parent=155.453 fp=5cf9adc589696bbe | before Nonep/Noneb after Nonep/Noneb cap=None maxDisp=None moved=None resid=None | 
[    3.5s] r2-m22-p2.0-s1: mode=22 exactValid=True contractValid=True depth=155.453 raw=155.45329074464286 parent=155.453 fp=5cf9adc589696bbe | before Nonep/Noneb after Nonep/Noneb cap=None maxDisp=None moved=None resid=None | 
[    3.6s] r2-m22-p2.0-s2: mode=22 exactValid=True contractValid=True depth=155.453 raw=155.45329074464286 parent=155.453 fp=5cf9adc589696bbe | before Nonep/Noneb after Nonep/Noneb cap=None maxDisp=None moved=None resid=None | 
[    3.4s] r2-m22-p2.0-s3: mode=22 exactValid=True contractValid=True depth=155.453 raw=155.45329074464286 parent=155.453 fp=5cf9adc589696bbe | before Nonep/Noneb after Nonep/Noneb cap=None maxDisp=None moved=None resid=None | 
[    4.1s] r2-m22-p2.0-s4: mode=22 exactValid=True contractValid=True depth=155.453 raw=155.45329074464286 parent=155.453 fp=5cf9adc589696bbe | before Nonep/Noneb after Nonep/Noneb cap=None maxDisp=None moved=None resid=None | 
[    3.5s] r2-m22-p2.0-s5: mode=22 exactValid=True contractValid=True depth=155.453 raw=155.45329074464286 parent=155.453 fp=5cf9adc589696bbe | before Nonep/Noneb after Nonep/Noneb cap=None maxDisp=None moved=None resid=None | 
[    3.4s] r2-m22-p2.0-s6: mode=22 exactValid=True contractValid=True depth=155.453 raw=155.45329074464286 parent=155.453 fp=5cf9adc589696bbe | before Nonep/Noneb after Nonep/Noneb cap=None maxDisp=None moved=None resid=None | 
[    3.5s] r2-m22-p2.0-s7: mode=22 exactValid=True contractValid=True depth=155.453 raw=155.45329074464286 parent=155.453 fp=5cf9adc589696bbe | before Nonep/Noneb after Nonep/Noneb cap=None maxDisp=None moved=None resid=None | 
[    2.1s] r2-flat0.0005-m33-p0.05: mode=33 exactValid=False contractValid=True depth=None raw=155.45279074464287 parent=155.453 fp= | before Nonep/Noneb after Nonep/Noneb cap=None maxDisp=None moved=None resid=None | no violating pair to target with a joint re-placement
   ~ pairs=0 bnd=0 comp=0 maxComp=0 /7 ej=0 /7 att=False matDef=None orders=0/0 swaps=0 cRep=0 cRef=0 | skip=no violating pair to target with a joint re-placement
[    2.1s] r2-flat0.0005-m33-p2.0: mode=33 exactValid=False contractValid=True depth=None raw=155.45279074464287 parent=155.453 fp= | before Nonep/Noneb after Nonep/Noneb cap=None maxDisp=None moved=None resid=None | no violating pair to target with a joint re-placement
   ~ pairs=0 bnd=0 comp=0 maxComp=0 /7 ej=0 /7 att=False matDef=None orders=0/0 swaps=0 cRep=0 cRef=0 | skip=no violating pair to target with a joint re-placement
[    2.4s] r2-flat0.001-m33-p0.05: mode=33 exactValid=True contractValid=True depth=155.454 raw=155.45447953484 parent=155.452 fp=71e5c2a15adfd64b | before Nonep/Noneb after Nonep/Noneb cap=None maxDisp=None moved=None resid=None | 
   ~ pairs=1 bnd=0 comp=1 maxComp=2 /7 ej=2 /7 att=True matDef=None orders=2/2 swaps=1 cRep=1 cRef=0 | acceptedAnchorLocal=0 acceptedAngles=[('c5135087-12f0-44f9-bd91-4bcf67affd8b-copy-1', 21.1343, -0.0032, False), ('c5135087-12f0-44f9-bd91-4bcf67affd8b-copy-1', 21.1343, -0.0032, False), ('c5135087-12f0-44f9-bd91-4bcf67affd8b-copy-1', 21.1343, -0.0032, False), ('c5135087-12f0-44f9-bd91-4bcf67affd8b-copy-1', 21.1343, -0.0032, False), ('c5135087-12f0-44f9-bd91-4bcf67affd8b-copy-1', 21.1375, 0.0, True), ('68c5a4cc-cf24-447c-ad54-974a021198a8-copy-4', 270.00495, 0.0032, False)] acceptedOrientation=6 acceptedStation=0 acceptedVacated=5 candidates=58460 finalists=28 rows=29419 variants=777
[    2.1s] r2-flat0.001-m33-p2.0: mode=33 exactValid=True contractValid=True depth=155.518 raw=155.51829074464285 parent=155.452 fp=a7175afa13934a5d | before Nonep/Noneb after Nonep/Noneb cap=None maxDisp=None moved=None resid=None | 
   ~ pairs=1 bnd=0 comp=1 maxComp=2 /7 ej=2 /7 att=True matDef=None orders=1/2 swaps=0 cRep=1 cRef=0 | acceptedAnchorLocal=1 acceptedOrientation=0 acceptedStation=0 acceptedVacated=1 candidates=5550 finalists=6 rows=282 variants=74
[    2.5s] r2-flat0.002-m33-p0.05: mode=33 exactValid=False contractValid=True depth=None raw=155.45129074464285 parent=155.451 fp= | before Nonep/Noneb after Nonep/Noneb cap=None maxDisp=None moved=None resid=None | no insertion order re-placed the 1 violation components inside the 155.503291 mm bound
   ~ pairs=1 bnd=0 comp=1 maxComp=2 /7 ej=2 /7 att=True matDef=None orders=2/2 swaps=1 cRep=0 cRef=1 | acceptedAnchorLocal=0 acceptedAngles=[('c5135087-12f0-44f9-bd91-4bcf67affd8b-copy-1', 21.1343, -0.0032, False), ('c5135087-12f0-44f9-bd91-4bcf67affd8b-copy-1', 21.1343, -0.0032, False), ('c5135087-12f0-44f9-bd91-4bcf67affd8b-copy-1', 21.1343, -0.0032, False), ('c5135087-12f0-44f9-bd91-4bcf67affd8b-copy-1', 21.1343, -0.0032, False), ('c5135087-12f0-44f9-bd91-4bcf67affd8b-copy-1', 21.1375, 0.0, True), ('c5135087-12f0-44f9-bd91-4bcf67affd8b-copy-1', 21.1375, 0.0, True), ('c5135087-12f0-44f9-bd91-4bcf67affd8b-copy-1', 21.1375, 0.0, True), ('c5135087-12f0-44f9-bd91-4bcf67affd8b-copy-1', 21.1375, 0.0, True), ('c5135087-12f0-44f9-bd91-4bcf67affd8b-copy-1', 21.1343, -0.0032, True), ('c5135087-12f0-44f9-bd91-4bcf67affd8b-copy-1', 21.1343, -0.0032, True), ('c5135087-12f0-44f9-bd91-4bcf67affd8b-copy-1', 21.1343, -0.0032, True), ('c5135087-12f0-44f9-bd91-4bcf67affd8b-copy-1', 21.1343, -0.0032, True)] acceptedOrientation=12 acceptedStation=0 acceptedVacated=5 candidates=97310 finalists=48 rows=47696 variants=1295
[    2.1s] r2-flat0.002-m33-p2.0: mode=33 exactValid=True contractValid=True depth=155.517 raw=155.51729074464285 parent=155.451 fp=b890b84b2a752839 | before Nonep/Noneb after Nonep/Noneb cap=None maxDisp=None moved=None resid=None | 
   ~ pairs=1 bnd=0 comp=1 maxComp=2 /7 ej=2 /7 att=True matDef=None orders=1/2 swaps=0 cRep=1 cRef=0 | acceptedAnchorLocal=1 acceptedOrientation=0 acceptedStation=0 acceptedVacated=1 candidates=5550 finalists=6 rows=281 variants=74
[    2.1s] r2-flat0.003-m33-p0.05: mode=33 exactValid=True contractValid=True depth=155.452 raw=155.45229074464285 parent=155.45 fp=c05ef8d37d1eb07e | before Nonep/Noneb after Nonep/Noneb cap=None maxDisp=None moved=None resid=None | 
   ~ pairs=1 bnd=0 comp=1 maxComp=2 /7 ej=2 /7 att=True matDef=None orders=1/2 swaps=0 cRep=1 cRef=0 | acceptedAnchorLocal=1 acceptedOrientation=0 acceptedStation=0 acceptedVacated=1 candidates=9435 finalists=2 rows=1111 variants=74
*** ADOPT [B-flat] r2-flat0.003-m33-p0.05: 155.45329074464286 -> 155.45229074464285 (delta -0.001000000)
    pin=/var/lib/t3/tmp/recordline/fsline4/pins/pin-155.452290745.json sha256=9647370f7776f75b799209886f4d6a5e502650cbb2e4c3e1c7729db29d87c0b7 fp=c05ef8d37d1eb07efa5cac5cbd2ed7c2ab7bcc35b314810efe01b317054878b5
[    3.8s] r3-m22-p0.8-s0: mode=22 exactValid=True contractValid=True depth=155.452 raw=155.45229074464285 parent=155.452 fp=c05ef8d37d1eb07e | before Nonep/Noneb after Nonep/Noneb cap=None maxDisp=None moved=None resid=None | 
[    3.4s] r3-m22-p0.8-s1: mode=22 exactValid=True contractValid=True depth=155.452 raw=155.45229074464285 parent=155.452 fp=c05ef8d37d1eb07e | before Nonep/Noneb after Nonep/Noneb cap=None maxDisp=None moved=None resid=None | 
[    3.9s] r3-m22-p0.8-s2: mode=22 exactValid=True contractValid=True depth=155.452 raw=155.45229074464285 parent=155.452 fp=c05ef8d37d1eb07e | before Nonep/Noneb after Nonep/Noneb cap=None maxDisp=None moved=None resid=None | 
[    3.3s] r3-m22-p0.8-s3: mode=22 exactValid=True contractValid=True depth=155.452 raw=155.45229074464285 parent=155.452 fp=c05ef8d37d1eb07e | before Nonep/Noneb after Nonep/Noneb cap=None maxDisp=None moved=None resid=None | 
[    4.2s] r3-m22-p0.8-s4: mode=22 exactValid=True contractValid=True depth=155.452 raw=155.45229074464285 parent=155.452 fp=c05ef8d37d1eb07e | before Nonep/Noneb after Nonep/Noneb cap=None maxDisp=None moved=None resid=None | 
[    3.3s] r3-m22-p0.8-s5: mode=22 exactValid=True contractValid=True depth=155.452 raw=155.45229074464285 parent=155.452 fp=c05ef8d37d1eb07e | before Nonep/Noneb after Nonep/Noneb cap=None maxDisp=None moved=None resid=None | 
[    3.4s] r3-m22-p0.8-s6: mode=22 exactValid=True contractValid=True depth=155.452 raw=155.45229074464285 parent=155.452 fp=c05ef8d37d1eb07e | before Nonep/Noneb after Nonep/Noneb cap=None maxDisp=None moved=None resid=None | 
[    3.7s] r3-m22-p0.8-s7: mode=22 exactValid=True contractValid=True depth=155.452 raw=155.45229074464285 parent=155.452 fp=c05ef8d37d1eb07e | before Nonep/Noneb after Nonep/Noneb cap=None maxDisp=None moved=None resid=None | 
[    3.8s] r3-m22-p0.3-s0: mode=22 exactValid=True contractValid=True depth=155.452 raw=155.45229074464285 parent=155.452 fp=c05ef8d37d1eb07e | before Nonep/Noneb after Nonep/Noneb cap=None maxDisp=None moved=None resid=None | 
[    3.4s] r3-m22-p0.3-s1: mode=22 exactValid=True contractValid=True depth=155.452 raw=155.45229074464285 parent=155.452 fp=c05ef8d37d1eb07e | before Nonep/Noneb after Nonep/Noneb cap=None maxDisp=None moved=None resid=None | 
[    3.9s] r3-m22-p0.3-s2: mode=22 exactValid=True contractValid=True depth=155.452 raw=155.45229074464285 parent=155.452 fp=c05ef8d37d1eb07e | before Nonep/Noneb after Nonep/Noneb cap=None maxDisp=None moved=None resid=None | 
[    3.3s] r3-m22-p0.3-s3: mode=22 exactValid=True contractValid=True depth=155.452 raw=155.45229074464285 parent=155.452 fp=c05ef8d37d1eb07e | before Nonep/Noneb after Nonep/Noneb cap=None maxDisp=None moved=None resid=None | 
[    4.2s] r3-m22-p0.3-s4: mode=22 exactValid=True contractValid=True depth=155.452 raw=155.45229074464285 parent=155.452 fp=c05ef8d37d1eb07e | before Nonep/Noneb after Nonep/Noneb cap=None maxDisp=None moved=None resid=None | 
[    3.3s] r3-m22-p0.3-s5: mode=22 exactValid=True contractValid=True depth=155.452 raw=155.45229074464285 parent=155.452 fp=c05ef8d37d1eb07e | before Nonep/Noneb after Nonep/Noneb cap=None maxDisp=None moved=None resid=None | 
[    3.3s] r3-m22-p0.3-s6: mode=22 exactValid=True contractValid=True depth=155.452 raw=155.45229074464285 parent=155.452 fp=c05ef8d37d1eb07e | before Nonep/Noneb after Nonep/Noneb cap=None maxDisp=None moved=None resid=None | 
[    3.7s] r3-m22-p0.3-s7: mode=22 exactValid=True contractValid=True depth=155.452 raw=155.45229074464285 parent=155.452 fp=c05ef8d37d1eb07e | before Nonep/Noneb after Nonep/Noneb cap=None maxDisp=None moved=None resid=None | 
[    3.7s] r3-m22-p2.0-s0: mode=22 exactValid=True contractValid=True depth=155.452 raw=155.45229074464285 parent=155.452 fp=c05ef8d37d1eb07e | before Nonep/Noneb after Nonep/Noneb cap=None maxDisp=None moved=None resid=None | 
[    3.4s] r3-m22-p2.0-s1: mode=22 exactValid=True contractValid=True depth=155.452 raw=155.45229074464285 parent=155.452 fp=c05ef8d37d1eb07e | before Nonep/Noneb after Nonep/Noneb cap=None maxDisp=None moved=None resid=None | 
[    3.9s] r3-m22-p2.0-s2: mode=22 exactValid=True contractValid=True depth=155.452 raw=155.45229074464285 parent=155.452 fp=c05ef8d37d1eb07e | before Nonep/Noneb after Nonep/Noneb cap=None maxDisp=None moved=None resid=None | 
[    3.3s] r3-m22-p2.0-s3: mode=22 exactValid=True contractValid=True depth=155.452 raw=155.45229074464285 parent=155.452 fp=c05ef8d37d1eb07e | before Nonep/Noneb after Nonep/Noneb cap=None maxDisp=None moved=None resid=None | 
[    4.2s] r3-m22-p2.0-s4: mode=22 exactValid=True contractValid=True depth=155.452 raw=155.45229074464285 parent=155.452 fp=c05ef8d37d1eb07e | before Nonep/Noneb after Nonep/Noneb cap=None maxDisp=None moved=None resid=None | 
[    3.3s] r3-m22-p2.0-s5: mode=22 exactValid=True contractValid=True depth=155.452 raw=155.45229074464285 parent=155.452 fp=c05ef8d37d1eb07e | before Nonep/Noneb after Nonep/Noneb cap=None maxDisp=None moved=None resid=None | 
[    3.3s] r3-m22-p2.0-s6: mode=22 exactValid=True contractValid=True depth=155.452 raw=155.45229074464285 parent=155.452 fp=c05ef8d37d1eb07e | before Nonep/Noneb after Nonep/Noneb cap=None maxDisp=None moved=None resid=None | 
[    3.7s] r3-m22-p2.0-s7: mode=22 exactValid=True contractValid=True depth=155.452 raw=155.45229074464285 parent=155.452 fp=c05ef8d37d1eb07e | before Nonep/Noneb after Nonep/Noneb cap=None maxDisp=None moved=None resid=None | 
[    2.1s] r3-flat0.0005-m33-p0.05: mode=33 exactValid=False contractValid=True depth=None raw=155.45179074464286 parent=155.452 fp= | before Nonep/Noneb after Nonep/Noneb cap=None maxDisp=None moved=None resid=None | no violating pair to target with a joint re-placement
   ~ pairs=0 bnd=0 comp=0 maxComp=0 /7 ej=0 /7 att=False matDef=None orders=0/0 swaps=0 cRep=0 cRef=0 | skip=no violating pair to target with a joint re-placement
[    2.1s] r3-flat0.0005-m33-p2.0: mode=33 exactValid=False contractValid=True depth=None raw=155.45179074464286 parent=155.452 fp= | before Nonep/Noneb after Nonep/Noneb cap=None maxDisp=None moved=None resid=None | no violating pair to target with a joint re-placement
   ~ pairs=0 bnd=0 comp=0 maxComp=0 /7 ej=0 /7 att=False matDef=None orders=0/0 swaps=0 cRep=0 cRef=0 | skip=no violating pair to target with a joint re-placement
[    2.5s] r3-flat0.001-m33-p0.05: mode=33 exactValid=False contractValid=True depth=None raw=155.45129074464285 parent=155.451 fp= | before Nonep/Noneb after Nonep/Noneb cap=None maxDisp=None moved=None resid=None | no insertion order re-placed the 1 violation components inside the 155.502291 mm bound
   ~ pairs=1 bnd=0 comp=1 maxComp=2 /7 ej=2 /7 att=True matDef=None orders=2/2 swaps=1 cRep=0 cRef=1 | acceptedAnchorLocal=0 acceptedAngles=[('c5135087-12f0-44f9-bd91-4bcf67affd8b-copy-1', 21.1343, -0.0032, False), ('c5135087-12f0-44f9-bd91-4bcf67affd8b-copy-1', 21.1343, -0.0032, False), ('c5135087-12f0-44f9-bd91-4bcf67affd8b-copy-1', 21.1343, -0.0032, False), ('c5135087-12f0-44f9-bd91-4bcf67affd8b-copy-1', 21.1343, -0.0032, False), ('c5135087-12f0-44f9-bd91-4bcf67affd8b-copy-1', 21.1375, 0.0, True), ('c5135087-12f0-44f9-bd91-4bcf67affd8b-copy-1', 21.1375, 0.0, True), ('c5135087-12f0-44f9-bd91-4bcf67affd8b-copy-1', 21.1375, 0.0, True), ('c5135087-12f0-44f9-bd91-4bcf67affd8b-copy-1', 21.1375, 0.0, True), ('c5135087-12f0-44f9-bd91-4bcf67affd8b-copy-1', 21.1343, -0.0032, True), ('c5135087-12f0-44f9-bd91-4bcf67affd8b-copy-1', 21.1343, -0.0032, True), ('c5135087-12f0-44f9-bd91-4bcf67affd8b-copy-1', 21.1343, -0.0032, True), ('c5135087-12f0-44f9-bd91-4bcf67affd8b-copy-1', 21.1343, -0.0032, True)] acceptedOrientation=12 acceptedStation=0 acceptedVacated=5 candidates=97310 finalists=48 rows=47696 variants=1295
[    2.1s] r3-flat0.001-m33-p2.0: mode=33 exactValid=True contractValid=True depth=155.517 raw=155.51729074464285 parent=155.451 fp=0191a0d1bc3444d4 | before Nonep/Noneb after Nonep/Noneb cap=None maxDisp=None moved=None resid=None | 
   ~ pairs=1 bnd=0 comp=1 maxComp=2 /7 ej=2 /7 att=True matDef=None orders=1/2 swaps=0 cRep=1 cRef=0 | acceptedAnchorLocal=1 acceptedOrientation=0 acceptedStation=0 acceptedVacated=1 candidates=5550 finalists=6 rows=283 variants=74
[    2.5s] r3-flat0.002-m33-p0.05: mode=33 exactValid=False contractValid=True depth=None raw=155.45029074464284 parent=155.45 fp= | before Nonep/Noneb after Nonep/Noneb cap=None maxDisp=None moved=None resid=None | no insertion order re-placed the 1 violation components inside the 155.502291 mm bound
   ~ pairs=1 bnd=0 comp=1 maxComp=2 /7 ej=2 /7 att=True matDef=None orders=2/2 swaps=1 cRep=0 cRef=1 | acceptedAnchorLocal=0 acceptedAngles=[('c5135087-12f0-44f9-bd91-4bcf67affd8b-copy-1', 21.1343, -0.0032, False), ('c5135087-12f0-44f9-bd91-4bcf67affd8b-copy-1', 21.1343, -0.0032, False), ('c5135087-12f0-44f9-bd91-4bcf67affd8b-copy-1', 21.1343, -0.0032, False), ('c5135087-12f0-44f9-bd91-4bcf67affd8b-copy-1', 21.1343, -0.0032, False), ('c5135087-12f0-44f9-bd91-4bcf67affd8b-copy-1', 21.1375, 0.0, True), ('c5135087-12f0-44f9-bd91-4bcf67affd8b-copy-1', 21.1375, 0.0, True), ('c5135087-12f0-44f9-bd91-4bcf67affd8b-copy-1', 21.1375, 0.0, True), ('c5135087-12f0-44f9-bd91-4bcf67affd8b-copy-1', 21.1375, 0.0, True), ('c5135087-12f0-44f9-bd91-4bcf67affd8b-copy-1', 21.1343, -0.0032, True), ('c5135087-12f0-44f9-bd91-4bcf67affd8b-copy-1', 21.1343, -0.0032, True), ('c5135087-12f0-44f9-bd91-4bcf67affd8b-copy-1', 21.1343, -0.0032, True), ('c5135087-12f0-44f9-bd91-4bcf67affd8b-copy-1', 21.1343, -0.0032, True)] acceptedOrientation=12 acceptedStation=0 acceptedVacated=5 candidates=97310 finalists=48 rows=47696 variants=1295
[    2.2s] r3-flat0.002-m33-p2.0: mode=33 exactValid=True contractValid=True depth=155.516 raw=155.51629074464287 parent=155.45 fp=671a27cabbe55eb5 | before Nonep/Noneb after Nonep/Noneb cap=None maxDisp=None moved=None resid=None | 
   ~ pairs=1 bnd=0 comp=1 maxComp=2 /7 ej=2 /7 att=True matDef=None orders=1/2 swaps=0 cRep=1 cRef=0 | acceptedAnchorLocal=1 acceptedOrientation=0 acceptedStation=0 acceptedVacated=1 candidates=5550 finalists=6 rows=283 variants=74
[    2.2s] r3-flat0.003-m33-p0.05: mode=33 exactValid=True contractValid=True depth=155.453 raw=155.45347953484 parent=155.449 fp=4bbb07b964010eb1 | before Nonep/Noneb after Nonep/Noneb cap=None maxDisp=None moved=None resid=None | 
   ~ pairs=1 bnd=0 comp=1 maxComp=2 /7 ej=2 /7 att=True matDef=None orders=1/2 swaps=0 cRep=1 cRef=0 | acceptedAnchorLocal=0 acceptedAngles=[('68c5a4cc-cf24-447c-ad54-974a021198a8-copy-4', 270.00495, 0.0032, False)] acceptedOrientation=1 acceptedStation=0 acceptedVacated=1 candidates=9435 finalists=4 rows=1130 variants=74
[    2.2s] r3-flat0.003-m33-p2.0: mode=33 exactValid=True contractValid=True depth=155.515 raw=155.51529074464287 parent=155.449 fp=90f4f56615ef05ab | before Nonep/Noneb after Nonep/Noneb cap=None maxDisp=None moved=None resid=None | 
   ~ pairs=1 bnd=0 comp=1 maxComp=2 /7 ej=2 /7 att=True matDef=None orders=1/2 swaps=0 cRep=1 cRef=0 | acceptedAnchorLocal=1 acceptedOrientation=0 acceptedStation=0 acceptedVacated=1 candidates=9435 finalists=3 rows=1111 variants=74
[    2.1s] r3-flat0.004-m33-p0.05: mode=33 exactValid=True contractValid=True depth=155.452 raw=155.45229074464285 parent=155.448 fp=c05ef8d37d1eb07e | before Nonep/Noneb after Nonep/Noneb cap=None maxDisp=None moved=None resid=None | 
   ~ pairs=1 bnd=0 comp=1 maxComp=2 /7 ej=2 /7 att=True matDef=None orders=1/2 swaps=0 cRep=1 cRef=0 | acceptedAnchorLocal=1 acceptedOrientation=0 acceptedStation=0 acceptedVacated=1 candidates=9435 finalists=2 rows=725 variants=74
[    2.2s] r3-flat0.004-m33-p2.0: mode=33 exactValid=True contractValid=True depth=155.452 raw=155.45229074464285 parent=155.448 fp=c05ef8d37d1eb07e | before Nonep/Noneb after Nonep/Noneb cap=None maxDisp=None moved=None resid=None | 
   ~ pairs=1 bnd=0 comp=1 maxComp=2 /7 ej=2 /7 att=True matDef=None orders=1/2 swaps=0 cRep=1 cRef=0 | acceptedAnchorLocal=1 acceptedOrientation=0 acceptedStation=0 acceptedVacated=1 candidates=9435 finalists=1 rows=706 variants=74
[    2.1s] r3-flat0.01-m33-p0.05: mode=33 exactValid=True contractValid=True depth=155.457 raw=155.45729074464288 parent=155.442 fp=b64efff052d863c2 | before Nonep/Noneb after Nonep/Noneb cap=None maxDisp=None moved=None resid=None | 
   ~ pairs=2 bnd=0 comp=2 maxComp=2 /7 ej=4 /7 att=True matDef=None orders=3/4 swaps=0 cRep=2 cRef=0 | acceptedAnchorLocal=2 acceptedOrientation=0 acceptedStation=0 acceptedVacated=3 candidates=28009 finalists=3 rows=5738 variants=222
[    2.2s] r3-flat0.01-m33-p2.0: mode=33 exactValid=True contractValid=True depth=155.457 raw=155.45729074464288 parent=155.442 fp=b64efff052d863c2 | before Nonep/Noneb after Nonep/Noneb cap=None maxDisp=None moved=None resid=None | 
   ~ pairs=2 bnd=0 comp=2 maxComp=2 /7 ej=4 /7 att=True matDef=None orders=3/4 swaps=0 cRep=2 cRef=0 | acceptedAnchorLocal=2 acceptedOrientation=0 acceptedStation=0 acceptedVacated=3 candidates=28009 finalists=2 rows=5535 variants=222
[    2.1s] r3-m31-e0.006: mode=31 exactValid=True contractValid=True depth=155.445 raw=155.44529074464285 parent=155.452 fp=c22cc729c1231e06 | before 0p/7b after 0p/0b cap=0.2353440000001683 maxDisp=0.12873616430513998 moved=44 resid=0.0011577038413636874 | 
*** ADOPT [C-m31] r3-m31-e0.006: 155.45229074464285 -> 155.44529074464285 (delta -0.007000000)
    pin=/var/lib/t3/tmp/recordline/fsline4/pins/pin-155.445290745.json sha256=d8bbdc8313b6960fb31e4f0d616227508a8c288c23c844bc41013b9b7472c688 fp=c22cc729c1231e06add483510cea2e3d95bd2b8d2fd869584e3f08204320cf27
[    5.1s] r4-m22-p0.8-s0: mode=22 exactValid=True contractValid=True depth=155.443 raw=155.44329074464284 parent=155.445 fp=1f04c6c0aafbe271 | before Nonep/Noneb after Nonep/Noneb cap=None maxDisp=None moved=None resid=None | 
*** ADOPT [A-m22] r4-m22-p0.8-s0: 155.44529074464285 -> 155.44329074464284 (delta -0.002000000)
    pin=/var/lib/t3/tmp/recordline/fsline4/pins/pin-155.443290745.json sha256=2eefa81bf0f423507653f5f4f9b4c00a105f137c664a0a2c768e0ae89aad28e3 fp=1f04c6c0aafbe27170424db58dc88fc52109feff905e586d1c1b06c9a01c9603
[    3.6s] r5-m22-p0.8-s0: mode=22 exactValid=True contractValid=True depth=155.443 raw=155.44329074464284 parent=155.443 fp=1f04c6c0aafbe271 | before Nonep/Noneb after Nonep/Noneb cap=None maxDisp=None moved=None resid=None | 
[    5.2s] r5-m22-p0.8-s1: mode=22 exactValid=True contractValid=True depth=155.443 raw=155.44329074464284 parent=155.443 fp=1f04c6c0aafbe271 | before Nonep/Noneb after Nonep/Noneb cap=None maxDisp=None moved=None resid=None | 
[    7.7s] r5-m22-p0.8-s2: mode=22 exactValid=True contractValid=True depth=155.443 raw=155.44329074464284 parent=155.443 fp=1f04c6c0aafbe271 | before Nonep/Noneb after Nonep/Noneb cap=None maxDisp=None moved=None resid=None | 
[    5.4s] r5-m22-p0.8-s3: mode=22 exactValid=True contractValid=True depth=155.443 raw=155.44329074464284 parent=155.443 fp=1f04c6c0aafbe271 | before Nonep/Noneb after Nonep/Noneb cap=None maxDisp=None moved=None resid=None | 
[    7.8s] r5-m22-p0.8-s4: mode=22 exactValid=True contractValid=True depth=155.443 raw=155.44329074464284 parent=155.443 fp=1f04c6c0aafbe271 | before Nonep/Noneb after Nonep/Noneb cap=None maxDisp=None moved=None resid=None | 
[    6.2s] r5-m22-p0.8-s5: mode=22 exactValid=True contractValid=True depth=155.443 raw=155.44329074464284 parent=155.443 fp=1f04c6c0aafbe271 | before Nonep/Noneb after Nonep/Noneb cap=None maxDisp=None moved=None resid=None | 
[    6.4s] r5-m22-p0.8-s6: mode=22 exactValid=True contractValid=True depth=155.443 raw=155.44329074464284 parent=155.443 fp=1f04c6c0aafbe271 | before Nonep/Noneb after Nonep/Noneb cap=None maxDisp=None moved=None resid=None | 
[    7.4s] r5-m22-p0.8-s7: mode=22 exactValid=True contractValid=True depth=155.443 raw=155.44329074464284 parent=155.443 fp=1f04c6c0aafbe271 | before Nonep/Noneb after Nonep/Noneb cap=None maxDisp=None moved=None resid=None | 
[    6.4s] r5-m22-p0.3-s0: mode=22 exactValid=True contractValid=True depth=155.443 raw=155.44329074464284 parent=155.443 fp=1f04c6c0aafbe271 | before Nonep/Noneb after Nonep/Noneb cap=None maxDisp=None moved=None resid=None | 
[    5.7s] r5-m22-p0.3-s1: mode=22 exactValid=True contractValid=True depth=155.443 raw=155.44329074464284 parent=155.443 fp=1f04c6c0aafbe271 | before Nonep/Noneb after Nonep/Noneb cap=None maxDisp=None moved=None resid=None | 
[    7.0s] r5-m22-p0.3-s2: mode=22 exactValid=True contractValid=True depth=155.443 raw=155.44329074464284 parent=155.443 fp=1f04c6c0aafbe271 | before Nonep/Noneb after Nonep/Noneb cap=None maxDisp=None moved=None resid=None | 
[    6.2s] r5-m22-p0.3-s3: mode=22 exactValid=True contractValid=True depth=155.443 raw=155.44329074464284 parent=155.443 fp=1f04c6c0aafbe271 | before Nonep/Noneb after Nonep/Noneb cap=None maxDisp=None moved=None resid=None | 
[    8.9s] r5-m22-p0.3-s4: mode=22 exactValid=True contractValid=True depth=155.443 raw=155.44329074464284 parent=155.443 fp=1f04c6c0aafbe271 | before Nonep/Noneb after Nonep/Noneb cap=None maxDisp=None moved=None resid=None | 
[    5.9s] r5-m22-p0.3-s5: mode=22 exactValid=True contractValid=True depth=155.443 raw=155.44329074464284 parent=155.443 fp=1f04c6c0aafbe271 | before Nonep/Noneb after Nonep/Noneb cap=None maxDisp=None moved=None resid=None | 
[    6.4s] r5-m22-p0.3-s6: mode=22 exactValid=True contractValid=True depth=155.443 raw=155.44329074464284 parent=155.443 fp=1f04c6c0aafbe271 | before Nonep/Noneb after Nonep/Noneb cap=None maxDisp=None moved=None resid=None | 
[    7.2s] r5-m22-p0.3-s7: mode=22 exactValid=True contractValid=True depth=155.443 raw=155.44329074464284 parent=155.443 fp=1f04c6c0aafbe271 | before Nonep/Noneb after Nonep/Noneb cap=None maxDisp=None moved=None resid=None | 
[    7.3s] r5-m22-p2.0-s0: mode=22 exactValid=True contractValid=True depth=155.443 raw=155.44329074464284 parent=155.443 fp=1f04c6c0aafbe271 | before Nonep/Noneb after Nonep/Noneb cap=None maxDisp=None moved=None resid=None | 
[    6.7s] r5-m22-p2.0-s1: mode=22 exactValid=True contractValid=True depth=155.443 raw=155.44329074464284 parent=155.443 fp=1f04c6c0aafbe271 | before Nonep/Noneb after Nonep/Noneb cap=None maxDisp=None moved=None resid=None | 
[    7.2s] r5-m22-p2.0-s2: mode=22 exactValid=True contractValid=True depth=155.443 raw=155.44329074464284 parent=155.443 fp=1f04c6c0aafbe271 | before Nonep/Noneb after Nonep/Noneb cap=None maxDisp=None moved=None resid=None | 
[    5.2s] r5-m22-p2.0-s3: mode=22 exactValid=True contractValid=True depth=155.443 raw=155.44329074464284 parent=155.443 fp=1f04c6c0aafbe271 | before Nonep/Noneb after Nonep/Noneb cap=None maxDisp=None moved=None resid=None | 
[    7.1s] r5-m22-p2.0-s4: mode=22 exactValid=True contractValid=True depth=155.443 raw=155.44329074464284 parent=155.443 fp=1f04c6c0aafbe271 | before Nonep/Noneb after Nonep/Noneb cap=None maxDisp=None moved=None resid=None | 
[    7.1s] r5-m22-p2.0-s5: mode=22 exactValid=True contractValid=True depth=155.443 raw=155.44329074464284 parent=155.443 fp=1f04c6c0aafbe271 | before Nonep/Noneb after Nonep/Noneb cap=None maxDisp=None moved=None resid=None | 
[    6.6s] r5-m22-p2.0-s6: mode=22 exactValid=True contractValid=True depth=155.443 raw=155.44329074464284 parent=155.443 fp=1f04c6c0aafbe271 | before Nonep/Noneb after Nonep/Noneb cap=None maxDisp=None moved=None resid=None | 
[    6.8s] r5-m22-p2.0-s7: mode=22 exactValid=True contractValid=True depth=155.443 raw=155.44329074464284 parent=155.443 fp=1f04c6c0aafbe271 | before Nonep/Noneb after Nonep/Noneb cap=None maxDisp=None moved=None resid=None | 
[    4.0s] r5-flat0.0005-m33-p0.05: mode=33 exactValid=False contractValid=True depth=None raw=155.44279074464285 parent=155.443 fp= | before Nonep/Noneb after Nonep/Noneb cap=None maxDisp=None moved=None resid=None | no violating pair to target with a joint re-placement
   ~ pairs=0 bnd=0 comp=0 maxComp=0 /7 ej=0 /7 att=False matDef=None orders=0/0 swaps=0 cRep=0 cRef=0 | skip=no violating pair to target with a joint re-placement
[    3.3s] r5-flat0.0005-m33-p2.0: mode=33 exactValid=False contractValid=True depth=None raw=155.44279074464285 parent=155.443 fp= | before Nonep/Noneb after Nonep/Noneb cap=None maxDisp=None moved=None resid=None | no violating pair to target with a joint re-placement
   ~ pairs=0 bnd=0 comp=0 maxComp=0 /7 ej=0 /7 att=False matDef=None orders=0/0 swaps=0 cRep=0 cRef=0 | skip=no violating pair to target with a joint re-placement
[    4.0s] r5-flat0.001-m33-p0.05: mode=33 exactValid=True contractValid=True depth=155.444 raw=155.44447953483999 parent=155.442 fp=71280e4d88f0ecc2 | before Nonep/Noneb after Nonep/Noneb cap=None maxDisp=None moved=None resid=None | 
   ~ pairs=1 bnd=0 comp=1 maxComp=2 /7 ej=2 /7 att=True matDef=None orders=1/2 swaps=0 cRep=1 cRef=0 | acceptedAnchorLocal=0 acceptedAngles=[('68c5a4cc-cf24-447c-ad54-974a021198a8-copy-4', 270.00495, 0.0032, False)] acceptedOrientation=1 acceptedStation=0 acceptedVacated=1 candidates=5476 finalists=4 rows=2611 variants=74
[    4.6s] r5-flat0.001-m33-p2.0: mode=33 exactValid=True contractValid=True depth=155.508 raw=155.50829074464286 parent=155.442 fp=37c88aad9c85e9b0 | before Nonep/Noneb after Nonep/Noneb cap=None maxDisp=None moved=None resid=None | 
   ~ pairs=1 bnd=0 comp=1 maxComp=2 /7 ej=2 /7 att=True matDef=None orders=1/2 swaps=0 cRep=1 cRef=0 | acceptedAnchorLocal=1 acceptedOrientation=0 acceptedStation=0 acceptedVacated=1 candidates=5476 finalists=6 rows=281 variants=74
[    4.1s] r5-flat0.002-m33-p0.05: mode=33 exactValid=False contractValid=True depth=None raw=155.44129074464283 parent=155.441 fp= | before Nonep/Noneb after Nonep/Noneb cap=None maxDisp=None moved=None resid=None | no insertion order re-placed the 1 violation components inside the 155.493291 mm bound
   ~ pairs=1 bnd=0 comp=1 maxComp=2 /7 ej=2 /7 att=True matDef=None orders=2/2 swaps=1 cRep=0 cRef=1 | acceptedAnchorLocal=0 acceptedAngles=[('c5135087-12f0-44f9-bd91-4bcf67affd8b-copy-1', 21.1343, -0.0032, False), ('c5135087-12f0-44f9-bd91-4bcf67affd8b-copy-1', 21.1343, -0.0032, False), ('c5135087-12f0-44f9-bd91-4bcf67affd8b-copy-1', 21.1343, -0.0032, False), ('c5135087-12f0-44f9-bd91-4bcf67affd8b-copy-1', 21.1343, -0.0032, False), ('c5135087-12f0-44f9-bd91-4bcf67affd8b-copy-1', 21.1375, 0.0, True), ('c5135087-12f0-44f9-bd91-4bcf67affd8b-copy-1', 21.1375, 0.0, True), ('c5135087-12f0-44f9-bd91-4bcf67affd8b-copy-1', 21.1375, 0.0, True), ('c5135087-12f0-44f9-bd91-4bcf67affd8b-copy-1', 21.1375, 0.0, True), ('c5135087-12f0-44f9-bd91-4bcf67affd8b-copy-1', 21.1343, -0.0032, True), ('c5135087-12f0-44f9-bd91-4bcf67affd8b-copy-1', 21.1343, -0.0032, True), ('c5135087-12f0-44f9-bd91-4bcf67affd8b-copy-1', 21.1343, -0.0032, True), ('c5135087-12f0-44f9-bd91-4bcf67affd8b-copy-1', 21.1343, -0.0032, True)] acceptedOrientation=12 acceptedStation=0 acceptedVacated=5 candidates=95978 finalists=48 rows=47548 variants=1295
[    4.1s] r5-flat0.002-m33-p2.0: mode=33 exactValid=True contractValid=True depth=155.507 raw=155.50729074464286 parent=155.441 fp=91b6622358c9d9e9 | before Nonep/Noneb after Nonep/Noneb cap=None maxDisp=None moved=None resid=None | 
   ~ pairs=1 bnd=0 comp=1 maxComp=2 /7 ej=2 /7 att=True matDef=None orders=1/2 swaps=0 cRep=1 cRef=0 | acceptedAnchorLocal=1 acceptedOrientation=0 acceptedStation=0 acceptedVacated=1 candidates=5476 finalists=6 rows=281 variants=74
[    4.0s] r5-flat0.003-m33-p0.05: mode=33 exactValid=True contractValid=True depth=155.442 raw=155.44229074464286 parent=155.44 fp=2d2ce14ed2910cae | before Nonep/Noneb after Nonep/Noneb cap=None maxDisp=None moved=None resid=None | 
   ~ pairs=1 bnd=0 comp=1 maxComp=2 /7 ej=2 /7 att=True matDef=None orders=1/2 swaps=0 cRep=1 cRef=0 | acceptedAnchorLocal=1 acceptedOrientation=0 acceptedStation=0 acceptedVacated=1 candidates=9361 finalists=1 rows=704 variants=74
*** ADOPT [B-flat] r5-flat0.003-m33-p0.05: 155.44329074464284 -> 155.44229074464286 (delta -0.001000000)
    pin=/var/lib/t3/tmp/recordline/fsline4/pins/pin-155.442290745.json sha256=bd69afd1ebd4bdea9cdc8289ae1bb3b3ec8bbeb3793f292b94dcf09ce64f3382 fp=2d2ce14ed2910caeba8803e4934fcdd2559e15232d760c0b0ea6120e6dd8648f
[    7.7s] r6-m22-p0.8-s0: mode=22 exactValid=True contractValid=True depth=155.442 raw=155.44229074464286 parent=155.442 fp=2d2ce14ed2910cae | before Nonep/Noneb after Nonep/Noneb cap=None maxDisp=None moved=None resid=None | 
[    6.9s] r6-m22-p0.8-s1: mode=22 exactValid=True contractValid=True depth=155.442 raw=155.44229074464286 parent=155.442 fp=2d2ce14ed2910cae | before Nonep/Noneb after Nonep/Noneb cap=None maxDisp=None moved=None resid=None | 
[    7.5s] r6-m22-p0.8-s2: mode=22 exactValid=True contractValid=True depth=155.442 raw=155.44229074464286 parent=155.442 fp=2d2ce14ed2910cae | before Nonep/Noneb after Nonep/Noneb cap=None maxDisp=None moved=None resid=None | 
[    6.6s] r6-m22-p0.8-s3: mode=22 exactValid=True contractValid=True depth=155.442 raw=155.44229074464286 parent=155.442 fp=2d2ce14ed2910cae | before Nonep/Noneb after Nonep/Noneb cap=None maxDisp=None moved=None resid=None | 
[    7.8s] r6-m22-p0.8-s4: mode=22 exactValid=True contractValid=True depth=155.442 raw=155.44229074464286 parent=155.442 fp=2d2ce14ed2910cae | before Nonep/Noneb after Nonep/Noneb cap=None maxDisp=None moved=None resid=None | 
[    7.2s] r6-m22-p0.8-s5: mode=22 exactValid=True contractValid=True depth=155.442 raw=155.44229074464286 parent=155.442 fp=2d2ce14ed2910cae | before Nonep/Noneb after Nonep/Noneb cap=None maxDisp=None moved=None resid=None | 
[    6.1s] r6-m22-p0.8-s6: mode=22 exactValid=True contractValid=True depth=155.442 raw=155.44229074464286 parent=155.442 fp=2d2ce14ed2910cae | before Nonep/Noneb after Nonep/Noneb cap=None maxDisp=None moved=None resid=None | 
[    7.2s] r6-m22-p0.8-s7: mode=22 exactValid=True contractValid=True depth=155.442 raw=155.44229074464286 parent=155.442 fp=2d2ce14ed2910cae | before Nonep/Noneb after Nonep/Noneb cap=None maxDisp=None moved=None resid=None | 
[    7.2s] r6-m22-p0.3-s0: mode=22 exactValid=True contractValid=True depth=155.442 raw=155.44229074464286 parent=155.442 fp=2d2ce14ed2910cae | before Nonep/Noneb after Nonep/Noneb cap=None maxDisp=None moved=None resid=None | 
[    6.4s] r6-m22-p0.3-s1: mode=22 exactValid=True contractValid=True depth=155.442 raw=155.44229074464286 parent=155.442 fp=2d2ce14ed2910cae | before Nonep/Noneb after Nonep/Noneb cap=None maxDisp=None moved=None resid=None | 
[    7.6s] r6-m22-p0.3-s2: mode=22 exactValid=True contractValid=True depth=155.442 raw=155.44229074464286 parent=155.442 fp=2d2ce14ed2910cae | before Nonep/Noneb after Nonep/Noneb cap=None maxDisp=None moved=None resid=None | 
[    7.2s] r6-m22-p0.3-s3: mode=22 exactValid=True contractValid=True depth=155.442 raw=155.44229074464286 parent=155.442 fp=2d2ce14ed2910cae | before Nonep/Noneb after Nonep/Noneb cap=None maxDisp=None moved=None resid=None | 
[    7.3s] r6-m22-p0.3-s4: mode=22 exactValid=True contractValid=True depth=155.442 raw=155.44229074464286 parent=155.442 fp=2d2ce14ed2910cae | before Nonep/Noneb after Nonep/Noneb cap=None maxDisp=None moved=None resid=None | 
[    6.0s] r6-m22-p0.3-s5: mode=22 exactValid=True contractValid=True depth=155.442 raw=155.44229074464286 parent=155.442 fp=2d2ce14ed2910cae | before Nonep/Noneb after Nonep/Noneb cap=None maxDisp=None moved=None resid=None | 
[    5.8s] r6-m22-p0.3-s6: mode=22 exactValid=True contractValid=True depth=155.442 raw=155.44229074464286 parent=155.442 fp=2d2ce14ed2910cae | before Nonep/Noneb after Nonep/Noneb cap=None maxDisp=None moved=None resid=None | 
[    7.7s] r6-m22-p0.3-s7: mode=22 exactValid=True contractValid=True depth=155.442 raw=155.44229074464286 parent=155.442 fp=2d2ce14ed2910cae | before Nonep/Noneb after Nonep/Noneb cap=None maxDisp=None moved=None resid=None | 
[    7.1s] r6-m22-p2.0-s0: mode=22 exactValid=True contractValid=True depth=155.442 raw=155.44229074464286 parent=155.442 fp=2d2ce14ed2910cae | before Nonep/Noneb after Nonep/Noneb cap=None maxDisp=None moved=None resid=None | 
[    6.8s] r6-m22-p2.0-s1: mode=22 exactValid=True contractValid=True depth=155.442 raw=155.44229074464286 parent=155.442 fp=2d2ce14ed2910cae | before Nonep/Noneb after Nonep/Noneb cap=None maxDisp=None moved=None resid=None | 
[    7.4s] r6-m22-p2.0-s2: mode=22 exactValid=True contractValid=True depth=155.442 raw=155.44229074464286 parent=155.442 fp=2d2ce14ed2910cae | before Nonep/Noneb after Nonep/Noneb cap=None maxDisp=None moved=None resid=None | 
[    7.0s] r6-m22-p2.0-s3: mode=22 exactValid=True contractValid=True depth=155.442 raw=155.44229074464286 parent=155.442 fp=2d2ce14ed2910cae | before Nonep/Noneb after Nonep/Noneb cap=None maxDisp=None moved=None resid=None | 
[    7.8s] r6-m22-p2.0-s4: mode=22 exactValid=True contractValid=True depth=155.442 raw=155.44229074464286 parent=155.442 fp=2d2ce14ed2910cae | before Nonep/Noneb after Nonep/Noneb cap=None maxDisp=None moved=None resid=None | 
[    7.1s] r6-m22-p2.0-s5: mode=22 exactValid=True contractValid=True depth=155.442 raw=155.44229074464286 parent=155.442 fp=2d2ce14ed2910cae | before Nonep/Noneb after Nonep/Noneb cap=None maxDisp=None moved=None resid=None | 
[    6.5s] r6-m22-p2.0-s6: mode=22 exactValid=True contractValid=True depth=155.442 raw=155.44229074464286 parent=155.442 fp=2d2ce14ed2910cae | before Nonep/Noneb after Nonep/Noneb cap=None maxDisp=None moved=None resid=None | 
[    7.8s] r6-m22-p2.0-s7: mode=22 exactValid=True contractValid=True depth=155.442 raw=155.44229074464286 parent=155.442 fp=2d2ce14ed2910cae | before Nonep/Noneb after Nonep/Noneb cap=None maxDisp=None moved=None resid=None | 
[    4.2s] r6-flat0.0005-m33-p0.05: mode=33 exactValid=False contractValid=True depth=None raw=155.44179074464287 parent=155.442 fp= | before Nonep/Noneb after Nonep/Noneb cap=None maxDisp=None moved=None resid=None | no violating pair to target with a joint re-placement
   ~ pairs=0 bnd=0 comp=0 maxComp=0 /7 ej=0 /7 att=False matDef=None orders=0/0 swaps=0 cRep=0 cRef=0 | skip=no violating pair to target with a joint re-placement
[    4.4s] r6-flat0.0005-m33-p2.0: mode=33 exactValid=False contractValid=True depth=None raw=155.44179074464287 parent=155.442 fp= | before Nonep/Noneb after Nonep/Noneb cap=None maxDisp=None moved=None resid=None | no violating pair to target with a joint re-placement
   ~ pairs=0 bnd=0 comp=0 maxComp=0 /7 ej=0 /7 att=False matDef=None orders=0/0 swaps=0 cRep=0 cRef=0 | skip=no violating pair to target with a joint re-placement
[    4.4s] r6-flat0.001-m33-p0.05: mode=33 exactValid=True contractValid=True depth=155.441 raw=155.44129074464286 parent=155.441 fp=14fdb257eb6e687e | before Nonep/Noneb after Nonep/Noneb cap=None maxDisp=None moved=None resid=None | 
   ~ pairs=1 bnd=0 comp=1 maxComp=2 /7 ej=2 /7 att=True matDef=None orders=2/2 swaps=1 cRep=1 cRef=0 | acceptedAnchorLocal=0 acceptedAngles=[('c5135087-12f0-44f9-bd91-4bcf67affd8b-copy-1', 21.1343, -0.0032, False), ('c5135087-12f0-44f9-bd91-4bcf67affd8b-copy-1', 21.1343, -0.0032, False), ('c5135087-12f0-44f9-bd91-4bcf67affd8b-copy-1', 21.1343, -0.0032, False), ('c5135087-12f0-44f9-bd91-4bcf67affd8b-copy-1', 21.1343, -0.0032, False), ('c5135087-12f0-44f9-bd91-4bcf67affd8b-copy-1', 21.1375, 0.0, True)] acceptedOrientation=5 acceptedStation=0 acceptedVacated=6 candidates=57646 finalists=28 rows=29271 variants=777
*** ADOPT [B-flat] r6-flat0.001-m33-p0.05: 155.44229074464286 -> 155.44129074464286 (delta -0.001000000)
    pin=/var/lib/t3/tmp/recordline/fsline4/pins/pin-155.441290745.json sha256=fd9d902536a92cdf9ee785a122e6a2f2f3d2e8b1e51dc1c77707a58634855b6c fp=14fdb257eb6e687e7adb0e401bf6689d596834f4a5bdbd9bbb23ae6f019eb0c3
[    8.0s] r7-m22-p0.8-s0: mode=22 exactValid=True contractValid=True depth=155.441 raw=155.44129074464286 parent=155.441 fp=14fdb257eb6e687e | before Nonep/Noneb after Nonep/Noneb cap=None maxDisp=None moved=None resid=None | 
[    6.6s] r7-m22-p0.8-s1: mode=22 exactValid=True contractValid=True depth=155.441 raw=155.44129074464286 parent=155.441 fp=14fdb257eb6e687e | before Nonep/Noneb after Nonep/Noneb cap=None maxDisp=None moved=None resid=None | 
[    8.1s] r7-m22-p0.8-s2: mode=22 exactValid=True contractValid=True depth=155.441 raw=155.44129074464286 parent=155.441 fp=14fdb257eb6e687e | before Nonep/Noneb after Nonep/Noneb cap=None maxDisp=None moved=None resid=None | 
[    5.5s] r7-m22-p0.8-s3: mode=22 exactValid=True contractValid=True depth=155.441 raw=155.44129074464286 parent=155.441 fp=14fdb257eb6e687e | before Nonep/Noneb after Nonep/Noneb cap=None maxDisp=None moved=None resid=None | 
[    5.3s] r7-m22-p0.8-s4: mode=22 exactValid=True contractValid=True depth=155.441 raw=155.44129074464286 parent=155.441 fp=14fdb257eb6e687e | before Nonep/Noneb after Nonep/Noneb cap=None maxDisp=None moved=None resid=None | 
[    4.5s] r7-m22-p0.8-s5: mode=22 exactValid=True contractValid=True depth=155.441 raw=155.44129074464286 parent=155.441 fp=14fdb257eb6e687e | before Nonep/Noneb after Nonep/Noneb cap=None maxDisp=None moved=None resid=None | 
[    3.8s] r7-m22-p0.8-s6: mode=22 exactValid=True contractValid=True depth=155.441 raw=155.44129074464286 parent=155.441 fp=14fdb257eb6e687e | before Nonep/Noneb after Nonep/Noneb cap=None maxDisp=None moved=None resid=None | 
[    3.9s] r7-m22-p0.8-s7: mode=22 exactValid=True contractValid=True depth=155.441 raw=155.44129074464286 parent=155.441 fp=14fdb257eb6e687e | before Nonep/Noneb after Nonep/Noneb cap=None maxDisp=None moved=None resid=None | 
[    3.8s] r7-m22-p0.3-s0: mode=22 exactValid=True contractValid=True depth=155.441 raw=155.44129074464286 parent=155.441 fp=14fdb257eb6e687e | before Nonep/Noneb after Nonep/Noneb cap=None maxDisp=None moved=None resid=None | 
[    3.3s] r7-m22-p0.3-s1: mode=22 exactValid=True contractValid=True depth=155.441 raw=155.44129074464286 parent=155.441 fp=14fdb257eb6e687e | before Nonep/Noneb after Nonep/Noneb cap=None maxDisp=None moved=None resid=None | 
[    3.8s] r7-m22-p0.3-s2: mode=22 exactValid=True contractValid=True depth=155.441 raw=155.44129074464286 parent=155.441 fp=14fdb257eb6e687e | before Nonep/Noneb after Nonep/Noneb cap=None maxDisp=None moved=None resid=None | 
[    3.3s] r7-m22-p0.3-s3: mode=22 exactValid=True contractValid=True depth=155.441 raw=155.44129074464286 parent=155.441 fp=14fdb257eb6e687e | before Nonep/Noneb after Nonep/Noneb cap=None maxDisp=None moved=None resid=None | 
[    4.0s] r7-m22-p0.3-s4: mode=22 exactValid=True contractValid=True depth=155.441 raw=155.44129074464286 parent=155.441 fp=14fdb257eb6e687e | before Nonep/Noneb after Nonep/Noneb cap=None maxDisp=None moved=None resid=None | 
[    3.2s] r7-m22-p0.3-s5: mode=22 exactValid=True contractValid=True depth=155.441 raw=155.44129074464286 parent=155.441 fp=14fdb257eb6e687e | before Nonep/Noneb after Nonep/Noneb cap=None maxDisp=None moved=None resid=None | 
[    3.2s] r7-m22-p0.3-s6: mode=22 exactValid=True contractValid=True depth=155.441 raw=155.44129074464286 parent=155.441 fp=14fdb257eb6e687e | before Nonep/Noneb after Nonep/Noneb cap=None maxDisp=None moved=None resid=None | 
[    3.8s] r7-m22-p0.3-s7: mode=22 exactValid=True contractValid=True depth=155.441 raw=155.44129074464286 parent=155.441 fp=14fdb257eb6e687e | before Nonep/Noneb after Nonep/Noneb cap=None maxDisp=None moved=None resid=None | 
[    3.8s] r7-m22-p2.0-s0: mode=22 exactValid=True contractValid=True depth=155.441 raw=155.44129074464286 parent=155.441 fp=14fdb257eb6e687e | before Nonep/Noneb after Nonep/Noneb cap=None maxDisp=None moved=None resid=None | 
[    3.3s] r7-m22-p2.0-s1: mode=22 exactValid=True contractValid=True depth=155.441 raw=155.44129074464286 parent=155.441 fp=14fdb257eb6e687e | before Nonep/Noneb after Nonep/Noneb cap=None maxDisp=None moved=None resid=None | 
[    3.8s] r7-m22-p2.0-s2: mode=22 exactValid=True contractValid=True depth=155.441 raw=155.44129074464286 parent=155.441 fp=14fdb257eb6e687e | before Nonep/Noneb after Nonep/Noneb cap=None maxDisp=None moved=None resid=None | 
[    3.3s] r7-m22-p2.0-s3: mode=22 exactValid=True contractValid=True depth=155.441 raw=155.44129074464286 parent=155.441 fp=14fdb257eb6e687e | before Nonep/Noneb after Nonep/Noneb cap=None maxDisp=None moved=None resid=None | 
[    4.0s] r7-m22-p2.0-s4: mode=22 exactValid=True contractValid=True depth=155.441 raw=155.44129074464286 parent=155.441 fp=14fdb257eb6e687e | before Nonep/Noneb after Nonep/Noneb cap=None maxDisp=None moved=None resid=None | 
[    3.2s] r7-m22-p2.0-s5: mode=22 exactValid=True contractValid=True depth=155.441 raw=155.44129074464286 parent=155.441 fp=14fdb257eb6e687e | before Nonep/Noneb after Nonep/Noneb cap=None maxDisp=None moved=None resid=None | 
[    3.2s] r7-m22-p2.0-s6: mode=22 exactValid=True contractValid=True depth=155.441 raw=155.44129074464286 parent=155.441 fp=14fdb257eb6e687e | before Nonep/Noneb after Nonep/Noneb cap=None maxDisp=None moved=None resid=None | 
[    3.8s] r7-m22-p2.0-s7: mode=22 exactValid=True contractValid=True depth=155.441 raw=155.44129074464286 parent=155.441 fp=14fdb257eb6e687e | before Nonep/Noneb after Nonep/Noneb cap=None maxDisp=None moved=None resid=None | 
[    2.1s] r7-flat0.0005-m33-p0.05: mode=33 exactValid=False contractValid=True depth=None raw=155.44079074464287 parent=155.441 fp= | before Nonep/Noneb after Nonep/Noneb cap=None maxDisp=None moved=None resid=None | no violating pair to target with a joint re-placement
   ~ pairs=0 bnd=0 comp=0 maxComp=0 /7 ej=0 /7 att=False matDef=None orders=0/0 swaps=0 cRep=0 cRef=0 | skip=no violating pair to target with a joint re-placement
[    2.1s] r7-flat0.0005-m33-p2.0: mode=33 exactValid=False contractValid=True depth=None raw=155.44079074464287 parent=155.441 fp= | before Nonep/Noneb after Nonep/Noneb cap=None maxDisp=None moved=None resid=None | no violating pair to target with a joint re-placement
   ~ pairs=0 bnd=0 comp=0 maxComp=0 /7 ej=0 /7 att=False matDef=None orders=0/0 swaps=0 cRep=0 cRef=0 | skip=no violating pair to target with a joint re-placement
[    2.5s] r7-flat0.001-m33-p0.05: mode=33 exactValid=False contractValid=True depth=None raw=155.44029074464285 parent=155.44 fp= | before Nonep/Noneb after Nonep/Noneb cap=None maxDisp=None moved=None resid=None | no insertion order re-placed the 1 violation components inside the 155.491291 mm bound
   ~ pairs=1 bnd=0 comp=1 maxComp=2 /7 ej=2 /7 att=True matDef=None orders=2/2 swaps=1 cRep=0 cRef=1 | acceptedAnchorLocal=0 acceptedAngles=[('c5135087-12f0-44f9-bd91-4bcf67affd8b-copy-1', 21.1343, -0.0032, False), ('c5135087-12f0-44f9-bd91-4bcf67affd8b-copy-1', 21.1343, -0.0032, False), ('c5135087-12f0-44f9-bd91-4bcf67affd8b-copy-1', 21.1343, -0.0032, False), ('c5135087-12f0-44f9-bd91-4bcf67affd8b-copy-1', 21.1343, -0.0032, False), ('c5135087-12f0-44f9-bd91-4bcf67affd8b-copy-1', 21.1375, 0.0, True), ('c5135087-12f0-44f9-bd91-4bcf67affd8b-copy-1', 21.1375, 0.0, True), ('c5135087-12f0-44f9-bd91-4bcf67affd8b-copy-1', 21.1375, 0.0, True), ('c5135087-12f0-44f9-bd91-4bcf67affd8b-copy-1', 21.1375, 0.0, True), ('c5135087-12f0-44f9-bd91-4bcf67affd8b-copy-1', 21.1343, -0.0032, True), ('c5135087-12f0-44f9-bd91-4bcf67affd8b-copy-1', 21.1343, -0.0032, True), ('c5135087-12f0-44f9-bd91-4bcf67affd8b-copy-1', 21.1343, -0.0032, True), ('c5135087-12f0-44f9-bd91-4bcf67affd8b-copy-1', 21.1343, -0.0032, True)] acceptedOrientation=12 acceptedStation=0 acceptedVacated=5 candidates=95978 finalists=48 rows=47548 variants=1295
[    2.2s] r7-flat0.001-m33-p2.0: mode=33 exactValid=True contractValid=True depth=155.506 raw=155.50629074464285 parent=155.44 fp=9c75942efe5c01c1 | before Nonep/Noneb after Nonep/Noneb cap=None maxDisp=None moved=None resid=None | 
   ~ pairs=1 bnd=0 comp=1 maxComp=2 /7 ej=2 /7 att=True matDef=None orders=1/2 swaps=0 cRep=1 cRef=0 | acceptedAnchorLocal=1 acceptedOrientation=0 acceptedStation=0 acceptedVacated=1 candidates=5476 finalists=6 rows=282 variants=74
[    2.1s] r7-flat0.002-m33-p0.05: mode=33 exactValid=True contractValid=True depth=155.441 raw=155.44129074464286 parent=155.439 fp=14fdb257eb6e687e | before Nonep/Noneb after Nonep/Noneb cap=None maxDisp=None moved=None resid=None | 
   ~ pairs=1 bnd=0 comp=1 maxComp=2 /7 ej=2 /7 att=True matDef=None orders=1/2 swaps=0 cRep=1 cRef=0 | acceptedAnchorLocal=1 acceptedOrientation=0 acceptedStation=0 acceptedVacated=1 candidates=9361 finalists=2 rows=297 variants=74
[    2.1s] r7-flat0.002-m33-p2.0: mode=33 exactValid=True contractValid=True depth=155.441 raw=155.44129074464286 parent=155.439 fp=14fdb257eb6e687e | before Nonep/Noneb after Nonep/Noneb cap=None maxDisp=None moved=None resid=None | 
   ~ pairs=1 bnd=0 comp=1 maxComp=2 /7 ej=2 /7 att=True matDef=None orders=1/2 swaps=0 cRep=1 cRef=0 | acceptedAnchorLocal=1 acceptedOrientation=0 acceptedStation=0 acceptedVacated=1 candidates=9361 finalists=1 rows=75 variants=74
[    2.1s] r7-flat0.003-m33-p0.05: mode=33 exactValid=True contractValid=True depth=155.442 raw=155.44229074464286 parent=155.438 fp=467d5e31c299b711 | before Nonep/Noneb after Nonep/Noneb cap=None maxDisp=None moved=None resid=None | 
   ~ pairs=1 bnd=0 comp=1 maxComp=2 /7 ej=2 /7 att=True matDef=None orders=1/2 swaps=0 cRep=1 cRef=0 | acceptedAnchorLocal=1 acceptedOrientation=0 acceptedStation=0 acceptedVacated=1 candidates=9361 finalists=3 rows=1335 variants=74
[    2.2s] r7-flat0.003-m33-p2.0: mode=33 exactValid=True contractValid=True depth=155.442 raw=155.44229074464286 parent=155.438 fp=467d5e31c299b711 | before Nonep/Noneb after Nonep/Noneb cap=None maxDisp=None moved=None resid=None | 
   ~ pairs=1 bnd=0 comp=1 maxComp=2 /7 ej=2 /7 att=True matDef=None orders=1/2 swaps=0 cRep=1 cRef=0 | acceptedAnchorLocal=1 acceptedOrientation=0 acceptedStation=0 acceptedVacated=1 candidates=9361 finalists=2 rows=1130 variants=74
[    2.1s] r7-flat0.004-m33-p0.05: mode=33 exactValid=True contractValid=True depth=155.441 raw=155.44129074464286 parent=155.437 fp=959c055b2203f0b6 | before Nonep/Noneb after Nonep/Noneb cap=None maxDisp=None moved=None resid=None | 
   ~ pairs=1 bnd=0 comp=1 maxComp=2 /7 ej=2 /7 att=True matDef=None orders=1/2 swaps=0 cRep=1 cRef=0 | acceptedAnchorLocal=1 acceptedOrientation=0 acceptedStation=0 acceptedVacated=1 candidates=9361 finalists=2 rows=725 variants=74
[    2.1s] r7-flat0.004-m33-p2.0: mode=33 exactValid=True contractValid=True depth=155.441 raw=155.44129074464286 parent=155.437 fp=959c055b2203f0b6 | before Nonep/Noneb after Nonep/Noneb cap=None maxDisp=None moved=None resid=None | 
   ~ pairs=1 bnd=0 comp=1 maxComp=2 /7 ej=2 /7 att=True matDef=None orders=1/2 swaps=0 cRep=1 cRef=0 | acceptedAnchorLocal=1 acceptedOrientation=0 acceptedStation=0 acceptedVacated=1 candidates=9361 finalists=1 rows=706 variants=74
[    2.2s] r7-flat0.01-m33-p0.05: mode=33 exactValid=True contractValid=True depth=155.465 raw=155.46474058238277 parent=155.431 fp=38955fcf78b5dd89 | before Nonep/Noneb after Nonep/Noneb cap=None maxDisp=None moved=None resid=None | 
   ~ pairs=2 bnd=0 comp=2 maxComp=2 /7 ej=4 /7 att=True matDef=None orders=3/4 swaps=0 cRep=2 cRef=0 | acceptedAnchorLocal=0 acceptedAngles=[('68c5a4cc-cf24-447c-ad54-974a021198a8-copy-4', 270.05175, 0.05, False), ('28f5a1d1-afd4-46e4-b2b9-f1841386be28-copy-3', 359.8782, 0.0032, False)] acceptedOrientation=2 acceptedStation=0 acceptedVacated=3 candidates=20165 finalists=5 rows=6852 variants=222
[    2.2s] r7-flat0.01-m33-p2.0: mode=33 exactValid=True contractValid=True depth=155.567 raw=155.56729074464286 parent=155.431 fp=90d6866e222497e6 | before Nonep/Noneb after Nonep/Noneb cap=None maxDisp=None moved=None resid=None | 
   ~ pairs=2 bnd=0 comp=2 maxComp=2 /7 ej=4 /7 att=True matDef=None orders=3/4 swaps=0 cRep=2 cRef=0 | acceptedAnchorLocal=2 acceptedOrientation=0 acceptedStation=0 acceptedVacated=3 candidates=20165 finalists=4 rows=4261 variants=222
[    2.1s] r7-m31-e0.006: mode=31 exactValid=True contractValid=True depth=155.434 raw=155.43429074464285 parent=155.441 fp=0e6cf895d65fc5e2 | before 0p/11b after 0p/0b cap=0.17134399999986272 maxDisp=0.1360036764208968 moved=46 resid=0.0020789297105004087 | 
*** ADOPT [C-m31] r7-m31-e0.006: 155.44129074464286 -> 155.43429074464285 (delta -0.007000000)
    pin=/var/lib/t3/tmp/recordline/fsline4/pins/pin-155.434290745.json sha256=5bced5a7507c85c433ebc5875794e2baba41abe7d84815d7d20d8a4922d17462 fp=0e6cf895d65fc5e23f60c4853a32c3821704c87816ae99f90b1a76a98e636017
[    5.5s] r8-m22-p0.8-s0: mode=22 exactValid=True contractValid=True depth=155.432 raw=155.43229074464284 parent=155.434 fp=83a729c0ccaadab6 | before Nonep/Noneb after Nonep/Noneb cap=None maxDisp=None moved=None resid=None | 
*** ADOPT [A-m22] r8-m22-p0.8-s0: 155.43429074464285 -> 155.43229074464284 (delta -0.002000000)
    pin=/var/lib/t3/tmp/recordline/fsline4/pins/pin-155.432290745.json sha256=9b523308ce492f2014e29c13cf35553af9cf821523b773758c33d47737110523 fp=83a729c0ccaadab65124f3df6e5c81e39af1a56a1742689e4bac6bc8b55241a9
[    3.9s] r9-m22-p0.8-s0: mode=22 exactValid=True contractValid=True depth=155.432 raw=155.43229074464284 parent=155.432 fp=83a729c0ccaadab6 | before Nonep/Noneb after Nonep/Noneb cap=None maxDisp=None moved=None resid=None | 
[    3.3s] r9-m22-p0.8-s1: mode=22 exactValid=True contractValid=True depth=155.432 raw=155.43229074464284 parent=155.432 fp=83a729c0ccaadab6 | before Nonep/Noneb after Nonep/Noneb cap=None maxDisp=None moved=None resid=None | 
[    3.9s] r9-m22-p0.8-s2: mode=22 exactValid=True contractValid=True depth=155.432 raw=155.43229074464284 parent=155.432 fp=83a729c0ccaadab6 | before Nonep/Noneb after Nonep/Noneb cap=None maxDisp=None moved=None resid=None | 
[    3.3s] r9-m22-p0.8-s3: mode=22 exactValid=True contractValid=True depth=155.432 raw=155.43229074464284 parent=155.432 fp=83a729c0ccaadab6 | before Nonep/Noneb after Nonep/Noneb cap=None maxDisp=None moved=None resid=None | 
[    4.0s] r9-m22-p0.8-s4: mode=22 exactValid=True contractValid=True depth=155.432 raw=155.43229074464284 parent=155.432 fp=83a729c0ccaadab6 | before Nonep/Noneb after Nonep/Noneb cap=None maxDisp=None moved=None resid=None | 
[    3.3s] r9-m22-p0.8-s5: mode=22 exactValid=True contractValid=True depth=155.432 raw=155.43229074464284 parent=155.432 fp=83a729c0ccaadab6 | before Nonep/Noneb after Nonep/Noneb cap=None maxDisp=None moved=None resid=None | 
[    3.2s] r9-m22-p0.8-s6: mode=22 exactValid=True contractValid=True depth=155.432 raw=155.43229074464284 parent=155.432 fp=83a729c0ccaadab6 | before Nonep/Noneb after Nonep/Noneb cap=None maxDisp=None moved=None resid=None | 
[    3.5s] r9-m22-p0.8-s7: mode=22 exactValid=True contractValid=True depth=155.432 raw=155.43229074464284 parent=155.432 fp=83a729c0ccaadab6 | before Nonep/Noneb after Nonep/Noneb cap=None maxDisp=None moved=None resid=None | 
[    3.8s] r9-m22-p0.3-s0: mode=22 exactValid=True contractValid=True depth=155.432 raw=155.43229074464284 parent=155.432 fp=83a729c0ccaadab6 | before Nonep/Noneb after Nonep/Noneb cap=None maxDisp=None moved=None resid=None | 
[    3.3s] r9-m22-p0.3-s1: mode=22 exactValid=True contractValid=True depth=155.432 raw=155.43229074464284 parent=155.432 fp=83a729c0ccaadab6 | before Nonep/Noneb after Nonep/Noneb cap=None maxDisp=None moved=None resid=None | 
[    4.0s] r9-m22-p0.3-s2: mode=22 exactValid=True contractValid=True depth=155.432 raw=155.43229074464284 parent=155.432 fp=83a729c0ccaadab6 | before Nonep/Noneb after Nonep/Noneb cap=None maxDisp=None moved=None resid=None | 
[    3.4s] r9-m22-p0.3-s3: mode=22 exactValid=True contractValid=True depth=155.432 raw=155.43229074464284 parent=155.432 fp=83a729c0ccaadab6 | before Nonep/Noneb after Nonep/Noneb cap=None maxDisp=None moved=None resid=None | 
[    3.9s] r9-m22-p0.3-s4: mode=22 exactValid=True contractValid=True depth=155.432 raw=155.43229074464284 parent=155.432 fp=83a729c0ccaadab6 | before Nonep/Noneb after Nonep/Noneb cap=None maxDisp=None moved=None resid=None | 
[    3.4s] r9-m22-p0.3-s5: mode=22 exactValid=True contractValid=True depth=155.432 raw=155.43229074464284 parent=155.432 fp=83a729c0ccaadab6 | before Nonep/Noneb after Nonep/Noneb cap=None maxDisp=None moved=None resid=None | 
[    3.3s] r9-m22-p0.3-s6: mode=22 exactValid=True contractValid=True depth=155.432 raw=155.43229074464284 parent=155.432 fp=83a729c0ccaadab6 | before Nonep/Noneb after Nonep/Noneb cap=None maxDisp=None moved=None resid=None | 
[    3.5s] r9-m22-p0.3-s7: mode=22 exactValid=True contractValid=True depth=155.432 raw=155.43229074464284 parent=155.432 fp=83a729c0ccaadab6 | before Nonep/Noneb after Nonep/Noneb cap=None maxDisp=None moved=None resid=None | 
[    3.9s] r9-m22-p2.0-s0: mode=22 exactValid=True contractValid=True depth=155.432 raw=155.43229074464284 parent=155.432 fp=83a729c0ccaadab6 | before Nonep/Noneb after Nonep/Noneb cap=None maxDisp=None moved=None resid=None | 
[    3.3s] r9-m22-p2.0-s1: mode=22 exactValid=True contractValid=True depth=155.432 raw=155.43229074464284 parent=155.432 fp=83a729c0ccaadab6 | before Nonep/Noneb after Nonep/Noneb cap=None maxDisp=None moved=None resid=None | 
[    3.9s] r9-m22-p2.0-s2: mode=22 exactValid=True contractValid=True depth=155.432 raw=155.43229074464284 parent=155.432 fp=83a729c0ccaadab6 | before Nonep/Noneb after Nonep/Noneb cap=None maxDisp=None moved=None resid=None | 
[    3.4s] r9-m22-p2.0-s3: mode=22 exactValid=True contractValid=True depth=155.432 raw=155.43229074464284 parent=155.432 fp=83a729c0ccaadab6 | before Nonep/Noneb after Nonep/Noneb cap=None maxDisp=None moved=None resid=None | 
[    4.0s] r9-m22-p2.0-s4: mode=22 exactValid=True contractValid=True depth=155.432 raw=155.43229074464284 parent=155.432 fp=83a729c0ccaadab6 | before Nonep/Noneb after Nonep/Noneb cap=None maxDisp=None moved=None resid=None | 
[    3.3s] r9-m22-p2.0-s5: mode=22 exactValid=True contractValid=True depth=155.432 raw=155.43229074464284 parent=155.432 fp=83a729c0ccaadab6 | before Nonep/Noneb after Nonep/Noneb cap=None maxDisp=None moved=None resid=None | 
[    3.2s] r9-m22-p2.0-s6: mode=22 exactValid=True contractValid=True depth=155.432 raw=155.43229074464284 parent=155.432 fp=83a729c0ccaadab6 | before Nonep/Noneb after Nonep/Noneb cap=None maxDisp=None moved=None resid=None | 
[    3.5s] r9-m22-p2.0-s7: mode=22 exactValid=True contractValid=True depth=155.432 raw=155.43229074464284 parent=155.432 fp=83a729c0ccaadab6 | before Nonep/Noneb after Nonep/Noneb cap=None maxDisp=None moved=None resid=None | 
[    2.1s] r9-flat0.0005-m33-p0.05: mode=33 exactValid=False contractValid=True depth=None raw=155.43179074464285 parent=155.432 fp= | before Nonep/Noneb after Nonep/Noneb cap=None maxDisp=None moved=None resid=None | no violating pair to target with a joint re-placement
   ~ pairs=0 bnd=0 comp=0 maxComp=0 /7 ej=0 /7 att=False matDef=None orders=0/0 swaps=0 cRep=0 cRef=0 | skip=no violating pair to target with a joint re-placement
[    2.1s] r9-flat0.0005-m33-p2.0: mode=33 exactValid=False contractValid=True depth=None raw=155.43179074464285 parent=155.432 fp= | before Nonep/Noneb after Nonep/Noneb cap=None maxDisp=None moved=None resid=None | no violating pair to target with a joint re-placement
   ~ pairs=0 bnd=0 comp=0 maxComp=0 /7 ej=0 /7 att=False matDef=None orders=0/0 swaps=0 cRep=0 cRef=0 | skip=no violating pair to target with a joint re-placement
[    2.5s] r9-flat0.001-m33-p0.05: mode=33 exactValid=False contractValid=True depth=None raw=155.43129074464284 parent=155.431 fp= | before Nonep/Noneb after Nonep/Noneb cap=None maxDisp=None moved=None resid=None | no insertion order re-placed the 1 violation components inside the 155.482291 mm bound
   ~ pairs=1 bnd=0 comp=1 maxComp=2 /7 ej=2 /7 att=True matDef=None orders=2/2 swaps=1 cRep=0 cRef=1 | acceptedAnchorLocal=0 acceptedAngles=[('c5135087-12f0-44f9-bd91-4bcf67affd8b-copy-1', 21.1343, -0.0032, False), ('c5135087-12f0-44f9-bd91-4bcf67affd8b-copy-1', 21.1343, -0.0032, False), ('c5135087-12f0-44f9-bd91-4bcf67affd8b-copy-1', 21.1343, -0.0032, False), ('c5135087-12f0-44f9-bd91-4bcf67affd8b-copy-1', 21.1343, -0.0032, False), ('c5135087-12f0-44f9-bd91-4bcf67affd8b-copy-1', 21.1375, 0.0, True), ('c5135087-12f0-44f9-bd91-4bcf67affd8b-copy-1', 21.1375, 0.0, True), ('c5135087-12f0-44f9-bd91-4bcf67affd8b-copy-1', 21.1375, 0.0, True), ('c5135087-12f0-44f9-bd91-4bcf67affd8b-copy-1', 21.1375, 0.0, True), ('c5135087-12f0-44f9-bd91-4bcf67affd8b-copy-1', 21.1343, -0.0032, True), ('c5135087-12f0-44f9-bd91-4bcf67affd8b-copy-1', 21.1343, -0.0032, True), ('c5135087-12f0-44f9-bd91-4bcf67affd8b-copy-1', 21.1343, -0.0032, True), ('c5135087-12f0-44f9-bd91-4bcf67affd8b-copy-1', 21.1343, -0.0032, True)] acceptedOrientation=12 acceptedStation=0 acceptedVacated=5 candidates=92648 finalists=48 rows=47178 variants=1295
[    2.1s] r9-flat0.001-m33-p2.0: mode=33 exactValid=True contractValid=True depth=155.497 raw=155.49729074464287 parent=155.431 fp=8d6f4b214df8b335 | before Nonep/Noneb after Nonep/Noneb cap=None maxDisp=None moved=None resid=None | 
   ~ pairs=1 bnd=0 comp=1 maxComp=2 /7 ej=2 /7 att=True matDef=None orders=1/2 swaps=0 cRep=1 cRef=0 | acceptedAnchorLocal=1 acceptedOrientation=0 acceptedStation=0 acceptedVacated=1 candidates=5291 finalists=6 rows=238 variants=74
[    2.5s] r9-flat0.002-m33-p0.05: mode=33 exactValid=False contractValid=True depth=None raw=155.43029074464283 parent=155.43 fp= | before Nonep/Noneb after Nonep/Noneb cap=None maxDisp=None moved=None resid=None | no insertion order re-placed the 1 violation components inside the 155.482291 mm bound
   ~ pairs=1 bnd=0 comp=1 maxComp=2 /7 ej=2 /7 att=True matDef=None orders=2/2 swaps=1 cRep=0 cRef=1 | acceptedAnchorLocal=0 acceptedAngles=[('c5135087-12f0-44f9-bd91-4bcf67affd8b-copy-1', 21.1343, -0.0032, False), ('c5135087-12f0-44f9-bd91-4bcf67affd8b-copy-1', 21.1343, -0.0032, False), ('c5135087-12f0-44f9-bd91-4bcf67affd8b-copy-1', 21.1343, -0.0032, False), ('c5135087-12f0-44f9-bd91-4bcf67affd8b-copy-1', 21.1343, -0.0032, False), ('c5135087-12f0-44f9-bd91-4bcf67affd8b-copy-1', 21.1375, 0.0, True), ('c5135087-12f0-44f9-bd91-4bcf67affd8b-copy-1', 21.1375, 0.0, True), ('c5135087-12f0-44f9-bd91-4bcf67affd8b-copy-1', 21.1375, 0.0, True), ('c5135087-12f0-44f9-bd91-4bcf67affd8b-copy-1', 21.1375, 0.0, True), ('c5135087-12f0-44f9-bd91-4bcf67affd8b-copy-1', 21.1343, -0.0032, True), ('c5135087-12f0-44f9-bd91-4bcf67affd8b-copy-1', 21.1343, -0.0032, True), ('c5135087-12f0-44f9-bd91-4bcf67affd8b-copy-1', 21.1343, -0.0032, True), ('c5135087-12f0-44f9-bd91-4bcf67affd8b-copy-1', 21.1343, -0.0032, True)] acceptedOrientation=12 acceptedStation=0 acceptedVacated=5 candidates=92648 finalists=48 rows=47178 variants=1295
[    2.1s] r9-flat0.002-m33-p2.0: mode=33 exactValid=True contractValid=True depth=155.496 raw=155.49629074464286 parent=155.43 fp=e7b896978cc34390 | before Nonep/Noneb after Nonep/Noneb cap=None maxDisp=None moved=None resid=None | 
   ~ pairs=1 bnd=0 comp=1 maxComp=2 /7 ej=2 /7 att=True matDef=None orders=1/2 swaps=0 cRep=1 cRef=0 | acceptedAnchorLocal=1 acceptedOrientation=0 acceptedStation=0 acceptedVacated=1 candidates=5291 finalists=6 rows=236 variants=74
[    2.2s] r9-flat0.003-m33-p0.05: mode=33 exactValid=True contractValid=True depth=155.431 raw=155.43129074464287 parent=155.429 fp=c480d985e439e444 | before Nonep/Noneb after Nonep/Noneb cap=None maxDisp=None moved=None resid=None | 
   ~ pairs=1 bnd=0 comp=1 maxComp=2 /7 ej=2 /7 att=True matDef=None orders=1/2 swaps=0 cRep=1 cRef=0 | acceptedAnchorLocal=1 acceptedOrientation=0 acceptedStation=0 acceptedVacated=1 candidates=9065 finalists=2 rows=722 variants=74
*** ADOPT [B-flat] r9-flat0.003-m33-p0.05: 155.43229074464284 -> 155.43129074464287 (delta -0.001000000)
    pin=/var/lib/t3/tmp/recordline/fsline4/pins/pin-155.431290745.json sha256=19af2eed1539fe6fab57c69ed3714abab0bea1a07d6987e03f85ebbdbc3de3d1 fp=c480d985e439e444888ea988445b5cd9994fd0755a84319f9278d2b42477b911
[    3.5s] r10-m22-p0.8-s0: mode=22 exactValid=True contractValid=True depth=155.431 raw=155.43129074464287 parent=155.431 fp=c480d985e439e444 | before Nonep/Noneb after Nonep/Noneb cap=None maxDisp=None moved=None resid=None | 
[    3.5s] r10-m22-p0.8-s1: mode=22 exactValid=True contractValid=True depth=155.431 raw=155.43129074464287 parent=155.431 fp=c480d985e439e444 | before Nonep/Noneb after Nonep/Noneb cap=None maxDisp=None moved=None resid=None | 
[    3.8s] r10-m22-p0.8-s2: mode=22 exactValid=True contractValid=True depth=155.431 raw=155.43129074464287 parent=155.431 fp=c480d985e439e444 | before Nonep/Noneb after Nonep/Noneb cap=None maxDisp=None moved=None resid=None | 
[    3.4s] r10-m22-p0.8-s3: mode=22 exactValid=True contractValid=True depth=155.431 raw=155.43129074464287 parent=155.431 fp=c480d985e439e444 | before Nonep/Noneb after Nonep/Noneb cap=None maxDisp=None moved=None resid=None | 
[    4.1s] r10-m22-p0.8-s4: mode=22 exactValid=True contractValid=True depth=155.431 raw=155.43129074464287 parent=155.431 fp=c480d985e439e444 | before Nonep/Noneb after Nonep/Noneb cap=None maxDisp=None moved=None resid=None | 
[    3.4s] r10-m22-p0.8-s5: mode=22 exactValid=True contractValid=True depth=155.431 raw=155.43129074464287 parent=155.431 fp=c480d985e439e444 | before Nonep/Noneb after Nonep/Noneb cap=None maxDisp=None moved=None resid=None | 
[    3.3s] r10-m22-p0.8-s6: mode=22 exactValid=True contractValid=True depth=155.431 raw=155.43129074464287 parent=155.431 fp=c480d985e439e444 | before Nonep/Noneb after Nonep/Noneb cap=None maxDisp=None moved=None resid=None | 
[    3.5s] r10-m22-p0.8-s7: mode=22 exactValid=True contractValid=True depth=155.431 raw=155.43129074464287 parent=155.431 fp=c480d985e439e444 | before Nonep/Noneb after Nonep/Noneb cap=None maxDisp=None moved=None resid=None | 
[    3.5s] r10-m22-p0.3-s0: mode=22 exactValid=True contractValid=True depth=155.431 raw=155.43129074464287 parent=155.431 fp=c480d985e439e444 | before Nonep/Noneb after Nonep/Noneb cap=None maxDisp=None moved=None resid=None | 
[    3.5s] r10-m22-p0.3-s1: mode=22 exactValid=True contractValid=True depth=155.431 raw=155.43129074464287 parent=155.431 fp=c480d985e439e444 | before Nonep/Noneb after Nonep/Noneb cap=None maxDisp=None moved=None resid=None | 
[    3.9s] r10-m22-p0.3-s2: mode=22 exactValid=True contractValid=True depth=155.431 raw=155.43129074464287 parent=155.431 fp=c480d985e439e444 | before Nonep/Noneb after Nonep/Noneb cap=None maxDisp=None moved=None resid=None | 
[    3.4s] r10-m22-p0.3-s3: mode=22 exactValid=True contractValid=True depth=155.431 raw=155.43129074464287 parent=155.431 fp=c480d985e439e444 | before Nonep/Noneb after Nonep/Noneb cap=None maxDisp=None moved=None resid=None | 
[    4.1s] r10-m22-p0.3-s4: mode=22 exactValid=True contractValid=True depth=155.431 raw=155.43129074464287 parent=155.431 fp=c480d985e439e444 | before Nonep/Noneb after Nonep/Noneb cap=None maxDisp=None moved=None resid=None | 
[    3.4s] r10-m22-p0.3-s5: mode=22 exactValid=True contractValid=True depth=155.431 raw=155.43129074464287 parent=155.431 fp=c480d985e439e444 | before Nonep/Noneb after Nonep/Noneb cap=None maxDisp=None moved=None resid=None | 
[    3.3s] r10-m22-p0.3-s6: mode=22 exactValid=True contractValid=True depth=155.431 raw=155.43129074464287 parent=155.431 fp=c480d985e439e444 | before Nonep/Noneb after Nonep/Noneb cap=None maxDisp=None moved=None resid=None | 
[    3.4s] r10-m22-p0.3-s7: mode=22 exactValid=True contractValid=True depth=155.431 raw=155.43129074464287 parent=155.431 fp=c480d985e439e444 | before Nonep/Noneb after Nonep/Noneb cap=None maxDisp=None moved=None resid=None | 
[    3.5s] r10-m22-p2.0-s0: mode=22 exactValid=True contractValid=True depth=155.431 raw=155.43129074464287 parent=155.431 fp=c480d985e439e444 | before Nonep/Noneb after Nonep/Noneb cap=None maxDisp=None moved=None resid=None | 
[    3.5s] r10-m22-p2.0-s1: mode=22 exactValid=True contractValid=True depth=155.431 raw=155.43129074464287 parent=155.431 fp=c480d985e439e444 | before Nonep/Noneb after Nonep/Noneb cap=None maxDisp=None moved=None resid=None | 
[    3.8s] r10-m22-p2.0-s2: mode=22 exactValid=True contractValid=True depth=155.431 raw=155.43129074464287 parent=155.431 fp=c480d985e439e444 | before Nonep/Noneb after Nonep/Noneb cap=None maxDisp=None moved=None resid=None | 
[    3.4s] r10-m22-p2.0-s3: mode=22 exactValid=True contractValid=True depth=155.431 raw=155.43129074464287 parent=155.431 fp=c480d985e439e444 | before Nonep/Noneb after Nonep/Noneb cap=None maxDisp=None moved=None resid=None | 
[    4.0s] r10-m22-p2.0-s4: mode=22 exactValid=True contractValid=True depth=155.431 raw=155.43129074464287 parent=155.431 fp=c480d985e439e444 | before Nonep/Noneb after Nonep/Noneb cap=None maxDisp=None moved=None resid=None | 
[    3.4s] r10-m22-p2.0-s5: mode=22 exactValid=True contractValid=True depth=155.431 raw=155.43129074464287 parent=155.431 fp=c480d985e439e444 | before Nonep/Noneb after Nonep/Noneb cap=None maxDisp=None moved=None resid=None | 
[    3.3s] r10-m22-p2.0-s6: mode=22 exactValid=True contractValid=True depth=155.431 raw=155.43129074464287 parent=155.431 fp=c480d985e439e444 | before Nonep/Noneb after Nonep/Noneb cap=None maxDisp=None moved=None resid=None | 
[    3.5s] r10-m22-p2.0-s7: mode=22 exactValid=True contractValid=True depth=155.431 raw=155.43129074464287 parent=155.431 fp=c480d985e439e444 | before Nonep/Noneb after Nonep/Noneb cap=None maxDisp=None moved=None resid=None | 
[    2.1s] r10-flat0.0005-m33-p0.05: mode=33 exactValid=False contractValid=True depth=None raw=155.43079074464288 parent=155.431 fp= | before Nonep/Noneb after Nonep/Noneb cap=None maxDisp=None moved=None resid=None | no violating pair to target with a joint re-placement
   ~ pairs=0 bnd=0 comp=0 maxComp=0 /7 ej=0 /7 att=False matDef=None orders=0/0 swaps=0 cRep=0 cRef=0 | skip=no violating pair to target with a joint re-placement
[    2.1s] r10-flat0.0005-m33-p2.0: mode=33 exactValid=False contractValid=True depth=None raw=155.43079074464288 parent=155.431 fp= | before Nonep/Noneb after Nonep/Noneb cap=None maxDisp=None moved=None resid=None | no violating pair to target with a joint re-placement
   ~ pairs=0 bnd=0 comp=0 maxComp=0 /7 ej=0 /7 att=False matDef=None orders=0/0 swaps=0 cRep=0 cRef=0 | skip=no violating pair to target with a joint re-placement
[    2.5s] r10-flat0.001-m33-p0.05: mode=33 exactValid=False contractValid=True depth=None raw=155.43029074464286 parent=155.43 fp= | before Nonep/Noneb after Nonep/Noneb cap=None maxDisp=None moved=None resid=None | no insertion order re-placed the 1 violation components inside the 155.481291 mm bound
   ~ pairs=1 bnd=0 comp=1 maxComp=2 /7 ej=2 /7 att=True matDef=None orders=2/2 swaps=1 cRep=0 cRef=1 | acceptedAnchorLocal=0 acceptedAngles=[('c5135087-12f0-44f9-bd91-4bcf67affd8b-copy-1', 21.1343, -0.0032, False), ('c5135087-12f0-44f9-bd91-4bcf67affd8b-copy-1', 21.1343, -0.0032, False), ('c5135087-12f0-44f9-bd91-4bcf67affd8b-copy-1', 21.1343, -0.0032, False), ('c5135087-12f0-44f9-bd91-4bcf67affd8b-copy-1', 21.1343, -0.0032, False), ('c5135087-12f0-44f9-bd91-4bcf67affd8b-copy-1', 21.1375, 0.0, True), ('c5135087-12f0-44f9-bd91-4bcf67affd8b-copy-1', 21.1375, 0.0, True), ('c5135087-12f0-44f9-bd91-4bcf67affd8b-copy-1', 21.1375, 0.0, True), ('c5135087-12f0-44f9-bd91-4bcf67affd8b-copy-1', 21.1375, 0.0, True), ('c5135087-12f0-44f9-bd91-4bcf67affd8b-copy-1', 21.1343, -0.0032, True), ('c5135087-12f0-44f9-bd91-4bcf67affd8b-copy-1', 21.1343, -0.0032, True), ('c5135087-12f0-44f9-bd91-4bcf67affd8b-copy-1', 21.1343, -0.0032, True), ('c5135087-12f0-44f9-bd91-4bcf67affd8b-copy-1', 21.1343, -0.0032, True)] acceptedOrientation=12 acceptedStation=0 acceptedVacated=5 candidates=92648 finalists=48 rows=47178 variants=1295
[    2.1s] r10-flat0.001-m33-p2.0: mode=33 exactValid=True contractValid=True depth=155.496 raw=155.49629074464286 parent=155.43 fp=400407e38a1c9778 | before Nonep/Noneb after Nonep/Noneb cap=None maxDisp=None moved=None resid=None | 
   ~ pairs=1 bnd=0 comp=1 maxComp=2 /7 ej=2 /7 att=True matDef=None orders=1/2 swaps=0 cRep=1 cRef=0 | acceptedAnchorLocal=1 acceptedOrientation=0 acceptedStation=0 acceptedVacated=1 candidates=5291 finalists=6 rows=281 variants=74
[    2.5s] r10-flat0.002-m33-p0.05: mode=33 exactValid=False contractValid=True depth=None raw=155.42929074464286 parent=155.429 fp= | before Nonep/Noneb after Nonep/Noneb cap=None maxDisp=None moved=None resid=None | no insertion order re-placed the 1 violation components inside the 155.481291 mm bound
   ~ pairs=1 bnd=0 comp=1 maxComp=2 /7 ej=2 /7 att=True matDef=None orders=2/2 swaps=1 cRep=0 cRef=1 | acceptedAnchorLocal=0 acceptedAngles=[('c5135087-12f0-44f9-bd91-4bcf67affd8b-copy-1', 21.1343, -0.0032, False), ('c5135087-12f0-44f9-bd91-4bcf67affd8b-copy-1', 21.1343, -0.0032, False), ('c5135087-12f0-44f9-bd91-4bcf67affd8b-copy-1', 21.1343, -0.0032, False), ('c5135087-12f0-44f9-bd91-4bcf67affd8b-copy-1', 21.1343, -0.0032, False), ('c5135087-12f0-44f9-bd91-4bcf67affd8b-copy-1', 21.1375, 0.0, True), ('c5135087-12f0-44f9-bd91-4bcf67affd8b-copy-1', 21.1375, 0.0, True), ('c5135087-12f0-44f9-bd91-4bcf67affd8b-copy-1', 21.1375, 0.0, True), ('c5135087-12f0-44f9-bd91-4bcf67affd8b-copy-1', 21.1375, 0.0, True), ('c5135087-12f0-44f9-bd91-4bcf67affd8b-copy-1', 21.1343, -0.0032, True), ('c5135087-12f0-44f9-bd91-4bcf67affd8b-copy-1', 21.1343, -0.0032, True), ('c5135087-12f0-44f9-bd91-4bcf67affd8b-copy-1', 21.1343, -0.0032, True), ('c5135087-12f0-44f9-bd91-4bcf67affd8b-copy-1', 21.1343, -0.0032, True)] acceptedOrientation=12 acceptedStation=0 acceptedVacated=5 candidates=92648 finalists=48 rows=47178 variants=1295
[    2.1s] r10-flat0.002-m33-p2.0: mode=33 exactValid=True contractValid=True depth=155.495 raw=155.49529074464286 parent=155.429 fp=3701b9a9592aaa1c | before Nonep/Noneb after Nonep/Noneb cap=None maxDisp=None moved=None resid=None | 
   ~ pairs=1 bnd=0 comp=1 maxComp=2 /7 ej=2 /7 att=True matDef=None orders=1/2 swaps=0 cRep=1 cRef=0 | acceptedAnchorLocal=1 acceptedOrientation=0 acceptedStation=0 acceptedVacated=1 candidates=5291 finalists=6 rows=238 variants=74
[    2.1s] r10-flat0.003-m33-p0.05: mode=33 exactValid=True contractValid=True depth=155.432 raw=155.43247953483998 parent=155.428 fp=45aa8e6e402e73f0 | before Nonep/Noneb after Nonep/Noneb cap=None maxDisp=None moved=None resid=None | 
   ~ pairs=1 bnd=0 comp=1 maxComp=2 /7 ej=2 /7 att=True matDef=None orders=1/2 swaps=0 cRep=1 cRef=0 | acceptedAnchorLocal=0 acceptedAngles=[('68c5a4cc-cf24-447c-ad54-974a021198a8-copy-4', 270.00495, 0.0032, False)] acceptedOrientation=1 acceptedStation=0 acceptedVacated=1 candidates=9065 finalists=4 rows=1335 variants=74
[    2.2s] r10-flat0.003-m33-p2.0: mode=33 exactValid=True contractValid=True depth=155.494 raw=155.49429074464285 parent=155.428 fp=c4ab1044337348ef | before Nonep/Noneb after Nonep/Noneb cap=None maxDisp=None moved=None resid=None | 
   ~ pairs=1 bnd=0 comp=1 maxComp=2 /7 ej=2 /7 att=True matDef=None orders=1/2 swaps=0 cRep=1 cRef=0 | acceptedAnchorLocal=1 acceptedOrientation=0 acceptedStation=0 acceptedVacated=1 candidates=9065 finalists=3 rows=1259 variants=74
[    2.2s] r10-flat0.004-m33-p0.05: mode=33 exactValid=True contractValid=True depth=155.431 raw=155.43129074464287 parent=155.427 fp=c480d985e439e444 | before Nonep/Noneb after Nonep/Noneb cap=None maxDisp=None moved=None resid=None | 
   ~ pairs=1 bnd=0 comp=1 maxComp=2 /7 ej=2 /7 att=True matDef=None orders=1/2 swaps=0 cRep=1 cRef=0 | acceptedAnchorLocal=1 acceptedOrientation=0 acceptedStation=0 acceptedVacated=1 candidates=9065 finalists=3 rows=1407 variants=74
[    2.1s] r10-flat0.004-m33-p2.0: mode=33 exactValid=True contractValid=True depth=155.431 raw=155.43129074464287 parent=155.427 fp=c480d985e439e444 | before Nonep/Noneb after Nonep/Noneb cap=None maxDisp=None moved=None resid=None | 
   ~ pairs=1 bnd=0 comp=1 maxComp=2 /7 ej=2 /7 att=True matDef=None orders=1/2 swaps=0 cRep=1 cRef=0 | acceptedAnchorLocal=1 acceptedOrientation=0 acceptedStation=0 acceptedVacated=1 candidates=9065 finalists=2 rows=1354 variants=74
[    2.1s] r10-flat0.01-m33-p0.05: mode=33 exactValid=True contractValid=True depth=155.455 raw=155.45474058238278 parent=155.421 fp=437ecf14d88f0f38 | before Nonep/Noneb after Nonep/Noneb cap=None maxDisp=None moved=None resid=None | 
   ~ pairs=2 bnd=0 comp=2 maxComp=2 /7 ej=4 /7 att=True matDef=None orders=3/4 swaps=0 cRep=2 cRef=0 | acceptedAnchorLocal=0 acceptedAngles=[('68c5a4cc-cf24-447c-ad54-974a021198a8-copy-4', 270.05175, 0.05, False), ('28f5a1d1-afd4-46e4-b2b9-f1841386be28-copy-3', 359.8782, 0.0032, False)] acceptedOrientation=2 acceptedStation=0 acceptedVacated=3 candidates=19573 finalists=8 rows=6723 variants=222
[    2.2s] r10-flat0.01-m33-p2.0: mode=33 exactValid=True contractValid=True depth=155.557 raw=155.55729074464287 parent=155.421 fp=48fa411bf6743109 | before Nonep/Noneb after Nonep/Noneb cap=None maxDisp=None moved=None resid=None | 
   ~ pairs=2 bnd=0 comp=2 maxComp=2 /7 ej=4 /7 att=True matDef=None orders=3/4 swaps=0 cRep=2 cRef=0 | acceptedAnchorLocal=2 acceptedOrientation=0 acceptedStation=0 acceptedVacated=3 candidates=19573 finalists=6 rows=4132 variants=222
[    2.1s] r10-m31-e0.006: mode=31 exactValid=True contractValid=True depth=155.424 raw=155.42429074464286 parent=155.431 fp=cb6d43f869cdfc9a | before 0p/9b after 0p/0b cap=0.15534400000024107 maxDisp=0.14000357138301867 moved=44 resid=0.0014454160906016578 | 
*** ADOPT [C-m31] r10-m31-e0.006: 155.43129074464287 -> 155.42429074464286 (delta -0.007000000)
    pin=/var/lib/t3/tmp/recordline/fsline4/pins/pin-155.424290745.json sha256=565d9b3dca459dba0fc61bf4c85e8112429b81ebb0f213ea37ad7f567456f797 fp=cb6d43f869cdfc9a4a5faed153f457e55931d4d278bb06970b90344e12b19998
[    5.4s] r11-m22-p0.8-s0: mode=22 exactValid=True contractValid=True depth=155.422 raw=155.42229074464285 parent=155.424 fp=c62879b403f9e71e | before Nonep/Noneb after Nonep/Noneb cap=None maxDisp=None moved=None resid=None | 
*** ADOPT [A-m22] r11-m22-p0.8-s0: 155.42429074464286 -> 155.42229074464285 (delta -0.002000000)
    pin=/var/lib/t3/tmp/recordline/fsline4/pins/pin-155.422290745.json sha256=9b28ad598a0af789d848f1ea07cd81e8cbcbd0492dd77ce47c043d7cbd73159d fp=c62879b403f9e71efd545cf70258e13747a90ca51ea86d72034bbaa7db98aa76
[    3.6s] r12-m22-p0.8-s0: mode=22 exactValid=True contractValid=True depth=155.422 raw=155.42229074464285 parent=155.422 fp=c62879b403f9e71e | before Nonep/Noneb after Nonep/Noneb cap=None maxDisp=None moved=None resid=None | 
[    3.5s] r12-m22-p0.8-s1: mode=22 exactValid=True contractValid=True depth=155.422 raw=155.42229074464285 parent=155.422 fp=c62879b403f9e71e | before Nonep/Noneb after Nonep/Noneb cap=None maxDisp=None moved=None resid=None | 
[    3.7s] r12-m22-p0.8-s2: mode=22 exactValid=True contractValid=True depth=155.422 raw=155.42229074464285 parent=155.422 fp=c62879b403f9e71e | before Nonep/Noneb after Nonep/Noneb cap=None maxDisp=None moved=None resid=None | 
[    3.5s] r12-m22-p0.8-s3: mode=22 exactValid=True contractValid=True depth=155.422 raw=155.42229074464285 parent=155.422 fp=c62879b403f9e71e | before Nonep/Noneb after Nonep/Noneb cap=None maxDisp=None moved=None resid=None | 
[    4.0s] r12-m22-p0.8-s4: mode=22 exactValid=True contractValid=True depth=155.422 raw=155.42229074464285 parent=155.422 fp=c62879b403f9e71e | before Nonep/Noneb after Nonep/Noneb cap=None maxDisp=None moved=None resid=None | 
[    3.5s] r12-m22-p0.8-s5: mode=22 exactValid=True contractValid=True depth=155.422 raw=155.42229074464285 parent=155.422 fp=c62879b403f9e71e | before Nonep/Noneb after Nonep/Noneb cap=None maxDisp=None moved=None resid=None | 
[    3.4s] r12-m22-p0.8-s6: mode=22 exactValid=True contractValid=True depth=155.422 raw=155.42229074464285 parent=155.422 fp=c62879b403f9e71e | before Nonep/Noneb after Nonep/Noneb cap=None maxDisp=None moved=None resid=None | 
[    3.7s] r12-m22-p0.8-s7: mode=22 exactValid=True contractValid=True depth=155.422 raw=155.42229074464285 parent=155.422 fp=c62879b403f9e71e | before Nonep/Noneb after Nonep/Noneb cap=None maxDisp=None moved=None resid=None | 
[    3.7s] r12-m22-p0.3-s0: mode=22 exactValid=True contractValid=True depth=155.422 raw=155.42229074464285 parent=155.422 fp=c62879b403f9e71e | before Nonep/Noneb after Nonep/Noneb cap=None maxDisp=None moved=None resid=None | 
[    3.5s] r12-m22-p0.3-s1: mode=22 exactValid=True contractValid=True depth=155.422 raw=155.42229074464285 parent=155.422 fp=c62879b403f9e71e | before Nonep/Noneb after Nonep/Noneb cap=None maxDisp=None moved=None resid=None | 
[    3.7s] r12-m22-p0.3-s2: mode=22 exactValid=True contractValid=True depth=155.422 raw=155.42229074464285 parent=155.422 fp=c62879b403f9e71e | before Nonep/Noneb after Nonep/Noneb cap=None maxDisp=None moved=None resid=None | 
[    3.5s] r12-m22-p0.3-s3: mode=22 exactValid=True contractValid=True depth=155.422 raw=155.42229074464285 parent=155.422 fp=c62879b403f9e71e | before Nonep/Noneb after Nonep/Noneb cap=None maxDisp=None moved=None resid=None | 
[    4.1s] r12-m22-p0.3-s4: mode=22 exactValid=True contractValid=True depth=155.422 raw=155.42229074464285 parent=155.422 fp=c62879b403f9e71e | before Nonep/Noneb after Nonep/Noneb cap=None maxDisp=None moved=None resid=None | 
[    3.4s] r12-m22-p0.3-s5: mode=22 exactValid=True contractValid=True depth=155.422 raw=155.42229074464285 parent=155.422 fp=c62879b403f9e71e | before Nonep/Noneb after Nonep/Noneb cap=None maxDisp=None moved=None resid=None | 
[    3.4s] r12-m22-p0.3-s6: mode=22 exactValid=True contractValid=True depth=155.422 raw=155.42229074464285 parent=155.422 fp=c62879b403f9e71e | before Nonep/Noneb after Nonep/Noneb cap=None maxDisp=None moved=None resid=None | 
[    3.7s] r12-m22-p0.3-s7: mode=22 exactValid=True contractValid=True depth=155.422 raw=155.42229074464285 parent=155.422 fp=c62879b403f9e71e | before Nonep/Noneb after Nonep/Noneb cap=None maxDisp=None moved=None resid=None | 
[    3.6s] r12-m22-p2.0-s0: mode=22 exactValid=True contractValid=True depth=155.422 raw=155.42229074464285 parent=155.422 fp=c62879b403f9e71e | before Nonep/Noneb after Nonep/Noneb cap=None maxDisp=None moved=None resid=None | 
[    3.5s] r12-m22-p2.0-s1: mode=22 exactValid=True contractValid=True depth=155.422 raw=155.42229074464285 parent=155.422 fp=c62879b403f9e71e | before Nonep/Noneb after Nonep/Noneb cap=None maxDisp=None moved=None resid=None | 
[    3.7s] r12-m22-p2.0-s2: mode=22 exactValid=True contractValid=True depth=155.422 raw=155.42229074464285 parent=155.422 fp=c62879b403f9e71e | before Nonep/Noneb after Nonep/Noneb cap=None maxDisp=None moved=None resid=None | 
[    3.5s] r12-m22-p2.0-s3: mode=22 exactValid=True contractValid=True depth=155.422 raw=155.42229074464285 parent=155.422 fp=c62879b403f9e71e | before Nonep/Noneb after Nonep/Noneb cap=None maxDisp=None moved=None resid=None | 
[    4.0s] r12-m22-p2.0-s4: mode=22 exactValid=True contractValid=True depth=155.422 raw=155.42229074464285 parent=155.422 fp=c62879b403f9e71e | before Nonep/Noneb after Nonep/Noneb cap=None maxDisp=None moved=None resid=None | 
[    3.4s] r12-m22-p2.0-s5: mode=22 exactValid=True contractValid=True depth=155.422 raw=155.42229074464285 parent=155.422 fp=c62879b403f9e71e | before Nonep/Noneb after Nonep/Noneb cap=None maxDisp=None moved=None resid=None | 
[    3.5s] r12-m22-p2.0-s6: mode=22 exactValid=True contractValid=True depth=155.422 raw=155.42229074464285 parent=155.422 fp=c62879b403f9e71e | before Nonep/Noneb after Nonep/Noneb cap=None maxDisp=None moved=None resid=None | 
[    3.7s] r12-m22-p2.0-s7: mode=22 exactValid=True contractValid=True depth=155.422 raw=155.42229074464285 parent=155.422 fp=c62879b403f9e71e | before Nonep/Noneb after Nonep/Noneb cap=None maxDisp=None moved=None resid=None | 
[    2.1s] r12-flat0.0005-m33-p0.05: mode=33 exactValid=False contractValid=True depth=None raw=155.42179074464286 parent=155.422 fp= | before Nonep/Noneb after Nonep/Noneb cap=None maxDisp=None moved=None resid=None | no violating pair to target with a joint re-placement
   ~ pairs=0 bnd=0 comp=0 maxComp=0 /7 ej=0 /7 att=False matDef=None orders=0/0 swaps=0 cRep=0 cRef=0 | skip=no violating pair to target with a joint re-placement
[    2.1s] r12-flat0.0005-m33-p2.0: mode=33 exactValid=False contractValid=True depth=None raw=155.42179074464286 parent=155.422 fp= | before Nonep/Noneb after Nonep/Noneb cap=None maxDisp=None moved=None resid=None | no violating pair to target with a joint re-placement
   ~ pairs=0 bnd=0 comp=0 maxComp=0 /7 ej=0 /7 att=False matDef=None orders=0/0 swaps=0 cRep=0 cRef=0 | skip=no violating pair to target with a joint re-placement
[    2.2s] r12-flat0.001-m33-p0.05: mode=33 exactValid=True contractValid=True depth=155.423 raw=155.4234792736039 parent=155.421 fp=566fc908d864b333 | before Nonep/Noneb after Nonep/Noneb cap=None maxDisp=None moved=None resid=None | 
   ~ pairs=1 bnd=0 comp=1 maxComp=2 /7 ej=2 /7 att=True matDef=None orders=1/2 swaps=0 cRep=1 cRef=0 | acceptedAnchorLocal=0 acceptedAngles=[('68c5a4cc-cf24-447c-ad54-974a021198a8-copy-4', 270.00495, 0.0032, True)] acceptedOrientation=1 acceptedStation=0 acceptedVacated=1 candidates=5476 finalists=4 rows=2611 variants=74
[    2.1s] r12-flat0.001-m33-p2.0: mode=33 exactValid=True contractValid=True depth=155.487 raw=155.48729074464288 parent=155.421 fp=ca4ddd662ebc87ea | before Nonep/Noneb after Nonep/Noneb cap=None maxDisp=None moved=None resid=None | 
   ~ pairs=1 bnd=0 comp=1 maxComp=2 /7 ej=2 /7 att=True matDef=None orders=1/2 swaps=0 cRep=1 cRef=0 | acceptedAnchorLocal=1 acceptedOrientation=0 acceptedStation=0 acceptedVacated=1 candidates=5476 finalists=6 rows=238 variants=74
[    2.5s] r12-flat0.002-m33-p0.05: mode=33 exactValid=False contractValid=True depth=None raw=155.42029074464284 parent=155.42 fp= | before Nonep/Noneb after Nonep/Noneb cap=None maxDisp=None moved=None resid=None | no insertion order re-placed the 1 violation components inside the 155.472291 mm bound
   ~ pairs=1 bnd=0 comp=1 maxComp=2 /7 ej=2 /7 att=True matDef=None orders=2/2 swaps=1 cRep=0 cRef=1 | acceptedAnchorLocal=0 acceptedAngles=[('c5135087-12f0-44f9-bd91-4bcf67affd8b-copy-1', 21.1343, -0.0032, False), ('c5135087-12f0-44f9-bd91-4bcf67affd8b-copy-1', 21.1343, -0.0032, False), ('c5135087-12f0-44f9-bd91-4bcf67affd8b-copy-1', 21.1343, -0.0032, False), ('c5135087-12f0-44f9-bd91-4bcf67affd8b-copy-1', 21.1343, -0.0032, False), ('c5135087-12f0-44f9-bd91-4bcf67affd8b-copy-1', 21.1375, 0.0, True), ('c5135087-12f0-44f9-bd91-4bcf67affd8b-copy-1', 21.1375, 0.0, True), ('c5135087-12f0-44f9-bd91-4bcf67affd8b-copy-1', 21.1375, 0.0, True), ('c5135087-12f0-44f9-bd91-4bcf67affd8b-copy-1', 21.1375, 0.0, True), ('c5135087-12f0-44f9-bd91-4bcf67affd8b-copy-1', 21.1343, -0.0032, True), ('c5135087-12f0-44f9-bd91-4bcf67affd8b-copy-1', 21.1343, -0.0032, True), ('c5135087-12f0-44f9-bd91-4bcf67affd8b-copy-1', 21.1343, -0.0032, True), ('c5135087-12f0-44f9-bd91-4bcf67affd8b-copy-1', 21.1343, -0.0032, True)] acceptedOrientation=12 acceptedStation=0 acceptedVacated=5 candidates=95978 finalists=48 rows=47548 variants=1295
[    2.1s] r12-flat0.002-m33-p2.0: mode=33 exactValid=True contractValid=True depth=155.486 raw=155.48629074464287 parent=155.42 fp=8587ed4a3acefff7 | before Nonep/Noneb after Nonep/Noneb cap=None maxDisp=None moved=None resid=None | 
   ~ pairs=1 bnd=0 comp=1 maxComp=2 /7 ej=2 /7 att=True matDef=None orders=1/2 swaps=0 cRep=1 cRef=0 | acceptedAnchorLocal=1 acceptedOrientation=0 acceptedStation=0 acceptedVacated=1 candidates=5476 finalists=6 rows=238 variants=74
[    2.1s] r12-flat0.003-m33-p0.05: mode=33 exactValid=True contractValid=True depth=155.423 raw=155.42329074464286 parent=155.419 fp=6967f6838500357d | before Nonep/Noneb after Nonep/Noneb cap=None maxDisp=None moved=None resid=None | 
   ~ pairs=1 bnd=0 comp=1 maxComp=2 /7 ej=2 /7 att=True matDef=None orders=1/2 swaps=0 cRep=1 cRef=0 | acceptedAnchorLocal=1 acceptedOrientation=0 acceptedStation=0 acceptedVacated=1 candidates=9361 finalists=3 rows=704 variants=74
[    2.1s] r12-flat0.003-m33-p2.0: mode=33 exactValid=True contractValid=True depth=155.423 raw=155.42329074464286 parent=155.419 fp=6967f6838500357d | before Nonep/Noneb after Nonep/Noneb cap=None maxDisp=None moved=None resid=None | 
   ~ pairs=1 bnd=0 comp=1 maxComp=2 /7 ej=2 /7 att=True matDef=None orders=1/2 swaps=0 cRep=1 cRef=0 | acceptedAnchorLocal=1 acceptedOrientation=0 acceptedStation=0 acceptedVacated=1 candidates=9361 finalists=2 rows=316 variants=74
[    2.1s] r12-flat0.004-m33-p0.05: mode=33 exactValid=True contractValid=True depth=155.422 raw=155.42229074464285 parent=155.418 fp=c62879b403f9e71e | before Nonep/Noneb after Nonep/Noneb cap=None maxDisp=None moved=None resid=None | 
   ~ pairs=1 bnd=0 comp=1 maxComp=2 /7 ej=2 /7 att=True matDef=None orders=1/2 swaps=0 cRep=1 cRef=0 | acceptedAnchorLocal=1 acceptedOrientation=0 acceptedStation=0 acceptedVacated=1 candidates=9361 finalists=3 rows=1259 variants=74
[    2.1s] r12-flat0.004-m33-p2.0: mode=33 exactValid=True contractValid=True depth=155.422 raw=155.42229074464285 parent=155.418 fp=c62879b403f9e71e | before Nonep/Noneb after Nonep/Noneb cap=None maxDisp=None moved=None resid=None | 
   ~ pairs=1 bnd=0 comp=1 maxComp=2 /7 ej=2 /7 att=True matDef=None orders=1/2 swaps=0 cRep=1 cRef=0 | acceptedAnchorLocal=1 acceptedOrientation=0 acceptedStation=0 acceptedVacated=1 candidates=9361 finalists=2 rows=723 variants=74
[    2.1s] r12-flat0.01-m33-p0.05: mode=33 exactValid=True contractValid=True depth=155.43 raw=155.43047068273933 parent=155.412 fp=f9f99ec57e453924 | before Nonep/Noneb after Nonep/Noneb cap=None maxDisp=None moved=None resid=None | 
   ~ pairs=2 bnd=0 comp=2 maxComp=2 /7 ej=4 /7 att=True matDef=None orders=3/4 swaps=0 cRep=2 cRef=0 | acceptedAnchorLocal=0 acceptedAngles=[('68c5a4cc-cf24-447c-ad54-974a021198a8-copy-4', 270.02175, 0.02, False), ('28f5a1d1-afd4-46e4-b2b9-f1841386be28-copy-3', 359.8782, 0.0032, False)] acceptedOrientation=2 acceptedStation=0 acceptedVacated=3 candidates=19869 finalists=8 rows=4044 variants=222
[    2.2s] r12-flat0.01-m33-p2.0: mode=33 exactValid=True contractValid=True depth=155.548 raw=155.54829074464286 parent=155.412 fp=4a544b1425202748 | before Nonep/Noneb after Nonep/Noneb cap=None maxDisp=None moved=None resid=None | 
   ~ pairs=2 bnd=0 comp=2 maxComp=2 /7 ej=4 /7 att=True matDef=None orders=3/4 swaps=0 cRep=2 cRef=0 | acceptedAnchorLocal=2 acceptedOrientation=0 acceptedStation=0 acceptedVacated=3 candidates=19869 finalists=4 rows=4021 variants=222
[    2.1s] r12-m31-e0.006: mode=31 exactValid=False contractValid=True depth=None raw=155.42229074464285 parent=155.422 fp= | before 0p/8b after 1p/0b cap=0.13934400000016467 maxDisp=0.15085091978506462 moved=44 resid=0.0015132702775336206 | global legalization did not reach a feasible fixpoint: 1 violating pairs and 0 boundary pi
[    2.1s] r12-m31-e0.012: mode=31 exactValid=False contractValid=True depth=None raw=155.42229074464285 parent=155.422 fp= | before 0p/11b after 3p/0b cap=0.2353440000001683 maxDisp=0.2410186714758838 moved=45 resid=0.004288739314505725 | global legalization did not reach a feasible fixpoint: 3 violating pairs and 0 boundary pi
[    2.2s] r12-m31-e0.025: mode=31 exactValid=False contractValid=True depth=None raw=155.42229074464285 parent=155.422 fp= | before 0p/12b after 31p/0b cap=0.443344000000252 maxDisp=0.44464030406610694 moved=44 resid=0.020053037519985824 | global legalization did not reach a feasible fixpoint: 31 violating pairs and 0 boundary p
[    2.3s] r12-m31-e0.04: mode=31 exactValid=False contractValid=True depth=None raw=155.42229074464285 parent=155.422 fp= | before 0p/12b after 37p/0b cap=0.6833440000000337 maxDisp=0.7278420158248629 moved=44 resid=0.04803656891522071 | global legalization did not reach a feasible fixpoint: 37 violating pairs and 0 boundary p
[   49.2s] r12-m26-d1.0-s0: mode=26 exactValid=True contractValid=True depth=155.422 raw=155.42229074464285 parent=155.422 fp=c62879b403f9e71e | before Nonep/Noneb after Nonep/Noneb cap=None maxDisp=None moved=None resid=None | 
