=== PHASE D probes on pads with raw in [164.0385, 164.0406] (global best 164.03856779906783) ===
-- pad /var/lib/t3/tmp/combo28-fs/pads/pad-164.038568-181c28e7.json raw=164.03856779906783
[   3.9s] d-164.038568-181c28e7-m31-e0.006: mode=31 exactValid=False contractValid=True depth=None raw=164.03856779906783 parent=164.039 fp= | before 0p/12b after 17p/2b cap=0.1829120000002149 maxDisp=0.22785302280198083 moved=55 resid=0.2155246345098728 | global legalization did not reach a feasible fixpoint: 17 violating pairs and 2 boundary p
=== PHASE D probes on pads with raw in [164.0415, 164.079] (global best 164.03856779906783) ===
-- pad /var/lib/t3/tmp/combo28-fs/pads/pad-164.041568-2ab56442.json raw=164.04156779906782
[   4.3s] d-164.038568-181c28e7-m31-e0.012: mode=31 exactValid=False contractValid=True depth=None raw=164.03856779906783 parent=164.039 fp= | before 0p/16b after 31p/2b cap=0.27891200000021854 maxDisp=0.3355964838909967 moved=55 resid=0.39253866622516076 | global legalization did not reach a feasible fixpoint: 31 violating pairs and 2 boundary p
[   4.9s] d-164.041568-2ab56442-m31-e0.006: mode=31 exactValid=False contractValid=True depth=None raw=164.04156779906782 parent=164.042 fp= | before 0p/11b after 16p/2b cap=0.1349119999999857 maxDisp=0.14142135623730953 moved=53 resid=0.010922152380496368 | global legalization did not reach a feasible fixpoint: 16 violating pairs and 2 boundary p
[   6.2s] d-164.038568-181c28e7-m31-e0.025: mode=31 exactValid=False contractValid=True depth=None raw=164.03856779906783 parent=164.039 fp= | before 0p/17b after 52p/2b cap=0.4869120000003022 maxDisp=0.5868602900179907 moved=55 resid=0.39186391608472193 | global legalization did not reach a feasible fixpoint: 52 violating pairs and 2 boundary p
[   7.2s] d-164.041568-2ab56442-m31-e0.012: mode=31 exactValid=False contractValid=True depth=None raw=164.04156779906782 parent=164.042 fp= | before 0p/14b after 29p/2b cap=0.23091199999998935 maxDisp=0.2871271495348359 moved=55 resid=0.3925386700074699 | global legalization did not reach a feasible fixpoint: 29 violating pairs and 2 boundary p
[   6.0s] d-164.038568-181c28e7-m31-e0.04: mode=31 exactValid=False contractValid=True depth=None raw=164.03856779906783 parent=164.039 fp= | before 0p/17b after 47p/2b cap=0.7269120000000839 maxDisp=0.8244974226763842 moved=55 resid=0.10169410140878796 | global legalization did not reach a feasible fixpoint: 47 violating pairs and 2 boundary p
[   5.5s] d-164.041568-2ab56442-m31-e0.025: mode=31 exactValid=False contractValid=True depth=None raw=164.04156779906782 parent=164.042 fp= | before 0p/16b after 52p/2b cap=0.438912000000073 maxDisp=0.5437692525327265 moved=55 resid=0.39193465431008456 | global legalization did not reach a feasible fixpoint: 52 violating pairs and 2 boundary p
[   5.5s] d-164.041568-2ab56442-m31-e0.04: mode=31 exactValid=False contractValid=True depth=None raw=164.04156779906782 parent=164.042 fp= | before 0p/17b after 43p/2b cap=0.6789120000003095 maxDisp=0.8749822855349702 moved=55 resid=0.10100070194605473 | global legalization did not reach a feasible fixpoint: 43 violating pairs and 2 boundary p
[   8.8s] d-164.038568-181c28e7-m22: mode=22 exactValid=True contractValid=True depth=164.039 raw=164.03856779906783 parent=164.039 fp=181c28e717ff6ef8 | before Nonep/Noneb after Nonep/Noneb cap=None maxDisp=None moved=None resid=None | 
[   5.3s] d-164.038568-181c28e7-flat0.002-m29: mode=29 exactValid=True contractValid=True depth=164.039 raw=164.03856779906783 parent=164.037 fp=181c28e717ff6ef8 | before Nonep/Noneb after Nonep/Noneb cap=None maxDisp=None moved=None resid=None | 
   ~ pairs=3 bnd=0 comp=1 maxComp=4 /7 ejected=4 /7 att=True maxMatDef=None maxEnvPush=0.0005155801773071289 orders=4/24 swaps=0 compRep=1 compRef=0
[   4.9s] d-164.038568-181c28e7-flat0.002-m28: mode=28 exactValid=False contractValid=True depth=None raw=164.03656779906783 parent=164.037 fp= | before Nonep/Noneb after Nonep/Noneb cap=None maxDisp=None moved=None resid=None | no exact-valid pose for piece c5135087-12f0-44f9-bd91-4bcf67affd8b-copy-1 within the 164.5
   ~ pairs=3 bnd=0 comp=1 maxComp=4 /7 ejected=2 /7 att=True maxMatDef=None maxEnvPush=0.0005155801773071289 replaced=0 projConv=1 projFail=0
[  12.5s] d-164.041568-2ab56442-m22: mode=22 exactValid=True contractValid=True depth=164.039 raw=164.03856779906783 parent=164.042 fp=8e56054dee89574f | before Nonep/Noneb after Nonep/Noneb cap=None maxDisp=None moved=None resid=None | 
[   5.1s] d-164.038568-181c28e7-flat0.003-m29: mode=29 exactValid=True contractValid=True depth=164.04 raw=164.0395677990678 parent=164.036 fp=b82b80350c0bb508 | before Nonep/Noneb after Nonep/Noneb cap=None maxDisp=None moved=None resid=None | 
   ~ pairs=3 bnd=0 comp=1 maxComp=4 /7 ejected=4 /7 att=True maxMatDef=None maxEnvPush=0.0009214878082275391 orders=4/24 swaps=0 compRep=1 compRef=0
[   5.2s] d-164.041568-2ab56442-flat0.002-m29: mode=29 exactValid=False contractValid=True depth=None raw=164.0395677990678 parent=164.04 fp= | before Nonep/Noneb after Nonep/Noneb cap=None maxDisp=None moved=None resid=None | no violating pair to target with a joint re-placement
   ~ pairs=0 bnd=0 comp=0 maxComp=0 /7 ejected=0 /7 att=False maxMatDef=None maxEnvPush=None orders=0/0 swaps=0 compRep=0 compRef=0
[   5.0s] d-164.038568-181c28e7-flat0.003-m28: mode=28 exactValid=False contractValid=True depth=None raw=164.03556779906785 parent=164.036 fp= | before Nonep/Noneb after Nonep/Noneb cap=None maxDisp=None moved=None resid=None | no exact-valid pose for piece c5135087-12f0-44f9-bd91-4bcf67affd8b-copy-1 within the 164.5
   ~ pairs=3 bnd=0 comp=1 maxComp=4 /7 ejected=2 /7 att=True maxMatDef=None maxEnvPush=0.0009214878082275391 replaced=0 projConv=1 projFail=0
[   5.1s] d-164.041568-2ab56442-flat0.002-m28: mode=28 exactValid=False contractValid=True depth=None raw=164.0395677990678 parent=164.04 fp= | before Nonep/Noneb after Nonep/Noneb cap=None maxDisp=None moved=None resid=None | no violating pair to target with a re-placement
   ~ pairs=0 bnd=0 comp=0 maxComp=0 /7 ejected=0 /7 att=False maxMatDef=None maxEnvPush=None replaced=0 projConv=0 projFail=0
[   5.5s] d-164.038568-181c28e7-flat0.004-m29: mode=29 exactValid=True contractValid=True depth=164.041 raw=164.04056779906784 parent=164.035 fp=10c49465dcb4e4cb | before Nonep/Noneb after Nonep/Noneb cap=None maxDisp=None moved=None resid=None | 
   ~ pairs=3 bnd=1 comp=2 maxComp=4 /7 ejected=4 /7 att=True maxMatDef=None maxEnvPush=0.0014296174049377441 orders=4/24 swaps=0 compRep=1 compRef=0
[   5.1s] d-164.041568-2ab56442-flat0.003-m29: mode=29 exactValid=False contractValid=True depth=None raw=164.03856779906783 parent=164.039 fp= | before Nonep/Noneb after Nonep/Noneb cap=None maxDisp=None moved=None resid=None | no violating pair to target with a joint re-placement
   ~ pairs=0 bnd=0 comp=0 maxComp=0 /7 ejected=0 /7 att=False maxMatDef=None maxEnvPush=None orders=0/0 swaps=0 compRep=0 compRef=0
[   5.2s] d-164.038568-181c28e7-flat0.004-m28: mode=28 exactValid=False contractValid=True depth=None raw=164.03456779906784 parent=164.035 fp= | before Nonep/Noneb after Nonep/Noneb cap=None maxDisp=None moved=None resid=None | no exact-valid pose for piece c5135087-12f0-44f9-bd91-4bcf67affd8b-copy-1 within the 164.5
   ~ pairs=3 bnd=1 comp=2 maxComp=4 /7 ejected=2 /7 att=True maxMatDef=None maxEnvPush=0.0014296174049377441 replaced=0 projConv=1 projFail=0
-- pad /var/lib/t3/tmp/combo28-fs/pads/pad-164.038568-8e56054d.json raw=164.03856779906783
[   5.1s] d-164.041568-2ab56442-flat0.003-m28: mode=28 exactValid=False contractValid=True depth=None raw=164.03856779906783 parent=164.039 fp= | before Nonep/Noneb after Nonep/Noneb cap=None maxDisp=None moved=None resid=None | no violating pair to target with a re-placement
   ~ pairs=0 bnd=0 comp=0 maxComp=0 /7 ejected=0 /7 att=False maxMatDef=None maxEnvPush=None replaced=0 projConv=0 projFail=0
[   5.8s] d-164.038568-8e56054d-m31-e0.006: mode=31 exactValid=False contractValid=True depth=None raw=164.03856779906783 parent=164.039 fp= | before 0p/12b after 16p/2b cap=0.1829120000002149 maxDisp=0.22785302280198083 moved=55 resid=0.21550775878428263 | global legalization did not reach a feasible fixpoint: 16 violating pairs and 2 boundary p
[   5.5s] d-164.041568-2ab56442-flat0.004-m29: mode=29 exactValid=True contractValid=True depth=164.076 raw=164.0755677990678 parent=164.038 fp=afe69c355b90fe77 | before Nonep/Noneb after Nonep/Noneb cap=None maxDisp=None moved=None resid=None | 
   ~ pairs=1 bnd=0 comp=1 maxComp=2 /7 ejected=2 /7 att=True maxMatDef=None maxEnvPush=0.000286102294921875 orders=1/2 swaps=0 compRep=1 compRef=0
[   5.7s] d-164.038568-8e56054d-m31-e0.012: mode=31 exactValid=False contractValid=True depth=None raw=164.03856779906783 parent=164.039 fp= | before 0p/16b after 31p/2b cap=0.27891200000021854 maxDisp=0.33657391461609143 moved=55 resid=0.39253866601438225 | global legalization did not reach a feasible fixpoint: 31 violating pairs and 2 boundary p
[   5.4s] d-164.041568-2ab56442-flat0.004-m28: mode=28 exactValid=True contractValid=True depth=164.04 raw=164.0395677990678 parent=164.038 fp=edce9a61ca313c6d | before Nonep/Noneb after Nonep/Noneb cap=None maxDisp=None moved=None resid=None | 
   ~ pairs=1 bnd=0 comp=1 maxComp=2 /7 ejected=1 /7 att=True maxMatDef=None maxEnvPush=0.000286102294921875 replaced=1 projConv=1 projFail=0
-- pad /var/lib/t3/tmp/combo28-fs/pads/pad-164.041568-3362a072.json raw=164.04156779906782
[   5.6s] d-164.038568-8e56054d-m31-e0.025: mode=31 exactValid=False contractValid=True depth=None raw=164.03856779906783 parent=164.039 fp= | before 0p/17b after 51p/2b cap=0.4869120000003022 maxDisp=0.5868602900179907 moved=55 resid=0.39186391608471904 | global legalization did not reach a feasible fixpoint: 51 violating pairs and 2 boundary p
[   5.5s] d-164.041568-3362a072-m31-e0.006: mode=31 exactValid=False contractValid=True depth=None raw=164.04156779906782 parent=164.042 fp= | before 0p/11b after 16p/2b cap=0.1349119999999857 maxDisp=0.14142135623730953 moved=53 resid=0.010925151935510146 | global legalization did not reach a feasible fixpoint: 16 violating pairs and 2 boundary p
[   5.2s] d-164.038568-8e56054d-m31-e0.04: mode=31 exactValid=False contractValid=True depth=None raw=164.03856779906783 parent=164.039 fp= | before 0p/17b after 47p/2b cap=0.7269120000000839 maxDisp=0.8244974226763842 moved=55 resid=0.10178643165689022 | global legalization did not reach a feasible fixpoint: 47 violating pairs and 2 boundary p
[   5.6s] d-164.041568-3362a072-m31-e0.012: mode=31 exactValid=False contractValid=True depth=None raw=164.04156779906782 parent=164.042 fp= | before 0p/14b after 26p/2b cap=0.23091199999998935 maxDisp=0.26830765922723865 moved=55 resid=0.030214428781873616 | global legalization did not reach a feasible fixpoint: 26 violating pairs and 2 boundary p
[   4.9s] d-164.041568-3362a072-m31-e0.025: mode=31 exactValid=False contractValid=True depth=None raw=164.04156779906782 parent=164.042 fp= | before 0p/16b after 52p/2b cap=0.438912000000073 maxDisp=0.5437692525327265 moved=55 resid=0.39193465431008256 | global legalization did not reach a feasible fixpoint: 52 violating pairs and 2 boundary p
[   9.1s] d-164.038568-8e56054d-m22: mode=22 exactValid=True contractValid=True depth=164.039 raw=164.03856779906783 parent=164.039 fp=8e56054dee89574f | before Nonep/Noneb after Nonep/Noneb cap=None maxDisp=None moved=None resid=None | 
[   5.6s] d-164.041568-3362a072-m31-e0.04: mode=31 exactValid=False contractValid=True depth=None raw=164.04156779906782 parent=164.042 fp= | before 0p/17b after 43p/2b cap=0.6789120000003095 maxDisp=0.8778524933039719 moved=55 resid=0.10092812676496066 | global legalization did not reach a feasible fixpoint: 43 violating pairs and 2 boundary p
[   5.8s] d-164.038568-8e56054d-flat0.002-m29: mode=29 exactValid=True contractValid=True depth=164.039 raw=164.03856779906783 parent=164.037 fp=181c28e717ff6ef8 | before Nonep/Noneb after Nonep/Noneb cap=None maxDisp=None moved=None resid=None | 
   ~ pairs=3 bnd=0 comp=1 maxComp=4 /7 ejected=4 /7 att=True maxMatDef=None maxEnvPush=0.0008577108383178711 orders=1/24 swaps=0 compRep=1 compRef=0
[   5.0s] d-164.038568-8e56054d-flat0.002-m28: mode=28 exactValid=False contractValid=True depth=None raw=164.03656779906783 parent=164.037 fp= | before Nonep/Noneb after Nonep/Noneb cap=None maxDisp=None moved=None resid=None | no exact-valid pose for piece c5135087-12f0-44f9-bd91-4bcf67affd8b-copy-1 within the 164.5
   ~ pairs=3 bnd=0 comp=1 maxComp=4 /7 ejected=2 /7 att=True maxMatDef=None maxEnvPush=0.0008577108383178711 replaced=0 projConv=1 projFail=0
[  13.1s] d-164.041568-3362a072-m22: mode=22 exactValid=True contractValid=True depth=164.04 raw=164.0395677990678 parent=164.042 fp=3e5d0b6e028c9e42 | before Nonep/Noneb after Nonep/Noneb cap=None maxDisp=None moved=None resid=None | 
[   5.1s] d-164.038568-8e56054d-flat0.003-m29: mode=29 exactValid=True contractValid=True depth=164.04 raw=164.0395677990678 parent=164.036 fp=85a1df686c83d93c | before Nonep/Noneb after Nonep/Noneb cap=None maxDisp=None moved=None resid=None | 
   ~ pairs=3 bnd=0 comp=1 maxComp=4 /7 ejected=4 /7 att=True maxMatDef=None maxEnvPush=0.0014296174049377441 orders=4/24 swaps=0 compRep=1 compRef=0
[   4.9s] d-164.041568-3362a072-flat0.002-m29: mode=29 exactValid=False contractValid=True depth=None raw=164.0395677990678 parent=164.04 fp= | before Nonep/Noneb after Nonep/Noneb cap=None maxDisp=None moved=None resid=None | no violating pair to target with a joint re-placement
   ~ pairs=0 bnd=0 comp=0 maxComp=0 /7 ejected=0 /7 att=False maxMatDef=None maxEnvPush=None orders=0/0 swaps=0 compRep=0 compRef=0
[   4.7s] d-164.038568-8e56054d-flat0.003-m28: mode=28 exactValid=False contractValid=True depth=None raw=164.03556779906785 parent=164.036 fp= | before Nonep/Noneb after Nonep/Noneb cap=None maxDisp=None moved=None resid=None | no exact-valid pose for piece c5135087-12f0-44f9-bd91-4bcf67affd8b-copy-1 within the 164.5
   ~ pairs=3 bnd=0 comp=1 maxComp=4 /7 ejected=2 /7 att=True maxMatDef=None maxEnvPush=0.0014296174049377441 replaced=0 projConv=1 projFail=0
[   5.3s] d-164.041568-3362a072-flat0.002-m28: mode=28 exactValid=False contractValid=True depth=None raw=164.0395677990678 parent=164.04 fp= | before Nonep/Noneb after Nonep/Noneb cap=None maxDisp=None moved=None resid=None | no violating pair to target with a re-placement
   ~ pairs=0 bnd=0 comp=0 maxComp=0 /7 ejected=0 /7 att=False maxMatDef=None maxEnvPush=None replaced=0 projConv=0 projFail=0
[   4.9s] d-164.038568-8e56054d-flat0.004-m29: mode=29 exactValid=True contractValid=True depth=164.041 raw=164.04056779906784 parent=164.035 fp=0cf2d975be44050c | before Nonep/Noneb after Nonep/Noneb cap=None maxDisp=None moved=None resid=None | 
   ~ pairs=3 bnd=1 comp=2 maxComp=4 /7 ejected=4 /7 att=True maxMatDef=None maxEnvPush=0.0015461444854736328 orders=4/24 swaps=0 compRep=1 compRef=0
[   4.9s] d-164.041568-3362a072-flat0.003-m29: mode=29 exactValid=True contractValid=True depth=164.077 raw=164.07656779906785 parent=164.039 fp=285a124bc3f559d7 | before Nonep/Noneb after Nonep/Noneb cap=None maxDisp=None moved=None resid=None | 
   ~ pairs=1 bnd=0 comp=1 maxComp=2 /7 ejected=2 /7 att=True maxMatDef=None maxEnvPush=0.000286102294921875 orders=1/2 swaps=0 compRep=1 compRef=0
[   5.1s] d-164.038568-8e56054d-flat0.004-m28: mode=28 exactValid=False contractValid=True depth=None raw=164.03456779906784 parent=164.035 fp= | before Nonep/Noneb after Nonep/Noneb cap=None maxDisp=None moved=None resid=None | no exact-valid pose for piece c5135087-12f0-44f9-bd91-4bcf67affd8b-copy-1 within the 164.5
   ~ pairs=3 bnd=1 comp=2 maxComp=4 /7 ejected=2 /7 att=True maxMatDef=None maxEnvPush=0.0015461444854736328 replaced=0 projConv=1 projFail=0
-- pad /var/lib/t3/tmp/combo28-fs/pads/pad-164.039568-85a1df68.json raw=164.03956779906775
[   5.6s] d-164.041568-3362a072-flat0.003-m28: mode=28 exactValid=True contractValid=True depth=164.041 raw=164.04056779906784 parent=164.039 fp=06def74a4baa4c6d | before Nonep/Noneb after Nonep/Noneb cap=None maxDisp=None moved=None resid=None | 
   ~ pairs=1 bnd=0 comp=1 maxComp=2 /7 ejected=1 /7 att=True maxMatDef=None maxEnvPush=0.000286102294921875 replaced=1 projConv=1 projFail=0
[   5.7s] d-164.039568-85a1df68-m31-e0.006: mode=31 exactValid=False contractValid=True depth=None raw=164.03956779906775 parent=164.04 fp= | before 0p/11b after 21p/2b cap=0.1669120000001385 maxDisp=0.24440130932546167 moved=55 resid=0.0202555234202628 | global legalization did not reach a feasible fixpoint: 21 violating pairs and 2 boundary p
[   6.4s] d-164.041568-3362a072-flat0.004-m29: mode=29 exactValid=True contractValid=True depth=164.04 raw=164.0395677990678 parent=164.038 fp=7c97143a9a36ce94 | before Nonep/Noneb after Nonep/Noneb cap=None maxDisp=None moved=None resid=None | 
   ~ pairs=1 bnd=0 comp=1 maxComp=2 /7 ejected=2 /7 att=True maxMatDef=None maxEnvPush=0.0008577108383178711 orders=1/2 swaps=0 compRep=1 compRef=0
[   6.4s] d-164.039568-85a1df68-m31-e0.012: mode=31 exactValid=False contractValid=True depth=None raw=164.03956779906775 parent=164.04 fp= | before 0p/15b after 26p/2b cap=0.26291200000014214 maxDisp=0.31834729463276423 moved=55 resid=0.3925386671037328 | global legalization did not reach a feasible fixpoint: 26 violating pairs and 2 boundary p
[   4.4s] d-164.041568-3362a072-flat0.004-m28: mode=28 exactValid=True contractValid=True depth=164.041 raw=164.04056779906784 parent=164.038 fp=20697ec915e22cd1 | before Nonep/Noneb after Nonep/Noneb cap=None maxDisp=None moved=None resid=None | 
   ~ pairs=1 bnd=0 comp=1 maxComp=2 /7 ejected=1 /7 att=True maxMatDef=None maxEnvPush=0.0008577108383178711 replaced=1 projConv=1 projFail=0
-- pad /var/lib/t3/tmp/combo28-fs/pads/pad-164.041568-8044cef5.json raw=164.04156779906782
[   4.8s] d-164.039568-85a1df68-m31-e0.025: mode=31 exactValid=False contractValid=True depth=None raw=164.03956779906775 parent=164.04 fp= | before 0p/17b after 56p/2b cap=0.4709120000002258 maxDisp=0.571443785511751 moved=54 resid=0.3916271270495837 | global legalization did not reach a feasible fixpoint: 56 violating pairs and 2 boundary p
[   5.1s] d-164.041568-8044cef5-m31-e0.006: mode=31 exactValid=False contractValid=True depth=None raw=164.04156779906782 parent=164.042 fp= | before 0p/11b after 16p/2b cap=0.1349119999999857 maxDisp=0.14043147795277242 moved=53 resid=0.011012127864033943 | global legalization did not reach a feasible fixpoint: 16 violating pairs and 2 boundary p
[   4.8s] d-164.039568-85a1df68-m31-e0.04: mode=31 exactValid=False contractValid=True depth=None raw=164.03956779906775 parent=164.04 fp= | before 0p/17b after 48p/2b cap=0.7109120000000075 maxDisp=0.8560151867811693 moved=55 resid=0.10272109701453346 | global legalization did not reach a feasible fixpoint: 48 violating pairs and 2 boundary p
[   5.1s] d-164.041568-8044cef5-m31-e0.012: mode=31 exactValid=False contractValid=True depth=None raw=164.04156779906782 parent=164.042 fp= | before 0p/14b after 28p/2b cap=0.23091199999998935 maxDisp=0.2633704615176121 moved=55 resid=0.029843934046657423 | global legalization did not reach a feasible fixpoint: 28 violating pairs and 2 boundary p
[   8.4s] d-164.039568-85a1df68-m22: mode=22 exactValid=True contractValid=True depth=164.04 raw=164.03956779906775 parent=164.04 fp=85a1df686c83d93c | before Nonep/Noneb after Nonep/Noneb cap=None maxDisp=None moved=None resid=None | 
[   5.3s] d-164.041568-8044cef5-m31-e0.025: mode=31 exactValid=False contractValid=True depth=None raw=164.04156779906782 parent=164.042 fp= | before 0p/16b after 52p/2b cap=0.438912000000073 maxDisp=0.5437692525327265 moved=55 resid=0.3919346543100839 | global legalization did not reach a feasible fixpoint: 52 violating pairs and 2 boundary p
[   4.9s] d-164.039568-85a1df68-flat0.002-m29: mode=29 exactValid=True contractValid=True depth=164.039 raw=164.03856779906783 parent=164.038 fp=8e56054dee89574f | before Nonep/Noneb after Nonep/Noneb cap=None maxDisp=None moved=None resid=None | 
   ~ pairs=1 bnd=0 comp=1 maxComp=2 /7 ejected=2 /7 att=True maxMatDef=None maxEnvPush=0.0005155801773071289 orders=1/2 swaps=0 compRep=1 compRef=0
[   5.0s] d-164.041568-8044cef5-m31-e0.04: mode=31 exactValid=False contractValid=True depth=None raw=164.04156779906782 parent=164.042 fp= | before 0p/17b after 43p/2b cap=0.6789120000003095 maxDisp=0.8781434962464847 moved=55 resid=0.10078792925546186 | global legalization did not reach a feasible fixpoint: 43 violating pairs and 2 boundary p
[   4.6s] d-164.039568-85a1df68-flat0.002-m28: mode=28 exactValid=True contractValid=True depth=164.041 raw=164.04056779906784 parent=164.038 fp=e56f34ea043f3533 | before Nonep/Noneb after Nonep/Noneb cap=None maxDisp=None moved=None resid=None | 
   ~ pairs=1 bnd=0 comp=1 maxComp=2 /7 ejected=1 /7 att=True maxMatDef=None maxEnvPush=0.0005155801773071289 replaced=1 projConv=1 projFail=0
[   5.6s] d-164.039568-85a1df68-flat0.003-m29: mode=29 exactValid=True contractValid=True depth=164.039 raw=164.03856779906783 parent=164.037 fp=8e56054dee89574f | before Nonep/Noneb after Nonep/Noneb cap=None maxDisp=None moved=None resid=None | 
   ~ pairs=2 bnd=0 comp=1 maxComp=3 /7 ejected=3 /7 att=True maxMatDef=None maxEnvPush=0.0008577108383178711 orders=1/6 swaps=0 compRep=1 compRef=0
[  11.2s] d-164.041568-8044cef5-m22: mode=22 exactValid=True contractValid=True depth=164.041 raw=164.04056779906784 parent=164.042 fp=e8dade3613a218f6 | before Nonep/Noneb after Nonep/Noneb cap=None maxDisp=None moved=None resid=None | 
[   4.6s] d-164.039568-85a1df68-flat0.003-m28: mode=28 exactValid=False contractValid=True depth=None raw=164.03656779906777 parent=164.037 fp= | before Nonep/Noneb after Nonep/Noneb cap=None maxDisp=None moved=None resid=None | no exact-valid pose for piece c5135087-12f0-44f9-bd91-4bcf67affd8b-copy-1 within the 164.5
   ~ pairs=2 bnd=0 comp=1 maxComp=3 /7 ejected=2 /7 att=True maxMatDef=None maxEnvPush=0.0008577108383178711 replaced=0 projConv=1 projFail=0
[   4.9s] d-164.041568-8044cef5-flat0.002-m29: mode=29 exactValid=True contractValid=True depth=164.336 raw=164.3355677990678 parent=164.04 fp=65d364a86cad9097 | before Nonep/Noneb after Nonep/Noneb cap=None maxDisp=None moved=None resid=None | 
   ~ pairs=1 bnd=0 comp=1 maxComp=2 /7 ejected=2 /7 att=True maxMatDef=None maxEnvPush=0.000286102294921875 orders=1/2 swaps=0 compRep=1 compRef=0
[   4.8s] d-164.039568-85a1df68-flat0.004-m29: mode=29 exactValid=True contractValid=True depth=164.039 raw=164.03856779906783 parent=164.036 fp=181c28e717ff6ef8 | before Nonep/Noneb after Nonep/Noneb cap=None maxDisp=None moved=None resid=None | 
   ~ pairs=3 bnd=0 comp=1 maxComp=4 /7 ejected=4 /7 att=True maxMatDef=None maxEnvPush=0.0014296174049377441 orders=1/24 swaps=0 compRep=1 compRef=0
[   5.2s] d-164.041568-8044cef5-flat0.002-m28: mode=28 exactValid=True contractValid=True depth=164.042 raw=164.04156779906782 parent=164.04 fp=7d6b83e583dbd613 | before Nonep/Noneb after Nonep/Noneb cap=None maxDisp=None moved=None resid=None | 
   ~ pairs=1 bnd=0 comp=1 maxComp=2 /7 ejected=1 /7 att=True maxMatDef=None maxEnvPush=0.000286102294921875 replaced=1 projConv=1 projFail=0
[   4.9s] d-164.039568-85a1df68-flat0.004-m28: mode=28 exactValid=False contractValid=True depth=None raw=164.0355677990678 parent=164.036 fp= | before Nonep/Noneb after Nonep/Noneb cap=None maxDisp=None moved=None resid=None | no exact-valid pose for piece c5135087-12f0-44f9-bd91-4bcf67affd8b-copy-1 within the 164.5
   ~ pairs=3 bnd=0 comp=1 maxComp=4 /7 ejected=2 /7 att=True maxMatDef=None maxEnvPush=0.0014296174049377441 replaced=0 projConv=1 projFail=0
-- pad /var/lib/t3/tmp/combo28-fs/pads/pad-164.039568-edce9a61.json raw=164.0395677990678
[   3.8s] d-164.041568-8044cef5-flat0.003-m29: mode=29 exactValid=True contractValid=True depth=164.04 raw=164.0395677990678 parent=164.039 fp=8a80f89545d23cdc | before Nonep/Noneb after Nonep/Noneb cap=None maxDisp=None moved=None resid=None | 
   ~ pairs=1 bnd=0 comp=1 maxComp=2 /7 ejected=2 /7 att=True maxMatDef=None maxEnvPush=0.0005155801773071289 orders=1/2 swaps=0 compRep=1 compRef=0
[   4.9s] d-164.039568-edce9a61-m31-e0.006: mode=31 exactValid=False contractValid=True depth=None raw=164.0395677990678 parent=164.04 fp= | before 0p/11b after 13p/2b cap=0.1669120000001385 maxDisp=0.27747792705006286 moved=54 resid=0.023487959661862505 | global legalization did not reach a feasible fixpoint: 13 violating pairs and 2 boundary p
[   5.2s] d-164.041568-8044cef5-flat0.003-m28: mode=28 exactValid=True contractValid=True depth=164.042 raw=164.04156779906782 parent=164.039 fp=7d6b83e583dbd613 | before Nonep/Noneb after Nonep/Noneb cap=None maxDisp=None moved=None resid=None | 
   ~ pairs=1 bnd=0 comp=1 maxComp=2 /7 ejected=1 /7 att=True maxMatDef=None maxEnvPush=0.0005155801773071289 replaced=1 projConv=1 projFail=0
[   5.0s] d-164.039568-edce9a61-m31-e0.012: mode=31 exactValid=False contractValid=True depth=None raw=164.0395677990678 parent=164.04 fp= | before 0p/15b after 26p/2b cap=0.26291200000014214 maxDisp=0.31834729463276423 moved=55 resid=0.392538667104172 | global legalization did not reach a feasible fixpoint: 26 violating pairs and 2 boundary p
[   5.2s] d-164.041568-8044cef5-flat0.004-m29: mode=29 exactValid=True contractValid=True depth=164.04 raw=164.0395677990678 parent=164.038 fp=8a80f89545d23cdc | before Nonep/Noneb after Nonep/Noneb cap=None maxDisp=None moved=None resid=None | 
   ~ pairs=1 bnd=0 comp=1 maxComp=2 /7 ejected=2 /7 att=True maxMatDef=None maxEnvPush=0.0008577108383178711 orders=1/2 swaps=0 compRep=1 compRef=0
[   5.7s] d-164.039568-edce9a61-m31-e0.025: mode=31 exactValid=False contractValid=True depth=None raw=164.0395677990678 parent=164.04 fp= | before 0p/17b after 56p/2b cap=0.4709120000002258 maxDisp=0.571443785511751 moved=55 resid=0.3916271270495857 | global legalization did not reach a feasible fixpoint: 56 violating pairs and 2 boundary p
[   6.0s] d-164.041568-8044cef5-flat0.004-m28: mode=28 exactValid=True contractValid=True depth=164.041 raw=164.04056779906784 parent=164.038 fp=0cf2d975be44050c | before Nonep/Noneb after Nonep/Noneb cap=None maxDisp=None moved=None resid=None | 
   ~ pairs=1 bnd=0 comp=1 maxComp=2 /7 ejected=1 /7 att=True maxMatDef=None maxEnvPush=0.0008577108383178711 replaced=1 projConv=1 projFail=0
-- pad /var/lib/t3/tmp/combo28-fs/pads/pad-164.041568-90909834.json raw=164.04156779906782
[   5.5s] d-164.039568-edce9a61-m31-e0.04: mode=31 exactValid=False contractValid=True depth=None raw=164.0395677990678 parent=164.04 fp= | before 0p/17b after 46p/2b cap=0.7109120000000075 maxDisp=0.8585115025437924 moved=55 resid=0.10276748379124671 | global legalization did not reach a feasible fixpoint: 46 violating pairs and 2 boundary p
[   5.3s] d-164.041568-90909834-m31-e0.006: mode=31 exactValid=False contractValid=True depth=None raw=164.04156779906782 parent=164.042 fp= | before 0p/11b after 16p/2b cap=0.1349119999999857 maxDisp=0.14043147795277242 moved=53 resid=0.01101934933406327 | global legalization did not reach a feasible fixpoint: 16 violating pairs and 2 boundary p
[   5.5s] d-164.041568-90909834-m31-e0.012: mode=31 exactValid=False contractValid=True depth=None raw=164.04156779906782 parent=164.042 fp= | before 0p/14b after 28p/2b cap=0.23091199999998935 maxDisp=0.2633704615176121 moved=55 resid=0.029884407449049594 | global legalization did not reach a feasible fixpoint: 28 violating pairs and 2 boundary p
[  13.2s] d-164.039568-edce9a61-m22: mode=22 exactValid=True contractValid=True depth=164.039 raw=164.03856779906783 parent=164.04 fp=181c28e717ff6ef8 | before Nonep/Noneb after Nonep/Noneb cap=None maxDisp=None moved=None resid=None | 
[   5.3s] d-164.041568-90909834-m31-e0.025: mode=31 exactValid=False contractValid=True depth=None raw=164.04156779906782 parent=164.042 fp= | before 0p/16b after 52p/2b cap=0.438912000000073 maxDisp=0.5437692525327265 moved=55 resid=0.3919346543100857 | global legalization did not reach a feasible fixpoint: 52 violating pairs and 2 boundary p
[   4.7s] d-164.039568-edce9a61-flat0.002-m29: mode=29 exactValid=True contractValid=True depth=164.039 raw=164.03856779906783 parent=164.038 fp=181c28e717ff6ef8 | before Nonep/Noneb after Nonep/Noneb cap=None maxDisp=None moved=None resid=None | 
   ~ pairs=2 bnd=0 comp=1 maxComp=3 /7 ejected=3 /7 att=True maxMatDef=None maxEnvPush=0.00030726194381713867 orders=1/6 swaps=0 compRep=1 compRef=0
[   4.5s] d-164.041568-90909834-m31-e0.04: mode=31 exactValid=False contractValid=True depth=None raw=164.04156779906782 parent=164.042 fp= | before 0p/17b after 43p/2b cap=0.6789120000003095 maxDisp=0.8781434962464847 moved=55 resid=0.1007879300759841 | global legalization did not reach a feasible fixpoint: 43 violating pairs and 2 boundary p
[   5.4s] d-164.039568-edce9a61-flat0.002-m28: mode=28 exactValid=True contractValid=True depth=164.042 raw=164.04156779906782 parent=164.038 fp=2ab564421613bf42 | before Nonep/Noneb after Nonep/Noneb cap=None maxDisp=None moved=None resid=None | 
   ~ pairs=2 bnd=0 comp=1 maxComp=3 /7 ejected=1 /7 att=True maxMatDef=None maxEnvPush=0.00030726194381713867 replaced=1 projConv=1 projFail=0
[   6.2s] d-164.039568-edce9a61-flat0.003-m29: mode=29 exactValid=True contractValid=True depth=164.039 raw=164.03856779906783 parent=164.037 fp=181c28e717ff6ef8 | before Nonep/Noneb after Nonep/Noneb cap=None maxDisp=None moved=None resid=None | 
   ~ pairs=3 bnd=0 comp=1 maxComp=4 /7 ejected=4 /7 att=True maxMatDef=None maxEnvPush=0.0005155801773071289 orders=4/24 swaps=0 compRep=1 compRef=0
[  13.1s] d-164.041568-90909834-m22: mode=22 exactValid=True contractValid=True depth=164.041 raw=164.04056779906784 parent=164.042 fp=c242705208e7fd23 | before Nonep/Noneb after Nonep/Noneb cap=None maxDisp=None moved=None resid=None | 
[   4.3s] d-164.039568-edce9a61-flat0.003-m28: mode=28 exactValid=False contractValid=True depth=None raw=164.03656779906783 parent=164.037 fp= | before Nonep/Noneb after Nonep/Noneb cap=None maxDisp=None moved=None resid=None | no exact-valid pose for piece c5135087-12f0-44f9-bd91-4bcf67affd8b-copy-1 within the 164.5
   ~ pairs=3 bnd=0 comp=1 maxComp=4 /7 ejected=2 /7 att=True maxMatDef=None maxEnvPush=0.0005155801773071289 replaced=0 projConv=1 projFail=0
[   4.0s] d-164.041568-90909834-flat0.002-m29: mode=29 exactValid=True contractValid=True depth=164.336 raw=164.3355677990678 parent=164.04 fp=234a8cbe206c98b3 | before Nonep/Noneb after Nonep/Noneb cap=None maxDisp=None moved=None resid=None | 
   ~ pairs=1 bnd=0 comp=1 maxComp=2 /7 ejected=2 /7 att=True maxMatDef=None maxEnvPush=0.000286102294921875 orders=1/2 swaps=0 compRep=1 compRef=0
[   3.4s] d-164.039568-edce9a61-flat0.004-m29: mode=29 exactValid=True contractValid=True depth=164.04 raw=164.0395677990678 parent=164.036 fp=b82b80350c0bb508 | before Nonep/Noneb after Nonep/Noneb cap=None maxDisp=None moved=None resid=None | 
   ~ pairs=3 bnd=0 comp=1 maxComp=4 /7 ejected=4 /7 att=True maxMatDef=None maxEnvPush=0.0009214878082275391 orders=4/24 swaps=0 compRep=1 compRef=0
[   4.1s] d-164.041568-90909834-flat0.002-m28: mode=28 exactValid=True contractValid=True depth=164.042 raw=164.04156779906782 parent=164.04 fp=3362a0720322e403 | before Nonep/Noneb after Nonep/Noneb cap=None maxDisp=None moved=None resid=None | 
   ~ pairs=1 bnd=0 comp=1 maxComp=2 /7 ejected=1 /7 att=True maxMatDef=None maxEnvPush=0.000286102294921875 replaced=1 projConv=1 projFail=0
[   3.7s] d-164.039568-edce9a61-flat0.004-m28: mode=28 exactValid=False contractValid=True depth=None raw=164.03556779906785 parent=164.036 fp= | before Nonep/Noneb after Nonep/Noneb cap=None maxDisp=None moved=None resid=None | no exact-valid pose for piece c5135087-12f0-44f9-bd91-4bcf67affd8b-copy-1 within the 164.5
   ~ pairs=3 bnd=0 comp=1 maxComp=4 /7 ejected=2 /7 att=True maxMatDef=None maxEnvPush=0.0009214878082275391 replaced=0 projConv=1 projFail=0
-- pad /var/lib/t3/tmp/combo28-fs/pads/pad-164.040568-0cf2d975.json raw=164.04056779906784
[   3.8s] d-164.041568-90909834-flat0.003-m29: mode=29 exactValid=True contractValid=True depth=164.04 raw=164.0395677990678 parent=164.039 fp=077f30d254e34e63 | before Nonep/Noneb after Nonep/Noneb cap=None maxDisp=None moved=None resid=None | 
   ~ pairs=1 bnd=0 comp=1 maxComp=2 /7 ejected=2 /7 att=True maxMatDef=None maxEnvPush=0.0005155801773071289 orders=1/2 swaps=0 compRep=1 compRef=0
[   4.1s] d-164.040568-0cf2d975-m31-e0.006: mode=31 exactValid=False contractValid=True depth=None raw=164.04056779906784 parent=164.041 fp= | before 0p/11b after 16p/2b cap=0.1509120000000621 maxDisp=0.1512117720285031 moved=53 resid=0.120308450678557 | global legalization did not reach a feasible fixpoint: 16 violating pairs and 2 boundary p
[   3.6s] d-164.041568-90909834-flat0.003-m28: mode=28 exactValid=True contractValid=True depth=164.042 raw=164.04156779906782 parent=164.039 fp=3362a0720322e403 | before Nonep/Noneb after Nonep/Noneb cap=None maxDisp=None moved=None resid=None | 
   ~ pairs=1 bnd=0 comp=1 maxComp=2 /7 ejected=1 /7 att=True maxMatDef=None maxEnvPush=0.0005155801773071289 replaced=1 projConv=1 projFail=0
[   3.8s] d-164.040568-0cf2d975-m31-e0.012: mode=31 exactValid=False contractValid=True depth=None raw=164.04056779906784 parent=164.041 fp= | before 0p/15b after 30p/2b cap=0.24691200000006575 maxDisp=0.30263013729633736 moved=55 resid=0.39253866907489154 | global legalization did not reach a feasible fixpoint: 30 violating pairs and 2 boundary p
[   4.2s] d-164.041568-90909834-flat0.004-m29: mode=29 exactValid=True contractValid=True depth=164.04 raw=164.0395677990678 parent=164.038 fp=077f30d254e34e63 | before Nonep/Noneb after Nonep/Noneb cap=None maxDisp=None moved=None resid=None | 
   ~ pairs=1 bnd=0 comp=1 maxComp=2 /7 ejected=2 /7 att=True maxMatDef=None maxEnvPush=0.0008577108383178711 orders=1/2 swaps=0 compRep=1 compRef=0
[   4.1s] d-164.040568-0cf2d975-m31-e0.025: mode=31 exactValid=False contractValid=True depth=None raw=164.04056779906784 parent=164.041 fp= | before 0p/17b after 51p/2b cap=0.4549120000001494 maxDisp=0.5553602434456395 moved=55 resid=0.39171220309625676 | global legalization did not reach a feasible fixpoint: 51 violating pairs and 2 boundary p
[   4.1s] d-164.041568-90909834-flat0.004-m28: mode=28 exactValid=True contractValid=True depth=164.041 raw=164.04056779906784 parent=164.038 fp=06def74a4baa4c6d | before Nonep/Noneb after Nonep/Noneb cap=None maxDisp=None moved=None resid=None | 
   ~ pairs=1 bnd=0 comp=1 maxComp=2 /7 ejected=1 /7 att=True maxMatDef=None maxEnvPush=0.0008577108383178711 replaced=1 projConv=1 projFail=0
-- pad /var/lib/t3/tmp/combo28-fs/pads/pad-164.041568-d57f9af7.json raw=164.04156779906782
[   4.4s] d-164.040568-0cf2d975-m31-e0.04: mode=31 exactValid=False contractValid=True depth=None raw=164.04056779906784 parent=164.041 fp= | before 0p/17b after 46p/2b cap=0.6949120000003859 maxDisp=0.8528540320594141 moved=55 resid=0.10106157771584862 | global legalization did not reach a feasible fixpoint: 46 violating pairs and 2 boundary p
[   3.9s] d-164.041568-d57f9af7-m31-e0.006: mode=31 exactValid=False contractValid=True depth=None raw=164.04156779906782 parent=164.042 fp= | before 0p/11b after 15p/2b cap=0.1349119999999857 maxDisp=0.1412834031300209 moved=53 resid=0.010855011214916062 | global legalization did not reach a feasible fixpoint: 15 violating pairs and 2 boundary p
[   3.4s] d-164.041568-d57f9af7-m31-e0.012: mode=31 exactValid=False contractValid=True depth=None raw=164.04156779906782 parent=164.042 fp= | before 0p/14b after 27p/2b cap=0.23091199999998935 maxDisp=0.26550517885721175 moved=55 resid=0.029770606061840753 | global legalization did not reach a feasible fixpoint: 27 violating pairs and 2 boundary p
[   7.7s] d-164.040568-0cf2d975-m22: mode=22 exactValid=True contractValid=True depth=164.04 raw=164.0395677990678 parent=164.041 fp=6817d29409e34b16 | before Nonep/Noneb after Nonep/Noneb cap=None maxDisp=None moved=None resid=None | 
[   3.8s] d-164.041568-d57f9af7-m31-e0.025: mode=31 exactValid=False contractValid=True depth=None raw=164.04156779906782 parent=164.042 fp= | before 0p/16b after 49p/2b cap=0.438912000000073 maxDisp=0.5435236885362036 moved=55 resid=0.391934654310083 | global legalization did not reach a feasible fixpoint: 49 violating pairs and 2 boundary p
[   4.2s] d-164.040568-0cf2d975-flat0.002-m29: mode=29 exactValid=True contractValid=True depth=164.077 raw=164.07656779906785 parent=164.039 fp=a5de11b8d85d3429 | before Nonep/Noneb after Nonep/Noneb cap=None maxDisp=None moved=None resid=None | 
   ~ pairs=1 bnd=0 comp=1 maxComp=2 /7 ejected=2 /7 att=True maxMatDef=None maxEnvPush=0.000286102294921875 orders=1/2 swaps=0 compRep=1 compRef=0
[   3.7s] d-164.041568-d57f9af7-m31-e0.04: mode=31 exactValid=False contractValid=True depth=None raw=164.04156779906782 parent=164.042 fp= | before 0p/17b after 58p/2b cap=0.6789120000003095 maxDisp=0.6868420488001591 moved=55 resid=0.3913975565170813 | global legalization did not reach a feasible fixpoint: 58 violating pairs and 2 boundary p
[   3.5s] d-164.040568-0cf2d975-flat0.002-m28: mode=28 exactValid=True contractValid=True depth=164.041 raw=164.04056779906784 parent=164.039 fp=10c49465dcb4e4cb | before Nonep/Noneb after Nonep/Noneb cap=None maxDisp=None moved=None resid=None | 
   ~ pairs=1 bnd=0 comp=1 maxComp=2 /7 ejected=1 /7 att=True maxMatDef=None maxEnvPush=0.000286102294921875 replaced=1 projConv=1 projFail=0
[   3.5s] d-164.040568-0cf2d975-flat0.003-m29: mode=29 exactValid=True contractValid=True depth=164.039 raw=164.03856779906783 parent=164.038 fp=676070564273bf01 | before Nonep/Noneb after Nonep/Noneb cap=None maxDisp=None moved=None resid=None | 
   ~ pairs=1 bnd=0 comp=1 maxComp=2 /7 ejected=2 /7 att=True maxMatDef=None maxEnvPush=0.0005155801773071289 orders=1/2 swaps=0 compRep=1 compRef=0
[   8.3s] d-164.041568-d57f9af7-m22: mode=22 exactValid=True contractValid=True depth=164.041 raw=164.04056779906784 parent=164.042 fp=57c02325352288cb | before Nonep/Noneb after Nonep/Noneb cap=None maxDisp=None moved=None resid=None | 
[   3.4s] d-164.040568-0cf2d975-flat0.003-m28: mode=28 exactValid=True contractValid=True depth=164.041 raw=164.04056779906784 parent=164.038 fp=10c49465dcb4e4cb | before Nonep/Noneb after Nonep/Noneb cap=None maxDisp=None moved=None resid=None | 
   ~ pairs=1 bnd=0 comp=1 maxComp=2 /7 ejected=1 /7 att=True maxMatDef=None maxEnvPush=0.0005155801773071289 replaced=1 projConv=1 projFail=0
[   3.5s] d-164.041568-d57f9af7-flat0.002-m29: mode=29 exactValid=True contractValid=True depth=164.336 raw=164.3355677990678 parent=164.04 fp=4a82fd48899146c3 | before Nonep/Noneb after Nonep/Noneb cap=None maxDisp=None moved=None resid=None | 
   ~ pairs=1 bnd=0 comp=1 maxComp=2 /7 ejected=2 /7 att=True maxMatDef=None maxEnvPush=0.000286102294921875 orders=1/2 swaps=0 compRep=1 compRef=0
[   3.5s] d-164.040568-0cf2d975-flat0.004-m29: mode=29 exactValid=True contractValid=True depth=164.039 raw=164.03856779906783 parent=164.037 fp=1c588249869b9a43 | before Nonep/Noneb after Nonep/Noneb cap=None maxDisp=None moved=None resid=None | 
   ~ pairs=2 bnd=0 comp=1 maxComp=3 /7 ejected=3 /7 att=True maxMatDef=None maxEnvPush=0.0008577108383178711 orders=1/6 swaps=0 compRep=1 compRef=0
[   3.4s] d-164.041568-d57f9af7-flat0.002-m28: mode=28 exactValid=True contractValid=True depth=164.042 raw=164.04156779906782 parent=164.04 fp=3458662a3679890f | before Nonep/Noneb after Nonep/Noneb cap=None maxDisp=None moved=None resid=None | 
   ~ pairs=1 bnd=0 comp=1 maxComp=2 /7 ejected=1 /7 att=True maxMatDef=None maxEnvPush=0.000286102294921875 replaced=1 projConv=1 projFail=0
[   3.4s] d-164.040568-0cf2d975-flat0.004-m28: mode=28 exactValid=False contractValid=True depth=None raw=164.03656779906785 parent=164.037 fp= | before Nonep/Noneb after Nonep/Noneb cap=None maxDisp=None moved=None resid=None | no exact-valid pose for piece c5135087-12f0-44f9-bd91-4bcf67affd8b-copy-1 within the 164.5
   ~ pairs=2 bnd=0 comp=1 maxComp=3 /7 ejected=2 /7 att=True maxMatDef=None maxEnvPush=0.0008577108383178711 replaced=0 projConv=1 projFail=0
-- pad /var/lib/t3/tmp/combo28-fs/pads/pad-164.040568-bad0f74d.json raw=164.04056779906784
[   3.4s] d-164.041568-d57f9af7-flat0.003-m29: mode=29 exactValid=True contractValid=True depth=164.04 raw=164.0395677990678 parent=164.039 fp=65ae72c999c5c4c3 | before Nonep/Noneb after Nonep/Noneb cap=None maxDisp=None moved=None resid=None | 
   ~ pairs=1 bnd=0 comp=1 maxComp=2 /7 ejected=2 /7 att=True maxMatDef=None maxEnvPush=0.0005155801773071289 orders=1/2 swaps=0 compRep=1 compRef=0
[   3.5s] d-164.040568-bad0f74d-m31-e0.006: mode=31 exactValid=False contractValid=True depth=None raw=164.04056779906784 parent=164.041 fp= | before 0p/11b after 17p/2b cap=0.1509120000000621 maxDisp=0.1512117720285031 moved=53 resid=0.12030845071707355 | global legalization did not reach a feasible fixpoint: 17 violating pairs and 2 boundary p
[   3.3s] d-164.041568-d57f9af7-flat0.003-m28: mode=28 exactValid=True contractValid=True depth=164.042 raw=164.04156779906782 parent=164.039 fp=3458662a3679890f | before Nonep/Noneb after Nonep/Noneb cap=None maxDisp=None moved=None resid=None | 
   ~ pairs=1 bnd=0 comp=1 maxComp=2 /7 ejected=1 /7 att=True maxMatDef=None maxEnvPush=0.0005155801773071289 replaced=1 projConv=1 projFail=0
[   3.5s] d-164.040568-bad0f74d-m31-e0.012: mode=31 exactValid=False contractValid=True depth=None raw=164.04056779906784 parent=164.041 fp= | before 0p/15b after 31p/2b cap=0.24691200000006575 maxDisp=0.30263013729633736 moved=55 resid=0.39253866829407835 | global legalization did not reach a feasible fixpoint: 31 violating pairs and 2 boundary p
[   3.4s] d-164.041568-d57f9af7-flat0.004-m29: mode=29 exactValid=True contractValid=True depth=164.04 raw=164.0395677990678 parent=164.038 fp=65ae72c999c5c4c3 | before Nonep/Noneb after Nonep/Noneb cap=None maxDisp=None moved=None resid=None | 
   ~ pairs=1 bnd=0 comp=1 maxComp=2 /7 ejected=2 /7 att=True maxMatDef=None maxEnvPush=0.0008577108383178711 orders=1/2 swaps=0 compRep=1 compRef=0
[   3.3s] d-164.040568-bad0f74d-m31-e0.025: mode=31 exactValid=False contractValid=True depth=None raw=164.04056779906784 parent=164.041 fp= | before 0p/17b after 51p/2b cap=0.4549120000001494 maxDisp=0.5553602434456395 moved=55 resid=0.3917122030962592 | global legalization did not reach a feasible fixpoint: 51 violating pairs and 2 boundary p
[   3.2s] d-164.041568-d57f9af7-flat0.004-m28: mode=28 exactValid=True contractValid=True depth=164.041 raw=164.04056779906784 parent=164.038 fp=cd29ba3c0b1b09c9 | before Nonep/Noneb after Nonep/Noneb cap=None maxDisp=None moved=None resid=None | 
   ~ pairs=1 bnd=0 comp=1 maxComp=2 /7 ejected=1 /7 att=True maxMatDef=None maxEnvPush=0.0008577108383178711 replaced=1 projConv=1 projFail=0
-- pad /var/lib/t3/tmp/combo28-fs/pads/pad-164.042568-05bb379a.json raw=164.0425677990678
[   3.2s] d-164.040568-bad0f74d-m31-e0.04: mode=31 exactValid=False contractValid=True depth=None raw=164.04056779906784 parent=164.041 fp= | before 0p/17b after 45p/2b cap=0.6949120000003859 maxDisp=0.8541018674607849 moved=55 resid=0.101188440422505 | global legalization did not reach a feasible fixpoint: 45 violating pairs and 2 boundary p
[   3.1s] d-164.042568-05bb379a-m31-e0.006: mode=31 exactValid=False contractValid=True depth=None raw=164.0425677990678 parent=164.043 fp= | before 0p/11b after 15p/1b cap=0.1349119999999857 maxDisp=0.1964306493396588 moved=55 resid=0.015820641979748147 | global legalization did not reach a feasible fixpoint: 15 violating pairs and 1 boundary p
[   3.3s] d-164.042568-05bb379a-m31-e0.012: mode=31 exactValid=False contractValid=True depth=None raw=164.0425677990678 parent=164.043 fp= | before 0p/14b after 25p/2b cap=0.23091199999998935 maxDisp=0.2505454050666266 moved=55 resid=0.028328244134183517 | global legalization did not reach a feasible fixpoint: 25 violating pairs and 2 boundary p
[   7.7s] d-164.040568-bad0f74d-m22: mode=22 exactValid=True contractValid=True depth=164.04 raw=164.0395677990678 parent=164.041 fp=dec9b1049115ca6e | before Nonep/Noneb after Nonep/Noneb cap=None maxDisp=None moved=None resid=None | 
[   3.4s] d-164.042568-05bb379a-m31-e0.025: mode=31 exactValid=False contractValid=True depth=None raw=164.0425677990678 parent=164.043 fp= | before 0p/16b after 40p/2b cap=0.4389119999996183 maxDisp=0.4869630376116857 moved=55 resid=0.05564451317858009 | global legalization did not reach a feasible fixpoint: 40 violating pairs and 2 boundary p
[   3.2s] d-164.040568-bad0f74d-flat0.002-m29: mode=29 exactValid=True contractValid=True depth=164.077 raw=164.07656779906785 parent=164.039 fp=ae32a174afd4265e | before Nonep/Noneb after Nonep/Noneb cap=None maxDisp=None moved=None resid=None | 
   ~ pairs=1 bnd=0 comp=1 maxComp=2 /7 ejected=2 /7 att=True maxMatDef=None maxEnvPush=0.000286102294921875 orders=1/2 swaps=0 compRep=1 compRef=0
[   3.2s] d-164.042568-05bb379a-m31-e0.04: mode=31 exactValid=False contractValid=True depth=None raw=164.0425677990678 parent=164.043 fp= | before 0p/17b after 57p/2b cap=0.6789119999998547 maxDisp=0.6866279924384092 moved=55 resid=0.3918998650771799 | global legalization did not reach a feasible fixpoint: 57 violating pairs and 2 boundary p
[   3.5s] d-164.040568-bad0f74d-flat0.002-m28: mode=28 exactValid=True contractValid=True depth=164.041 raw=164.04056779906784 parent=164.039 fp=0cf2d975be44050c | before Nonep/Noneb after Nonep/Noneb cap=None maxDisp=None moved=None resid=None | 
   ~ pairs=1 bnd=0 comp=1 maxComp=2 /7 ejected=1 /7 att=True maxMatDef=None maxEnvPush=0.000286102294921875 replaced=1 projConv=1 projFail=0
[   3.9s] d-164.040568-bad0f74d-flat0.003-m29: mode=29 exactValid=True contractValid=True depth=164.04 raw=164.0395677990678 parent=164.038 fp=1f5d20233c1a5e9c | before Nonep/Noneb after Nonep/Noneb cap=None maxDisp=None moved=None resid=None | 
   ~ pairs=1 bnd=0 comp=1 maxComp=2 /7 ejected=2 /7 att=True maxMatDef=None maxEnvPush=0.0008577108383178711 orders=1/2 swaps=0 compRep=1 compRef=0
[   8.7s] d-164.042568-05bb379a-m22: mode=22 exactValid=True contractValid=True depth=164.041 raw=164.0405677990678 parent=164.043 fp=11f18c55c7e695ec | before Nonep/Noneb after Nonep/Noneb cap=None maxDisp=None moved=None resid=None | 
[   4.2s] d-164.040568-bad0f74d-flat0.003-m28: mode=28 exactValid=True contractValid=True depth=164.041 raw=164.04056779906784 parent=164.038 fp=10c49465dcb4e4cb | before Nonep/Noneb after Nonep/Noneb cap=None maxDisp=None moved=None resid=None | 
   ~ pairs=1 bnd=0 comp=1 maxComp=2 /7 ejected=1 /7 att=True maxMatDef=None maxEnvPush=0.0008577108383178711 replaced=1 projConv=1 projFail=0
[   3.9s] d-164.042568-05bb379a-flat0.002-m29: mode=29 exactValid=False contractValid=True depth=None raw=164.0405677990678 parent=164.041 fp= | before Nonep/Noneb after Nonep/Noneb cap=None maxDisp=None moved=None resid=None | no violating pair to target with a joint re-placement
   ~ pairs=0 bnd=0 comp=0 maxComp=0 /7 ejected=0 /7 att=False maxMatDef=None maxEnvPush=None orders=0/0 swaps=0 compRep=0 compRef=0
[   3.4s] d-164.040568-bad0f74d-flat0.004-m29: mode=29 exactValid=True contractValid=True depth=164.04 raw=164.0395677990678 parent=164.037 fp=2a98c50842ce14dd | before Nonep/Noneb after Nonep/Noneb cap=None maxDisp=None moved=None resid=None | 
   ~ pairs=2 bnd=0 comp=1 maxComp=3 /7 ejected=3 /7 att=True maxMatDef=None maxEnvPush=0.0014296174049377441 orders=1/6 swaps=0 compRep=1 compRef=0
[   3.5s] d-164.042568-05bb379a-flat0.002-m28: mode=28 exactValid=False contractValid=True depth=None raw=164.0405677990678 parent=164.041 fp= | before Nonep/Noneb after Nonep/Noneb cap=None maxDisp=None moved=None resid=None | no violating pair to target with a re-placement
   ~ pairs=0 bnd=0 comp=0 maxComp=0 /7 ejected=0 /7 att=False maxMatDef=None maxEnvPush=None replaced=0 projConv=0 projFail=0
[   3.5s] d-164.040568-bad0f74d-flat0.004-m28: mode=28 exactValid=False contractValid=True depth=None raw=164.03656779906785 parent=164.037 fp= | before Nonep/Noneb after Nonep/Noneb cap=None maxDisp=None moved=None resid=None | no exact-valid pose for piece c5135087-12f0-44f9-bd91-4bcf67affd8b-copy-1 within the 164.5
   ~ pairs=2 bnd=0 comp=1 maxComp=3 /7 ejected=1 /7 att=True maxMatDef=None maxEnvPush=0.0014296174049377441 replaced=0 projConv=0 projFail=0
-- pad /var/lib/t3/tmp/combo28-fs/pads/pad-164.040568-e56f34ea.json raw=164.04056779906784
[   3.5s] d-164.042568-05bb379a-flat0.003-m29: mode=29 exactValid=True contractValid=True depth=164.336 raw=164.3355677990678 parent=164.04 fp=e051aee478acbc63 | before Nonep/Noneb after Nonep/Noneb cap=None maxDisp=None moved=None resid=None | 
   ~ pairs=1 bnd=0 comp=1 maxComp=2 /7 ejected=2 /7 att=True maxMatDef=None maxEnvPush=0.000286102294921875 orders=1/2 swaps=0 compRep=1 compRef=0
[   3.6s] d-164.040568-e56f34ea-m31-e0.006: mode=31 exactValid=False contractValid=True depth=None raw=164.04056779906784 parent=164.041 fp= | before 0p/11b after 16p/2b cap=0.1509120000000621 maxDisp=0.1512117720285031 moved=53 resid=0.12030845067858799 | global legalization did not reach a feasible fixpoint: 16 violating pairs and 2 boundary p
[   3.5s] d-164.042568-05bb379a-flat0.003-m28: mode=28 exactValid=True contractValid=True depth=164.042 raw=164.04156779906782 parent=164.04 fp=921c2bdcbe335cc6 | before Nonep/Noneb after Nonep/Noneb cap=None maxDisp=None moved=None resid=None | 
   ~ pairs=1 bnd=0 comp=1 maxComp=2 /7 ejected=1 /7 att=True maxMatDef=None maxEnvPush=0.000286102294921875 replaced=1 projConv=1 projFail=0
[   3.5s] d-164.040568-e56f34ea-m31-e0.012: mode=31 exactValid=False contractValid=True depth=None raw=164.04056779906784 parent=164.041 fp= | before 0p/15b after 28p/2b cap=0.24691200000006575 maxDisp=0.3028398916919632 moved=55 resid=0.39253866875367516 | global legalization did not reach a feasible fixpoint: 28 violating pairs and 2 boundary p
[   3.6s] d-164.042568-05bb379a-flat0.004-m29: mode=29 exactValid=True contractValid=True depth=164.04 raw=164.0395677990678 parent=164.039 fp=4180dfaea89db2d9 | before Nonep/Noneb after Nonep/Noneb cap=None maxDisp=None moved=None resid=None | 
   ~ pairs=1 bnd=0 comp=1 maxComp=2 /7 ejected=2 /7 att=True maxMatDef=None maxEnvPush=0.0005155801773071289 orders=1/2 swaps=0 compRep=1 compRef=0
[   3.5s] d-164.040568-e56f34ea-m31-e0.025: mode=31 exactValid=False contractValid=True depth=None raw=164.04056779906784 parent=164.041 fp= | before 0p/17b after 54p/2b cap=0.4549120000001494 maxDisp=0.5553602434456395 moved=54 resid=0.39171220309625876 | global legalization did not reach a feasible fixpoint: 54 violating pairs and 2 boundary p
[   3.5s] d-164.042568-05bb379a-flat0.004-m28: mode=28 exactValid=True contractValid=True depth=164.042 raw=164.04156779906782 parent=164.039 fp=921c2bdcbe335cc6 | before Nonep/Noneb after Nonep/Noneb cap=None maxDisp=None moved=None resid=None | 
   ~ pairs=1 bnd=0 comp=1 maxComp=2 /7 ejected=1 /7 att=True maxMatDef=None maxEnvPush=0.0005155801773071289 replaced=1 projConv=1 projFail=0
-- pad /var/lib/t3/tmp/combo28-fs/pads/pad-164.042568-22eddbf0.json raw=164.0425677990678
[   3.5s] d-164.040568-e56f34ea-m31-e0.04: mode=31 exactValid=False contractValid=True depth=None raw=164.04056779906784 parent=164.041 fp= | before 0p/17b after 44p/2b cap=0.6949120000003859 maxDisp=0.8541018674607849 moved=55 resid=0.1013337559711119 | global legalization did not reach a feasible fixpoint: 44 violating pairs and 2 boundary p
[   3.4s] d-164.042568-22eddbf0-m31-e0.006: mode=31 exactValid=False contractValid=True depth=None raw=164.0425677990678 parent=164.043 fp= | before 0p/11b after 15p/1b cap=0.1349119999999857 maxDisp=0.1883215335536539 moved=55 resid=0.015298503631678126 | global legalization did not reach a feasible fixpoint: 15 violating pairs and 1 boundary p
[   3.6s] d-164.042568-22eddbf0-m31-e0.012: mode=31 exactValid=False contractValid=True depth=None raw=164.0425677990678 parent=164.043 fp= | before 0p/14b after 26p/2b cap=0.23091199999998935 maxDisp=0.2505454050666266 moved=55 resid=0.02827946569806104 | global legalization did not reach a feasible fixpoint: 26 violating pairs and 2 boundary p
[   8.8s] d-164.040568-e56f34ea-m22: mode=22 exactValid=True contractValid=True depth=164.039 raw=164.03856779906783 parent=164.041 fp=8e56054dee89574f | before Nonep/Noneb after Nonep/Noneb cap=None maxDisp=None moved=None resid=None | 
[   3.9s] d-164.042568-22eddbf0-m31-e0.025: mode=31 exactValid=False contractValid=True depth=None raw=164.0425677990678 parent=164.043 fp= | before 0p/16b after 45p/2b cap=0.4389119999996183 maxDisp=0.544016543866085 moved=55 resid=0.39243696287016894 | global legalization did not reach a feasible fixpoint: 45 violating pairs and 2 boundary p
[   4.1s] d-164.040568-e56f34ea-flat0.002-m29: mode=29 exactValid=False contractValid=True depth=None raw=164.03856779906783 parent=164.039 fp= | before Nonep/Noneb after Nonep/Noneb cap=None maxDisp=None moved=None resid=None | no violating pair to target with a joint re-placement
   ~ pairs=0 bnd=0 comp=0 maxComp=0 /7 ejected=0 /7 att=False maxMatDef=None maxEnvPush=None orders=0/0 swaps=0 compRep=0 compRef=0
[   4.0s] d-164.042568-22eddbf0-m31-e0.04: mode=31 exactValid=False contractValid=True depth=None raw=164.0425677990678 parent=164.043 fp= | before 0p/17b after 57p/2b cap=0.6789119999998547 maxDisp=0.6866279924384092 moved=55 resid=0.39189986507717856 | global legalization did not reach a feasible fixpoint: 57 violating pairs and 2 boundary p
[   3.6s] d-164.040568-e56f34ea-flat0.002-m28: mode=28 exactValid=False contractValid=True depth=None raw=164.03856779906783 parent=164.039 fp= | before Nonep/Noneb after Nonep/Noneb cap=None maxDisp=None moved=None resid=None | no violating pair to target with a re-placement
   ~ pairs=0 bnd=0 comp=0 maxComp=0 /7 ejected=0 /7 att=False maxMatDef=None maxEnvPush=None replaced=0 projConv=0 projFail=0
[   3.6s] d-164.040568-e56f34ea-flat0.003-m29: mode=29 exactValid=True contractValid=True depth=164.076 raw=164.0755677990678 parent=164.038 fp=afe69c355b90fe77 | before Nonep/Noneb after Nonep/Noneb cap=None maxDisp=None moved=None resid=None | 
   ~ pairs=1 bnd=0 comp=1 maxComp=2 /7 ejected=2 /7 att=True maxMatDef=None maxEnvPush=0.000286102294921875 orders=1/2 swaps=0 compRep=1 compRef=0
[   8.4s] d-164.042568-22eddbf0-m22: mode=22 exactValid=True contractValid=True depth=164.041 raw=164.0405677990678 parent=164.043 fp=399382147d218a05 | before Nonep/Noneb after Nonep/Noneb cap=None maxDisp=None moved=None resid=None | 
[   5.9s] d-164.040568-e56f34ea-flat0.003-m28: mode=28 exactValid=True contractValid=True depth=164.04 raw=164.0395677990678 parent=164.038 fp=edce9a61ca313c6d | before Nonep/Noneb after Nonep/Noneb cap=None maxDisp=None moved=None resid=None | 
   ~ pairs=1 bnd=0 comp=1 maxComp=2 /7 ejected=1 /7 att=True maxMatDef=None maxEnvPush=0.000286102294921875 replaced=1 projConv=1 projFail=0
[   7.8s] d-164.042568-22eddbf0-flat0.002-m29: mode=29 exactValid=False contractValid=True depth=None raw=164.0405677990678 parent=164.041 fp= | before Nonep/Noneb after Nonep/Noneb cap=None maxDisp=None moved=None resid=None | no violating pair to target with a joint re-placement
   ~ pairs=0 bnd=0 comp=0 maxComp=0 /7 ejected=0 /7 att=False maxMatDef=None maxEnvPush=None orders=0/0 swaps=0 compRep=0 compRef=0
[   8.1s] d-164.040568-e56f34ea-flat0.004-m29: mode=29 exactValid=True contractValid=True depth=164.039 raw=164.03856779906783 parent=164.037 fp=181c28e717ff6ef8 | before Nonep/Noneb after Nonep/Noneb cap=None maxDisp=None moved=None resid=None | 
   ~ pairs=3 bnd=0 comp=1 maxComp=4 /7 ejected=4 /7 att=True maxMatDef=None maxEnvPush=0.0008577108383178711 orders=1/24 swaps=0 compRep=1 compRef=0
[   8.9s] d-164.042568-22eddbf0-flat0.002-m28: mode=28 exactValid=False contractValid=True depth=None raw=164.0405677990678 parent=164.041 fp= | before Nonep/Noneb after Nonep/Noneb cap=None maxDisp=None moved=None resid=None | no violating pair to target with a re-placement
   ~ pairs=0 bnd=0 comp=0 maxComp=0 /7 ejected=0 /7 att=False maxMatDef=None maxEnvPush=None replaced=0 projConv=0 projFail=0
[   8.3s] d-164.040568-e56f34ea-flat0.004-m28: mode=28 exactValid=False contractValid=True depth=None raw=164.03656779906785 parent=164.037 fp= | before Nonep/Noneb after Nonep/Noneb cap=None maxDisp=None moved=None resid=None | no exact-valid pose for piece c5135087-12f0-44f9-bd91-4bcf67affd8b-copy-1 within the 164.5
   ~ pairs=3 bnd=0 comp=1 maxComp=4 /7 ejected=2 /7 att=True maxMatDef=None maxEnvPush=0.0008577108383178711 replaced=0 projConv=1 projFail=0
PHASE D hits in [164.0385,164.0406]: []
[   7.9s] d-164.042568-22eddbf0-flat0.003-m29: mode=29 exactValid=True contractValid=True depth=164.336 raw=164.3355677990678 parent=164.04 fp=057cd283ad8487d6 | before Nonep/Noneb after Nonep/Noneb cap=None maxDisp=None moved=None resid=None | 
   ~ pairs=1 bnd=0 comp=1 maxComp=2 /7 ejected=2 /7 att=True maxMatDef=None maxEnvPush=0.000286102294921875 orders=1/2 swaps=0 compRep=1 compRef=0
[   7.8s] d-164.042568-22eddbf0-flat0.003-m28: mode=28 exactValid=True contractValid=True depth=164.042 raw=164.04156779906782 parent=164.04 fp=cce2452bae9fc675 | before Nonep/Noneb after Nonep/Noneb cap=None maxDisp=None moved=None resid=None | 
   ~ pairs=1 bnd=0 comp=1 maxComp=2 /7 ejected=1 /7 att=True maxMatDef=None maxEnvPush=0.000286102294921875 replaced=1 projConv=1 projFail=0
[   7.7s] d-164.042568-22eddbf0-flat0.004-m29: mode=29 exactValid=True contractValid=True depth=164.041 raw=164.04056779906784 parent=164.039 fp=79464c679302c4fc | before Nonep/Noneb after Nonep/Noneb cap=None maxDisp=None moved=None resid=None | 
   ~ pairs=1 bnd=0 comp=1 maxComp=2 /7 ejected=2 /7 att=True maxMatDef=None maxEnvPush=0.0008577108383178711 orders=1/2 swaps=0 compRep=1 compRef=0
[   7.6s] d-164.042568-22eddbf0-flat0.004-m28: mode=28 exactValid=True contractValid=True depth=164.042 raw=164.04156779906782 parent=164.039 fp=54133ca597f6f6c4 | before Nonep/Noneb after Nonep/Noneb cap=None maxDisp=None moved=None resid=None | 
   ~ pairs=1 bnd=0 comp=1 maxComp=2 /7 ejected=1 /7 att=True maxMatDef=None maxEnvPush=0.0008577108383178711 replaced=1 projConv=1 projFail=0
-- pad /var/lib/t3/tmp/combo28-fs/pads/pad-164.042568-901b74da.json raw=164.0425677990678
[   6.6s] d-164.042568-901b74da-m31-e0.006: mode=31 exactValid=False contractValid=True depth=None raw=164.0425677990678 parent=164.043 fp= | before 0p/10b after 16p/1b cap=0.1349119999999857 maxDisp=0.19037857022259622 moved=55 resid=0.0154591286428115 | global legalization did not reach a feasible fixpoint: 16 violating pairs and 1 boundary p
[   7.1s] d-164.042568-901b74da-m31-e0.012: mode=31 exactValid=False contractValid=True depth=None raw=164.0425677990678 parent=164.043 fp= | before 0p/14b after 26p/2b cap=0.23091199999998935 maxDisp=0.28775857936819194 moved=55 resid=0.3925386709850717 | global legalization did not reach a feasible fixpoint: 26 violating pairs and 2 boundary p
[   7.5s] d-164.042568-901b74da-m31-e0.025: mode=31 exactValid=False contractValid=True depth=None raw=164.0425677990678 parent=164.043 fp= | before 0p/16b after 39p/2b cap=0.4389119999996183 maxDisp=0.4887228253314961 moved=55 resid=0.055717533039656264 | global legalization did not reach a feasible fixpoint: 39 violating pairs and 2 boundary p
[   8.1s] d-164.042568-901b74da-m31-e0.04: mode=31 exactValid=False contractValid=True depth=None raw=164.0425677990678 parent=164.043 fp= | before 0p/17b after 57p/2b cap=0.6789119999998547 maxDisp=0.6866279924384092 moved=55 resid=0.3918998650771828 | global legalization did not reach a feasible fixpoint: 57 violating pairs and 2 boundary p
[  11.5s] d-164.042568-901b74da-m22: mode=22 exactValid=True contractValid=True depth=164.041 raw=164.0405677990678 parent=164.043 fp=629e9688b0f8393e | before Nonep/Noneb after Nonep/Noneb cap=None maxDisp=None moved=None resid=None | 
[   3.1s] d-164.042568-901b74da-flat0.002-m29: mode=29 exactValid=False contractValid=True depth=None raw=164.0405677990678 parent=164.041 fp= | before Nonep/Noneb after Nonep/Noneb cap=None maxDisp=None moved=None resid=None | no violating pair to target with a joint re-placement
   ~ pairs=0 bnd=0 comp=0 maxComp=0 /7 ejected=0 /7 att=False maxMatDef=None maxEnvPush=None orders=0/0 swaps=0 compRep=0 compRef=0
[   3.1s] d-164.042568-901b74da-flat0.002-m28: mode=28 exactValid=False contractValid=True depth=None raw=164.0405677990678 parent=164.041 fp= | before Nonep/Noneb after Nonep/Noneb cap=None maxDisp=None moved=None resid=None | no violating pair to target with a re-placement
   ~ pairs=0 bnd=0 comp=0 maxComp=0 /7 ejected=0 /7 att=False maxMatDef=None maxEnvPush=None replaced=0 projConv=0 projFail=0
[   3.1s] d-164.042568-901b74da-flat0.003-m29: mode=29 exactValid=True contractValid=True depth=164.136 raw=164.13556779906781 parent=164.04 fp=43972e6c42583805 | before Nonep/Noneb after Nonep/Noneb cap=None maxDisp=None moved=None resid=None | 
   ~ pairs=1 bnd=0 comp=1 maxComp=2 /7 ejected=2 /7 att=True maxMatDef=None maxEnvPush=0.00030726194381713867 orders=2/2 swaps=0 compRep=1 compRef=0
[   3.1s] d-164.042568-901b74da-flat0.003-m28: mode=28 exactValid=True contractValid=True depth=164.042 raw=164.04156779906782 parent=164.04 fp=2ab564421613bf42 | before Nonep/Noneb after Nonep/Noneb cap=None maxDisp=None moved=None resid=None | 
   ~ pairs=1 bnd=0 comp=1 maxComp=2 /7 ejected=1 /7 att=True maxMatDef=None maxEnvPush=0.00030726194381713867 replaced=1 projConv=1 projFail=0
[   3.2s] d-164.042568-901b74da-flat0.004-m29: mode=29 exactValid=True contractValid=True depth=164.135 raw=164.13456779906784 parent=164.039 fp=e674f47640b7e168 | before Nonep/Noneb after Nonep/Noneb cap=None maxDisp=None moved=None resid=None | 
   ~ pairs=1 bnd=0 comp=1 maxComp=2 /7 ejected=2 /7 att=True maxMatDef=None maxEnvPush=0.00030726194381713867 orders=2/2 swaps=0 compRep=1 compRef=0
[   3.0s] d-164.042568-901b74da-flat0.004-m28: mode=28 exactValid=True contractValid=True depth=164.041 raw=164.04056779906784 parent=164.039 fp=e56f34ea043f3533 | before Nonep/Noneb after Nonep/Noneb cap=None maxDisp=None moved=None resid=None | 
   ~ pairs=1 bnd=0 comp=1 maxComp=2 /7 ejected=1 /7 att=True maxMatDef=None maxEnvPush=0.00030726194381713867 replaced=1 projConv=1 projFail=0
-- pad /var/lib/t3/tmp/combo28-fs/pads/pad-164.042568-e8168bc2.json raw=164.0425677990678
[   3.0s] d-164.042568-e8168bc2-m31-e0.006: mode=31 exactValid=False contractValid=True depth=None raw=164.0425677990678 parent=164.043 fp= | before 0p/11b after 15p/2b cap=0.1349119999999857 maxDisp=0.1964306493396588 moved=55 resid=0.015820655561644643 | global legalization did not reach a feasible fixpoint: 15 violating pairs and 2 boundary p
[   3.0s] d-164.042568-e8168bc2-m31-e0.012: mode=31 exactValid=False contractValid=True depth=None raw=164.0425677990678 parent=164.043 fp= | before 0p/14b after 25p/2b cap=0.23091199999998935 maxDisp=0.2505454050666266 moved=55 resid=0.02832824502316912 | global legalization did not reach a feasible fixpoint: 25 violating pairs and 2 boundary p
[   3.1s] d-164.042568-e8168bc2-m31-e0.025: mode=31 exactValid=False contractValid=True depth=None raw=164.0425677990678 parent=164.043 fp= | before 0p/16b after 40p/2b cap=0.4389119999996183 maxDisp=0.4869630376116857 moved=55 resid=0.055644513745308516 | global legalization did not reach a feasible fixpoint: 40 violating pairs and 2 boundary p
[   3.0s] d-164.042568-e8168bc2-m31-e0.04: mode=31 exactValid=False contractValid=True depth=None raw=164.0425677990678 parent=164.043 fp= | before 0p/17b after 57p/2b cap=0.6789119999998547 maxDisp=0.6866279924384092 moved=55 resid=0.3918998650771759 | global legalization did not reach a feasible fixpoint: 57 violating pairs and 2 boundary p
[   7.0s] d-164.042568-e8168bc2-m22: mode=22 exactValid=True contractValid=True depth=164.041 raw=164.0405677990678 parent=164.043 fp=b00967d10345994e | before Nonep/Noneb after Nonep/Noneb cap=None maxDisp=None moved=None resid=None | 
[   3.0s] d-164.042568-e8168bc2-flat0.002-m29: mode=29 exactValid=False contractValid=True depth=None raw=164.0405677990678 parent=164.041 fp= | before Nonep/Noneb after Nonep/Noneb cap=None maxDisp=None moved=None resid=None | no violating pair to target with a joint re-placement
   ~ pairs=0 bnd=0 comp=0 maxComp=0 /7 ejected=0 /7 att=False maxMatDef=None maxEnvPush=None orders=0/0 swaps=0 compRep=0 compRef=0
[   3.0s] d-164.042568-e8168bc2-flat0.002-m28: mode=28 exactValid=False contractValid=True depth=None raw=164.0405677990678 parent=164.041 fp= | before Nonep/Noneb after Nonep/Noneb cap=None maxDisp=None moved=None resid=None | no violating pair to target with a re-placement
   ~ pairs=0 bnd=0 comp=0 maxComp=0 /7 ejected=0 /7 att=False maxMatDef=None maxEnvPush=None replaced=0 projConv=0 projFail=0
[   3.0s] d-164.042568-e8168bc2-flat0.003-m29: mode=29 exactValid=True contractValid=True depth=164.336 raw=164.3355677990678 parent=164.04 fp=958270a8e290a55b | before Nonep/Noneb after Nonep/Noneb cap=None maxDisp=None moved=None resid=None | 
   ~ pairs=1 bnd=0 comp=1 maxComp=2 /7 ejected=2 /7 att=True maxMatDef=None maxEnvPush=0.000286102294921875 orders=1/2 swaps=0 compRep=1 compRef=0
[   3.0s] d-164.042568-e8168bc2-flat0.003-m28: mode=28 exactValid=True contractValid=True depth=164.042 raw=164.04156779906782 parent=164.04 fp=28cc4098928243f4 | before Nonep/Noneb after Nonep/Noneb cap=None maxDisp=None moved=None resid=None | 
   ~ pairs=1 bnd=0 comp=1 maxComp=2 /7 ejected=1 /7 att=True maxMatDef=None maxEnvPush=0.000286102294921875 replaced=1 projConv=1 projFail=0
[   2.9s] d-164.042568-e8168bc2-flat0.004-m29: mode=29 exactValid=True contractValid=True depth=164.04 raw=164.0395677990678 parent=164.039 fp=f3c83d58383c5e3e | before Nonep/Noneb after Nonep/Noneb cap=None maxDisp=None moved=None resid=None | 
   ~ pairs=1 bnd=0 comp=1 maxComp=2 /7 ejected=2 /7 att=True maxMatDef=None maxEnvPush=0.0005155801773071289 orders=1/2 swaps=0 compRep=1 compRef=0
[   2.9s] d-164.042568-e8168bc2-flat0.004-m28: mode=28 exactValid=True contractValid=True depth=164.042 raw=164.04156779906782 parent=164.039 fp=28cc4098928243f4 | before Nonep/Noneb after Nonep/Noneb cap=None maxDisp=None moved=None resid=None | 
   ~ pairs=1 bnd=0 comp=1 maxComp=2 /7 ejected=1 /7 att=True maxMatDef=None maxEnvPush=0.0005155801773071289 replaced=1 projConv=1 projFail=0
-- pad /var/lib/t3/tmp/combo28-fs/pads/pad-164.042568-f01ac748.json raw=164.0425677990678
[   2.8s] d-164.042568-f01ac748-m31-e0.006: mode=31 exactValid=False contractValid=True depth=None raw=164.0425677990678 parent=164.043 fp= | before 0p/11b after 15p/2b cap=0.1349119999999857 maxDisp=0.1964306493396588 moved=55 resid=0.015752700456432053 | global legalization did not reach a feasible fixpoint: 15 violating pairs and 2 boundary p
[   2.9s] d-164.042568-f01ac748-m31-e0.012: mode=31 exactValid=False contractValid=True depth=None raw=164.0425677990678 parent=164.043 fp= | before 0p/14b after 26p/2b cap=0.23091199999998935 maxDisp=0.2505454050666266 moved=55 resid=0.02827946658974865 | global legalization did not reach a feasible fixpoint: 26 violating pairs and 2 boundary p
[   2.9s] d-164.042568-f01ac748-m31-e0.025: mode=31 exactValid=False contractValid=True depth=None raw=164.0425677990678 parent=164.043 fp= | before 0p/16b after 47p/2b cap=0.4389119999996183 maxDisp=0.544016543866085 moved=55 resid=0.39243696287017116 | global legalization did not reach a feasible fixpoint: 47 violating pairs and 2 boundary p
[   2.9s] d-164.042568-f01ac748-m31-e0.04: mode=31 exactValid=False contractValid=True depth=None raw=164.0425677990678 parent=164.043 fp= | before 0p/17b after 57p/2b cap=0.6789119999998547 maxDisp=0.6866279924384092 moved=55 resid=0.39189986507717856 | global legalization did not reach a feasible fixpoint: 57 violating pairs and 2 boundary p
[   6.8s] d-164.042568-f01ac748-m22: mode=22 exactValid=True contractValid=True depth=164.041 raw=164.0405677990678 parent=164.043 fp=6fb7dc652b02f196 | before Nonep/Noneb after Nonep/Noneb cap=None maxDisp=None moved=None resid=None | 
[   2.9s] d-164.042568-f01ac748-flat0.002-m29: mode=29 exactValid=False contractValid=True depth=None raw=164.0405677990678 parent=164.041 fp= | before Nonep/Noneb after Nonep/Noneb cap=None maxDisp=None moved=None resid=None | no violating pair to target with a joint re-placement
   ~ pairs=0 bnd=0 comp=0 maxComp=0 /7 ejected=0 /7 att=False maxMatDef=None maxEnvPush=None orders=0/0 swaps=0 compRep=0 compRef=0
[   3.0s] d-164.042568-f01ac748-flat0.002-m28: mode=28 exactValid=False contractValid=True depth=None raw=164.0405677990678 parent=164.041 fp= | before Nonep/Noneb after Nonep/Noneb cap=None maxDisp=None moved=None resid=None | no violating pair to target with a re-placement
   ~ pairs=0 bnd=0 comp=0 maxComp=0 /7 ejected=0 /7 att=False maxMatDef=None maxEnvPush=None replaced=0 projConv=0 projFail=0
[   3.0s] d-164.042568-f01ac748-flat0.003-m29: mode=29 exactValid=True contractValid=True depth=164.336 raw=164.3355677990678 parent=164.04 fp=cf750a6c411999c1 | before Nonep/Noneb after Nonep/Noneb cap=None maxDisp=None moved=None resid=None | 
   ~ pairs=1 bnd=0 comp=1 maxComp=2 /7 ejected=2 /7 att=True maxMatDef=None maxEnvPush=0.000286102294921875 orders=1/2 swaps=0 compRep=1 compRef=0
[   3.0s] d-164.042568-f01ac748-flat0.003-m28: mode=28 exactValid=True contractValid=True depth=164.042 raw=164.04156779906782 parent=164.04 fp=35f8283b8dc3b166 | before Nonep/Noneb after Nonep/Noneb cap=None maxDisp=None moved=None resid=None | 
   ~ pairs=1 bnd=0 comp=1 maxComp=2 /7 ejected=1 /7 att=True maxMatDef=None maxEnvPush=0.000286102294921875 replaced=1 projConv=1 projFail=0
[   3.0s] d-164.042568-f01ac748-flat0.004-m29: mode=29 exactValid=True contractValid=True depth=164.04 raw=164.0395677990678 parent=164.039 fp=2638b05d40f9aa41 | before Nonep/Noneb after Nonep/Noneb cap=None maxDisp=None moved=None resid=None | 
   ~ pairs=1 bnd=0 comp=1 maxComp=2 /7 ejected=2 /7 att=True maxMatDef=None maxEnvPush=0.0005155801773071289 orders=1/2 swaps=0 compRep=1 compRef=0
[   3.0s] d-164.042568-f01ac748-flat0.004-m28: mode=28 exactValid=True contractValid=True depth=164.042 raw=164.04156779906782 parent=164.039 fp=35f8283b8dc3b166 | before Nonep/Noneb after Nonep/Noneb cap=None maxDisp=None moved=None resid=None | 
   ~ pairs=1 bnd=0 comp=1 maxComp=2 /7 ejected=1 /7 att=True maxMatDef=None maxEnvPush=0.0005155801773071289 replaced=1 projConv=1 projFail=0
-- pad /var/lib/t3/tmp/combo28-fs/pads/pad-164.043568-d3ff28e6.json raw=164.04356779906783
[   3.0s] d-164.043568-d3ff28e6-m31-e0.006: mode=31 exactValid=False contractValid=True depth=None raw=164.04356779906783 parent=164.044 fp= | before 0p/9b after 14p/1b cap=0.1349119999999857 maxDisp=0.18054362353736006 moved=54 resid=0.01392015880814031 | global legalization did not reach a feasible fixpoint: 14 violating pairs and 1 boundary p
[   3.0s] d-164.043568-d3ff28e6-m31-e0.012: mode=31 exactValid=False contractValid=True depth=None raw=164.04356779906783 parent=164.044 fp= | before 0p/12b after 15p/2b cap=0.23091199999998935 maxDisp=0.2354230235129946 moved=55 resid=0.023723923486267114 | global legalization did not reach a feasible fixpoint: 15 violating pairs and 2 boundary p
[   3.0s] d-164.043568-d3ff28e6-m31-e0.025: mode=31 exactValid=False contractValid=True depth=None raw=164.04356779906783 parent=164.044 fp= | before 0p/16b after 50p/2b cap=0.438912000000073 maxDisp=0.47019676732193727 moved=54 resid=0.39205553657494785 | global legalization did not reach a feasible fixpoint: 50 violating pairs and 2 boundary p
[   3.0s] d-164.043568-d3ff28e6-m31-e0.04: mode=31 exactValid=False contractValid=True depth=None raw=164.04356779906783 parent=164.044 fp= | before 0p/17b after 57p/2b cap=0.6789119999998547 maxDisp=0.6858228634275764 moved=55 resid=0.3918998650771792 | global legalization did not reach a feasible fixpoint: 57 violating pairs and 2 boundary p
[   7.2s] d-164.043568-d3ff28e6-m22: mode=22 exactValid=True contractValid=True depth=164.041 raw=164.0405677990678 parent=164.044 fp=8b5ad2325d1cc87e | before Nonep/Noneb after Nonep/Noneb cap=None maxDisp=None moved=None resid=None | 
[   3.0s] d-164.043568-d3ff28e6-flat0.002-m29: mode=29 exactValid=False contractValid=True depth=None raw=164.04156779906782 parent=164.042 fp= | before Nonep/Noneb after Nonep/Noneb cap=None maxDisp=None moved=None resid=None | no violating pair to target with a joint re-placement
   ~ pairs=0 bnd=0 comp=0 maxComp=0 /7 ejected=0 /7 att=False maxMatDef=None maxEnvPush=None orders=0/0 swaps=0 compRep=0 compRef=0
[   2.9s] d-164.043568-d3ff28e6-flat0.002-m28: mode=28 exactValid=False contractValid=True depth=None raw=164.04156779906782 parent=164.042 fp= | before Nonep/Noneb after Nonep/Noneb cap=None maxDisp=None moved=None resid=None | no violating pair to target with a re-placement
   ~ pairs=0 bnd=0 comp=0 maxComp=0 /7 ejected=0 /7 att=False maxMatDef=None maxEnvPush=None replaced=0 projConv=0 projFail=0
[   3.2s] d-164.043568-d3ff28e6-flat0.003-m29: mode=29 exactValid=False contractValid=True depth=None raw=164.04056779906784 parent=164.041 fp= | before Nonep/Noneb after Nonep/Noneb cap=None maxDisp=None moved=None resid=None | no violating pair to target with a joint re-placement
   ~ pairs=0 bnd=0 comp=0 maxComp=0 /7 ejected=0 /7 att=False maxMatDef=None maxEnvPush=None orders=0/0 swaps=0 compRep=0 compRef=0
[   3.1s] d-164.043568-d3ff28e6-flat0.003-m28: mode=28 exactValid=False contractValid=True depth=None raw=164.04056779906784 parent=164.041 fp= | before Nonep/Noneb after Nonep/Noneb cap=None maxDisp=None moved=None resid=None | no violating pair to target with a re-placement
   ~ pairs=0 bnd=0 comp=0 maxComp=0 /7 ejected=0 /7 att=False maxMatDef=None maxEnvPush=None replaced=0 projConv=0 projFail=0
[   3.6s] d-164.043568-d3ff28e6-flat0.004-m29: mode=29 exactValid=True contractValid=True depth=164.336 raw=164.3355677990678 parent=164.04 fp=b482bb9ba65afe6b | before Nonep/Noneb after Nonep/Noneb cap=None maxDisp=None moved=None resid=None | 
   ~ pairs=1 bnd=0 comp=1 maxComp=2 /7 ejected=2 /7 att=True maxMatDef=None maxEnvPush=0.000286102294921875 orders=1/2 swaps=0 compRep=1 compRef=0
[   3.6s] d-164.043568-d3ff28e6-flat0.004-m28: mode=28 exactValid=True contractValid=True depth=164.042 raw=164.04156779906782 parent=164.04 fp=10d24f1f162aa049 | before Nonep/Noneb after Nonep/Noneb cap=None maxDisp=None moved=None resid=None | 
   ~ pairs=1 bnd=0 comp=1 maxComp=2 /7 ejected=1 /7 att=True maxMatDef=None maxEnvPush=0.000286102294921875 replaced=1 projConv=1 projFail=0
-- pad /var/lib/t3/tmp/combo28-fs/pads/pad-164.044568-69078fa5.json raw=164.0445677990678
[   3.5s] d-164.044568-69078fa5-m31-e0.006: mode=31 exactValid=False contractValid=True depth=None raw=164.0445677990678 parent=164.045 fp= | before 0p/9b after 12p/0b cap=0.1349119999999857 maxDisp=0.15604166110369372 moved=54 resid=0.011984201390084354 | global legalization did not reach a feasible fixpoint: 12 violating pairs and 0 boundary p
[   3.3s] d-164.044568-69078fa5-m31-e0.012: mode=31 exactValid=False contractValid=True depth=None raw=164.0445677990678 parent=164.045 fp= | before 0p/12b after 20p/2b cap=0.23091199999998935 maxDisp=0.25088044961694406 moved=55 resid=0.026711809195374046 | global legalization did not reach a feasible fixpoint: 20 violating pairs and 2 boundary p
[   4.1s] d-164.044568-69078fa5-m31-e0.025: mode=31 exactValid=False contractValid=True depth=None raw=164.0445677990678 parent=164.045 fp= | before 0p/16b after 42p/2b cap=0.438912000000073 maxDisp=0.46857763497631855 moved=55 resid=0.05280123186782276 | global legalization did not reach a feasible fixpoint: 42 violating pairs and 2 boundary p
[   3.2s] d-164.044568-69078fa5-m31-e0.04: mode=31 exactValid=False contractValid=True depth=None raw=164.0445677990678 parent=164.045 fp= | before 0p/17b after 55p/2b cap=0.6789119999998547 maxDisp=0.6880261622932663 moved=55 resid=0.3921750799406696 | global legalization did not reach a feasible fixpoint: 55 violating pairs and 2 boundary p
[   7.3s] d-164.044568-69078fa5-m22: mode=22 exactValid=True contractValid=True depth=164.041 raw=164.04056779906784 parent=164.045 fp=8b5ad2325d1cc87e | before Nonep/Noneb after Nonep/Noneb cap=None maxDisp=None moved=None resid=None | 
[   2.8s] d-164.044568-69078fa5-flat0.002-m29: mode=29 exactValid=False contractValid=True depth=None raw=164.0425677990678 parent=164.043 fp= | before Nonep/Noneb after Nonep/Noneb cap=None maxDisp=None moved=None resid=None | no violating pair to target with a joint re-placement
   ~ pairs=0 bnd=0 comp=0 maxComp=0 /7 ejected=0 /7 att=False maxMatDef=None maxEnvPush=None orders=0/0 swaps=0 compRep=0 compRef=0
[   2.8s] d-164.044568-69078fa5-flat0.002-m28: mode=28 exactValid=False contractValid=True depth=None raw=164.0425677990678 parent=164.043 fp= | before Nonep/Noneb after Nonep/Noneb cap=None maxDisp=None moved=None resid=None | no violating pair to target with a re-placement
   ~ pairs=0 bnd=0 comp=0 maxComp=0 /7 ejected=0 /7 att=False maxMatDef=None maxEnvPush=None replaced=0 projConv=0 projFail=0
[   3.0s] d-164.044568-69078fa5-flat0.003-m29: mode=29 exactValid=False contractValid=True depth=None raw=164.04156779906782 parent=164.042 fp= | before Nonep/Noneb after Nonep/Noneb cap=None maxDisp=None moved=None resid=None | no violating pair to target with a joint re-placement
   ~ pairs=0 bnd=0 comp=0 maxComp=0 /7 ejected=0 /7 att=False maxMatDef=None maxEnvPush=None orders=0/0 swaps=0 compRep=0 compRef=0
[   2.9s] d-164.044568-69078fa5-flat0.003-m28: mode=28 exactValid=False contractValid=True depth=None raw=164.04156779906782 parent=164.042 fp= | before Nonep/Noneb after Nonep/Noneb cap=None maxDisp=None moved=None resid=None | no violating pair to target with a re-placement
   ~ pairs=0 bnd=0 comp=0 maxComp=0 /7 ejected=0 /7 att=False maxMatDef=None maxEnvPush=None replaced=0 projConv=0 projFail=0
[   2.9s] d-164.044568-69078fa5-flat0.004-m29: mode=29 exactValid=False contractValid=True depth=None raw=164.04056779906784 parent=164.041 fp= | before Nonep/Noneb after Nonep/Noneb cap=None maxDisp=None moved=None resid=None | no violating pair to target with a joint re-placement
   ~ pairs=0 bnd=0 comp=0 maxComp=0 /7 ejected=0 /7 att=False maxMatDef=None maxEnvPush=None orders=0/0 swaps=0 compRep=0 compRef=0
[   2.9s] d-164.044568-69078fa5-flat0.004-m28: mode=28 exactValid=False contractValid=True depth=None raw=164.04056779906784 parent=164.041 fp= | before Nonep/Noneb after Nonep/Noneb cap=None maxDisp=None moved=None resid=None | no violating pair to target with a re-placement
   ~ pairs=0 bnd=0 comp=0 maxComp=0 /7 ejected=0 /7 att=False maxMatDef=None maxEnvPush=None replaced=0 projConv=0 projFail=0
-- pad /var/lib/t3/tmp/combo28-fs/pads/pad-164.045568-fb7ac88d.json raw=164.04556779906784
[   2.9s] d-164.045568-fb7ac88d-m31-e0.006: mode=31 exactValid=False contractValid=True depth=None raw=164.04556779906784 parent=164.046 fp= | before 0p/8b after 14p/0b cap=0.1349119999999857 maxDisp=0.17069563556224865 moved=54 resid=0.011911653373354108 | global legalization did not reach a feasible fixpoint: 14 violating pairs and 0 boundary p
[   2.9s] d-164.045568-fb7ac88d-m31-e0.012: mode=31 exactValid=False contractValid=True depth=None raw=164.04556779906784 parent=164.046 fp= | before 0p/11b after 17p/2b cap=0.23091199999998935 maxDisp=0.231 moved=53 resid=0.17500826052598287 | global legalization did not reach a feasible fixpoint: 17 violating pairs and 2 boundary p
[   2.9s] d-164.045568-fb7ac88d-m31-e0.025: mode=31 exactValid=False contractValid=True depth=None raw=164.04556779906784 parent=164.046 fp= | before 0p/16b after 39p/2b cap=0.438912000000073 maxDisp=0.45707329827938975 moved=55 resid=0.05110824908795604 | global legalization did not reach a feasible fixpoint: 39 violating pairs and 2 boundary p
[   2.9s] d-164.045568-fb7ac88d-m31-e0.04: mode=31 exactValid=False contractValid=True depth=None raw=164.04556779906784 parent=164.046 fp= | before 0p/17b after 57p/2b cap=0.6789119999998547 maxDisp=0.6886196337601769 moved=55 resid=0.39174755604226075 | global legalization did not reach a feasible fixpoint: 57 violating pairs and 2 boundary p
[   7.0s] d-164.045568-fb7ac88d-m22: mode=22 exactValid=True contractValid=True depth=164.042 raw=164.04156779906782 parent=164.046 fp=66e80892105b8b6f | before Nonep/Noneb after Nonep/Noneb cap=None maxDisp=None moved=None resid=None | 
[   3.0s] d-164.045568-fb7ac88d-flat0.002-m29: mode=29 exactValid=False contractValid=True depth=None raw=164.04356779906783 parent=164.044 fp= | before Nonep/Noneb after Nonep/Noneb cap=None maxDisp=None moved=None resid=None | no violating pair to target with a joint re-placement
   ~ pairs=0 bnd=0 comp=0 maxComp=0 /7 ejected=0 /7 att=False maxMatDef=None maxEnvPush=None orders=0/0 swaps=0 compRep=0 compRef=0
[   2.8s] d-164.045568-fb7ac88d-flat0.002-m28: mode=28 exactValid=False contractValid=True depth=None raw=164.04356779906783 parent=164.044 fp= | before Nonep/Noneb after Nonep/Noneb cap=None maxDisp=None moved=None resid=None | no violating pair to target with a re-placement
   ~ pairs=0 bnd=0 comp=0 maxComp=0 /7 ejected=0 /7 att=False maxMatDef=None maxEnvPush=None replaced=0 projConv=0 projFail=0
[   2.9s] d-164.045568-fb7ac88d-flat0.003-m29: mode=29 exactValid=False contractValid=True depth=None raw=164.04256779906785 parent=164.043 fp= | before Nonep/Noneb after Nonep/Noneb cap=None maxDisp=None moved=None resid=None | no violating pair to target with a joint re-placement
   ~ pairs=0 bnd=0 comp=0 maxComp=0 /7 ejected=0 /7 att=False maxMatDef=None maxEnvPush=None orders=0/0 swaps=0 compRep=0 compRef=0
[   3.0s] d-164.045568-fb7ac88d-flat0.003-m28: mode=28 exactValid=False contractValid=True depth=None raw=164.04256779906785 parent=164.043 fp= | before Nonep/Noneb after Nonep/Noneb cap=None maxDisp=None moved=None resid=None | no violating pair to target with a re-placement
   ~ pairs=0 bnd=0 comp=0 maxComp=0 /7 ejected=0 /7 att=False maxMatDef=None maxEnvPush=None replaced=0 projConv=0 projFail=0
[   3.0s] d-164.045568-fb7ac88d-flat0.004-m29: mode=29 exactValid=False contractValid=True depth=None raw=164.04156779906782 parent=164.042 fp= | before Nonep/Noneb after Nonep/Noneb cap=None maxDisp=None moved=None resid=None | no violating pair to target with a joint re-placement
   ~ pairs=0 bnd=0 comp=0 maxComp=0 /7 ejected=0 /7 att=False maxMatDef=None maxEnvPush=None orders=0/0 swaps=0 compRep=0 compRef=0
[   3.0s] d-164.045568-fb7ac88d-flat0.004-m28: mode=28 exactValid=False contractValid=True depth=None raw=164.04156779906782 parent=164.042 fp= | before Nonep/Noneb after Nonep/Noneb cap=None maxDisp=None moved=None resid=None | no violating pair to target with a re-placement
   ~ pairs=0 bnd=0 comp=0 maxComp=0 /7 ejected=0 /7 att=False maxMatDef=None maxEnvPush=None replaced=0 projConv=0 projFail=0
-- pad /var/lib/t3/tmp/combo28-fs/pads/pad-164.062585-46d8bd7c.json raw=164.06258495038523
[   3.0s] d-164.062585-46d8bd7c-m31-e0.006: mode=31 exactValid=True contractValid=True depth=164.051 raw=164.05058495038523 parent=164.063 fp=43e43b1a1cf8503d | before 0p/1b after 0p/0b cap=0.18263999999999214 maxDisp=0.0360555127546399 moved=6 resid=0.00041462456446708304 | 
[   3.0s] d-164.062585-46d8bd7c-m31-e0.012: mode=31 exactValid=True contractValid=True depth=164.047 raw=164.04656779906782 parent=164.063 fp=bbd4f1486b7cc949 | before 0p/1b after 0p/0b cap=0.2786399999999958 maxDisp=0.11047624178980746 moved=33 resid=0.0004277104793611483 | 
[   3.1s] d-164.062585-46d8bd7c-m31-e0.025: mode=31 exactValid=False contractValid=True depth=None raw=164.06258495038523 parent=164.063 fp= | before 0p/8b after 2p/1b cap=0.48664000000007945 maxDisp=0.35616849944934775 moved=54 resid=0.028139584855303806 | global legalization did not reach a feasible fixpoint: 2 violating pairs and 1 boundary pi
[   3.0s] d-164.062585-46d8bd7c-m31-e0.04: mode=31 exactValid=False contractValid=True depth=None raw=164.06258495038523 parent=164.063 fp= | before 0p/16b after 29p/2b cap=0.7266400000003159 maxDisp=0.7422108864736491 moved=55 resid=0.06428418360086771 | global legalization did not reach a feasible fixpoint: 29 violating pairs and 2 boundary p
[   6.9s] d-164.062585-46d8bd7c-m22: mode=22 exactValid=True contractValid=True depth=164.056 raw=164.05558495038522 parent=164.063 fp=ad8b5ec6ebba7a4d | before Nonep/Noneb after Nonep/Noneb cap=None maxDisp=None moved=None resid=None | 
[   3.0s] d-164.062585-46d8bd7c-flat0.002-m29: mode=29 exactValid=False contractValid=True depth=None raw=164.06058495038522 parent=164.061 fp= | before Nonep/Noneb after Nonep/Noneb cap=None maxDisp=None moved=None resid=None | no violating pair to target with a joint re-placement
   ~ pairs=0 bnd=0 comp=0 maxComp=0 /7 ejected=0 /7 att=False maxMatDef=None maxEnvPush=None orders=0/0 swaps=0 compRep=0 compRef=0
[   3.0s] d-164.062585-46d8bd7c-flat0.002-m28: mode=28 exactValid=False contractValid=True depth=None raw=164.06058495038522 parent=164.061 fp= | before Nonep/Noneb after Nonep/Noneb cap=None maxDisp=None moved=None resid=None | no violating pair to target with a re-placement
   ~ pairs=0 bnd=0 comp=0 maxComp=0 /7 ejected=0 /7 att=False maxMatDef=None maxEnvPush=None replaced=0 projConv=0 projFail=0
[   3.0s] d-164.062585-46d8bd7c-flat0.003-m29: mode=29 exactValid=False contractValid=True depth=None raw=164.05958495038524 parent=164.06 fp= | before Nonep/Noneb after Nonep/Noneb cap=None maxDisp=None moved=None resid=None | no violating pair to target with a joint re-placement
   ~ pairs=0 bnd=0 comp=0 maxComp=0 /7 ejected=0 /7 att=False maxMatDef=None maxEnvPush=None orders=0/0 swaps=0 compRep=0 compRef=0
[   3.3s] d-164.062585-46d8bd7c-flat0.003-m28: mode=28 exactValid=False contractValid=True depth=None raw=164.05958495038524 parent=164.06 fp= | before Nonep/Noneb after Nonep/Noneb cap=None maxDisp=None moved=None resid=None | no violating pair to target with a re-placement
   ~ pairs=0 bnd=0 comp=0 maxComp=0 /7 ejected=0 /7 att=False maxMatDef=None maxEnvPush=None replaced=0 projConv=0 projFail=0
[   3.5s] d-164.062585-46d8bd7c-flat0.004-m29: mode=29 exactValid=False contractValid=True depth=None raw=164.05858495038524 parent=164.059 fp= | before Nonep/Noneb after Nonep/Noneb cap=None maxDisp=None moved=None resid=None | no violating pair to target with a joint re-placement
   ~ pairs=0 bnd=0 comp=0 maxComp=0 /7 ejected=0 /7 att=False maxMatDef=None maxEnvPush=None orders=0/0 swaps=0 compRep=0 compRef=0
[   3.3s] d-164.062585-46d8bd7c-flat0.004-m28: mode=28 exactValid=False contractValid=True depth=None raw=164.05858495038524 parent=164.059 fp= | before Nonep/Noneb after Nonep/Noneb cap=None maxDisp=None moved=None resid=None | no violating pair to target with a re-placement
   ~ pairs=0 bnd=0 comp=0 maxComp=0 /7 ejected=0 /7 att=False maxMatDef=None maxEnvPush=None replaced=0 projConv=0 projFail=0
-- pad /var/lib/t3/tmp/combo28-fs/pads/pad-164.062585-f9d7a3a1.json raw=164.06258495038523
[   3.0s] d-164.062585-f9d7a3a1-m31-e0.006: mode=31 exactValid=True contractValid=True depth=164.051 raw=164.05058495038523 parent=164.063 fp=1e516c961393da18 | before 0p/1b after 0p/0b cap=0.18263999999999214 maxDisp=0.0360555127546399 moved=6 resid=0.00041462456446708304 | 
[   3.0s] d-164.062585-f9d7a3a1-m31-e0.012: mode=31 exactValid=True contractValid=True depth=164.047 raw=164.04656779906782 parent=164.063 fp=5102ed7efd0157ce | before 0p/1b after 0p/0b cap=0.2786399999999958 maxDisp=0.11047624178980746 moved=33 resid=0.0004277104793611483 | 
[   3.1s] d-164.062585-f9d7a3a1-m31-e0.025: mode=31 exactValid=False contractValid=True depth=None raw=164.06258495038523 parent=164.063 fp= | before 0p/8b after 2p/1b cap=0.48664000000007945 maxDisp=0.486805916151396 moved=54 resid=0.0413437894209269 | global legalization did not reach a feasible fixpoint: 2 violating pairs and 1 boundary pi
[   3.0s] d-164.062585-f9d7a3a1-m31-e0.04: mode=31 exactValid=False contractValid=True depth=None raw=164.06258495038523 parent=164.063 fp= | before 0p/16b after 29p/2b cap=0.7266400000003159 maxDisp=0.7422108864736491 moved=55 resid=0.06428414802976284 | global legalization did not reach a feasible fixpoint: 29 violating pairs and 2 boundary p
[   6.7s] d-164.062585-f9d7a3a1-m22: mode=22 exactValid=True contractValid=True depth=164.056 raw=164.05558495038522 parent=164.063 fp=b71d3cac8e1f410c | before Nonep/Noneb after Nonep/Noneb cap=None maxDisp=None moved=None resid=None | 
[   2.9s] d-164.062585-f9d7a3a1-flat0.002-m29: mode=29 exactValid=False contractValid=True depth=None raw=164.06058495038522 parent=164.061 fp= | before Nonep/Noneb after Nonep/Noneb cap=None maxDisp=None moved=None resid=None | no violating pair to target with a joint re-placement
   ~ pairs=0 bnd=0 comp=0 maxComp=0 /7 ejected=0 /7 att=False maxMatDef=None maxEnvPush=None orders=0/0 swaps=0 compRep=0 compRef=0
[   2.9s] d-164.062585-f9d7a3a1-flat0.002-m28: mode=28 exactValid=False contractValid=True depth=None raw=164.06058495038522 parent=164.061 fp= | before Nonep/Noneb after Nonep/Noneb cap=None maxDisp=None moved=None resid=None | no violating pair to target with a re-placement
   ~ pairs=0 bnd=0 comp=0 maxComp=0 /7 ejected=0 /7 att=False maxMatDef=None maxEnvPush=None replaced=0 projConv=0 projFail=0
[   2.8s] d-164.062585-f9d7a3a1-flat0.003-m29: mode=29 exactValid=False contractValid=True depth=None raw=164.05958495038524 parent=164.06 fp= | before Nonep/Noneb after Nonep/Noneb cap=None maxDisp=None moved=None resid=None | no violating pair to target with a joint re-placement
   ~ pairs=0 bnd=0 comp=0 maxComp=0 /7 ejected=0 /7 att=False maxMatDef=None maxEnvPush=None orders=0/0 swaps=0 compRep=0 compRef=0
[   2.9s] d-164.062585-f9d7a3a1-flat0.003-m28: mode=28 exactValid=False contractValid=True depth=None raw=164.05958495038524 parent=164.06 fp= | before Nonep/Noneb after Nonep/Noneb cap=None maxDisp=None moved=None resid=None | no violating pair to target with a re-placement
   ~ pairs=0 bnd=0 comp=0 maxComp=0 /7 ejected=0 /7 att=False maxMatDef=None maxEnvPush=None replaced=0 projConv=0 projFail=0
[   2.9s] d-164.062585-f9d7a3a1-flat0.004-m29: mode=29 exactValid=False contractValid=True depth=None raw=164.05858495038524 parent=164.059 fp= | before Nonep/Noneb after Nonep/Noneb cap=None maxDisp=None moved=None resid=None | no violating pair to target with a joint re-placement
   ~ pairs=0 bnd=0 comp=0 maxComp=0 /7 ejected=0 /7 att=False maxMatDef=None maxEnvPush=None orders=0/0 swaps=0 compRep=0 compRef=0
[   2.9s] d-164.062585-f9d7a3a1-flat0.004-m28: mode=28 exactValid=False contractValid=True depth=None raw=164.05858495038524 parent=164.059 fp= | before Nonep/Noneb after Nonep/Noneb cap=None maxDisp=None moved=None resid=None | no violating pair to target with a re-placement
   ~ pairs=0 bnd=0 comp=0 maxComp=0 /7 ejected=0 /7 att=False maxMatDef=None maxEnvPush=None replaced=0 projConv=0 projFail=0
-- pad /var/lib/t3/tmp/combo28-fs/pads/pad-164.075568-5a4eeaee.json raw=164.0755677990678
[   2.8s] d-164.075568-5a4eeaee-m31-e0.006: mode=31 exactValid=True contractValid=True depth=164.066 raw=164.06556779906782 parent=164.076 fp=a764042fe52aac68 | before 0p/1b after 0p/0b cap=0.1349119999999857 maxDisp=0.01 moved=1 resid=0.0 | 
[   2.9s] d-164.075568-5a4eeaee-m31-e0.012: mode=31 exactValid=True contractValid=True depth=164.06 raw=164.05956779906785 parent=164.076 fp=b7ababa88c246ed6 | before 0p/1b after 0p/0b cap=0.23091199999998935 maxDisp=0.016 moved=1 resid=0.0 | 
[   2.9s] d-164.075568-5a4eeaee-m31-e0.025: mode=31 exactValid=True contractValid=True depth=164.047 raw=164.04656779906782 parent=164.076 fp=973acf131bbb1836 | before 0p/1b after 0p/0b cap=0.438912000000073 maxDisp=0.029 moved=1 resid=0.0002455888137167239 | 
[   3.1s] d-164.075568-5a4eeaee-m31-e0.04: mode=31 exactValid=False contractValid=True depth=None raw=164.0755677990678 parent=164.076 fp= | before 0p/11b after 3p/2b cap=0.6789119999998547 maxDisp=0.4217119870243197 moved=55 resid=0.016106764778627904 | global legalization did not reach a feasible fixpoint: 3 violating pairs and 2 boundary pi
[   6.8s] d-164.075568-5a4eeaee-m22: mode=22 exactValid=True contractValid=True depth=164.04 raw=164.0395677990678 parent=164.076 fp=85a1df686c83d93c | before Nonep/Noneb after Nonep/Noneb cap=None maxDisp=None moved=None resid=None | 
[   2.8s] d-164.075568-5a4eeaee-flat0.002-m29: mode=29 exactValid=False contractValid=True depth=None raw=164.0735677990678 parent=164.074 fp= | before Nonep/Noneb after Nonep/Noneb cap=None maxDisp=None moved=None resid=None | no violating pair to target with a joint re-placement
   ~ pairs=0 bnd=0 comp=0 maxComp=0 /7 ejected=0 /7 att=False maxMatDef=None maxEnvPush=None orders=0/0 swaps=0 compRep=0 compRef=0
[   2.8s] d-164.075568-5a4eeaee-flat0.002-m28: mode=28 exactValid=False contractValid=True depth=None raw=164.0735677990678 parent=164.074 fp= | before Nonep/Noneb after Nonep/Noneb cap=None maxDisp=None moved=None resid=None | no violating pair to target with a re-placement
   ~ pairs=0 bnd=0 comp=0 maxComp=0 /7 ejected=0 /7 att=False maxMatDef=None maxEnvPush=None replaced=0 projConv=0 projFail=0
[   2.9s] d-164.075568-5a4eeaee-flat0.003-m29: mode=29 exactValid=False contractValid=True depth=None raw=164.07256779906783 parent=164.073 fp= | before Nonep/Noneb after Nonep/Noneb cap=None maxDisp=None moved=None resid=None | no violating pair to target with a joint re-placement
   ~ pairs=0 bnd=0 comp=0 maxComp=0 /7 ejected=0 /7 att=False maxMatDef=None maxEnvPush=None orders=0/0 swaps=0 compRep=0 compRef=0
[   2.9s] d-164.075568-5a4eeaee-flat0.003-m28: mode=28 exactValid=False contractValid=True depth=None raw=164.07256779906783 parent=164.073 fp= | before Nonep/Noneb after Nonep/Noneb cap=None maxDisp=None moved=None resid=None | no violating pair to target with a re-placement
   ~ pairs=0 bnd=0 comp=0 maxComp=0 /7 ejected=0 /7 att=False maxMatDef=None maxEnvPush=None replaced=0 projConv=0 projFail=0
[   2.9s] d-164.075568-5a4eeaee-flat0.004-m29: mode=29 exactValid=False contractValid=True depth=None raw=164.07156779906785 parent=164.072 fp= | before Nonep/Noneb after Nonep/Noneb cap=None maxDisp=None moved=None resid=None | no violating pair to target with a joint re-placement
   ~ pairs=0 bnd=0 comp=0 maxComp=0 /7 ejected=0 /7 att=False maxMatDef=None maxEnvPush=None orders=0/0 swaps=0 compRep=0 compRef=0
[   2.9s] d-164.075568-5a4eeaee-flat0.004-m28: mode=28 exactValid=False contractValid=True depth=None raw=164.07156779906785 parent=164.072 fp= | before Nonep/Noneb after Nonep/Noneb cap=None maxDisp=None moved=None resid=None | no violating pair to target with a re-placement
   ~ pairs=0 bnd=0 comp=0 maxComp=0 /7 ejected=0 /7 att=False maxMatDef=None maxEnvPush=None replaced=0 projConv=0 projFail=0
-- pad /var/lib/t3/tmp/combo28-fs/pads/pad-164.075568-afe69c35.json raw=164.0755677990678
[   3.1s] d-164.075568-afe69c35-m31-e0.006: mode=31 exactValid=True contractValid=True depth=164.066 raw=164.06556779906782 parent=164.076 fp=a5972bc14632d7c0 | before 0p/1b after 0p/0b cap=0.1349119999999857 maxDisp=0.01 moved=1 resid=0.0 | 
[   2.9s] d-164.075568-afe69c35-m31-e0.012: mode=31 exactValid=True contractValid=True depth=164.06 raw=164.05956779906785 parent=164.076 fp=ab7a28fc93ea0643 | before 0p/1b after 0p/0b cap=0.23091199999998935 maxDisp=0.016 moved=1 resid=0.0 | 
[   2.9s] d-164.075568-afe69c35-m31-e0.025: mode=31 exactValid=True contractValid=True depth=164.047 raw=164.04656779906782 parent=164.076 fp=0f3d6172554425d6 | before 0p/1b after 0p/0b cap=0.438912000000073 maxDisp=0.029 moved=1 resid=0.0002455888137167239 | 
[   3.1s] d-164.075568-afe69c35-m31-e0.04: mode=31 exactValid=False contractValid=True depth=None raw=164.0755677990678 parent=164.076 fp= | before 0p/11b after 3p/2b cap=0.6789119999998547 maxDisp=0.4217119870243197 moved=55 resid=0.01610676477863033 | global legalization did not reach a feasible fixpoint: 3 violating pairs and 2 boundary pi
[   7.1s] d-164.075568-afe69c35-m22: mode=22 exactValid=True contractValid=True depth=164.039 raw=164.03856779906783 parent=164.076 fp=8e56054dee89574f | before Nonep/Noneb after Nonep/Noneb cap=None maxDisp=None moved=None resid=None | 
[   2.9s] d-164.075568-afe69c35-flat0.002-m29: mode=29 exactValid=False contractValid=True depth=None raw=164.0735677990678 parent=164.074 fp= | before Nonep/Noneb after Nonep/Noneb cap=None maxDisp=None moved=None resid=None | no violating pair to target with a joint re-placement
   ~ pairs=0 bnd=0 comp=0 maxComp=0 /7 ejected=0 /7 att=False maxMatDef=None maxEnvPush=None orders=0/0 swaps=0 compRep=0 compRef=0
[   2.9s] d-164.075568-afe69c35-flat0.002-m28: mode=28 exactValid=False contractValid=True depth=None raw=164.0735677990678 parent=164.074 fp= | before Nonep/Noneb after Nonep/Noneb cap=None maxDisp=None moved=None resid=None | no violating pair to target with a re-placement
   ~ pairs=0 bnd=0 comp=0 maxComp=0 /7 ejected=0 /7 att=False maxMatDef=None maxEnvPush=None replaced=0 projConv=0 projFail=0
[   2.9s] d-164.075568-afe69c35-flat0.003-m29: mode=29 exactValid=False contractValid=True depth=None raw=164.07256779906783 parent=164.073 fp= | before Nonep/Noneb after Nonep/Noneb cap=None maxDisp=None moved=None resid=None | no violating pair to target with a joint re-placement
   ~ pairs=0 bnd=0 comp=0 maxComp=0 /7 ejected=0 /7 att=False maxMatDef=None maxEnvPush=None orders=0/0 swaps=0 compRep=0 compRef=0
[   2.9s] d-164.075568-afe69c35-flat0.003-m28: mode=28 exactValid=False contractValid=True depth=None raw=164.07256779906783 parent=164.073 fp= | before Nonep/Noneb after Nonep/Noneb cap=None maxDisp=None moved=None resid=None | no violating pair to target with a re-placement
   ~ pairs=0 bnd=0 comp=0 maxComp=0 /7 ejected=0 /7 att=False maxMatDef=None maxEnvPush=None replaced=0 projConv=0 projFail=0
[   2.9s] d-164.075568-afe69c35-flat0.004-m29: mode=29 exactValid=False contractValid=True depth=None raw=164.07156779906785 parent=164.072 fp= | before Nonep/Noneb after Nonep/Noneb cap=None maxDisp=None moved=None resid=None | no violating pair to target with a joint re-placement
   ~ pairs=0 bnd=0 comp=0 maxComp=0 /7 ejected=0 /7 att=False maxMatDef=None maxEnvPush=None orders=0/0 swaps=0 compRep=0 compRef=0
[   2.9s] d-164.075568-afe69c35-flat0.004-m28: mode=28 exactValid=False contractValid=True depth=None raw=164.07156779906785 parent=164.072 fp= | before Nonep/Noneb after Nonep/Noneb cap=None maxDisp=None moved=None resid=None | no violating pair to target with a re-placement
   ~ pairs=0 bnd=0 comp=0 maxComp=0 /7 ejected=0 /7 att=False maxMatDef=None maxEnvPush=None replaced=0 projConv=0 projFail=0
-- pad /var/lib/t3/tmp/combo28-fs/pads/pad-164.076568-c11f5014.json raw=164.07656779906785
[   2.8s] d-164.076568-c11f5014-m31-e0.006: mode=31 exactValid=True contractValid=True depth=164.067 raw=164.06656779906785 parent=164.077 fp=cc1f11e82c172b3f | before 0p/1b after 0p/0b cap=0.1349119999999857 maxDisp=0.01 moved=1 resid=0.0 | 
[   2.9s] d-164.076568-c11f5014-m31-e0.012: mode=31 exactValid=True contractValid=True depth=164.061 raw=164.06056779906783 parent=164.077 fp=ac35613a8c29ca35 | before 0p/1b after 0p/0b cap=0.23091199999998935 maxDisp=0.016 moved=1 resid=0.0 | 
[   3.0s] d-164.076568-c11f5014-m31-e0.025: mode=31 exactValid=True contractValid=True depth=164.048 raw=164.04756779906785 parent=164.077 fp=56d6bfb1e9d960ec | before 0p/1b after 0p/0b cap=0.438912000000073 maxDisp=0.029 moved=1 resid=0.00024558881405778443 | 
[   3.3s] d-164.076568-c11f5014-m31-e0.04: mode=31 exactValid=False contractValid=True depth=None raw=164.07656779906785 parent=164.077 fp= | before 0p/10b after 3p/1b cap=0.6789120000003095 maxDisp=0.4008703032153916 moved=54 resid=0.014962092861315297 | global legalization did not reach a feasible fixpoint: 3 violating pairs and 1 boundary pi
[   6.9s] d-164.076568-c11f5014-m22: mode=22 exactValid=True contractValid=True depth=164.04 raw=164.0395677990678 parent=164.077 fp=85a1df686c83d93c | before Nonep/Noneb after Nonep/Noneb cap=None maxDisp=None moved=None resid=None | 
[   3.0s] d-164.076568-c11f5014-flat0.002-m29: mode=29 exactValid=False contractValid=True depth=None raw=164.07456779906784 parent=164.075 fp= | before Nonep/Noneb after Nonep/Noneb cap=None maxDisp=None moved=None resid=None | no violating pair to target with a joint re-placement
   ~ pairs=0 bnd=0 comp=0 maxComp=0 /7 ejected=0 /7 att=False maxMatDef=None maxEnvPush=None orders=0/0 swaps=0 compRep=0 compRef=0
[   2.8s] d-164.076568-c11f5014-flat0.002-m28: mode=28 exactValid=False contractValid=True depth=None raw=164.07456779906784 parent=164.075 fp= | before Nonep/Noneb after Nonep/Noneb cap=None maxDisp=None moved=None resid=None | no violating pair to target with a re-placement
   ~ pairs=0 bnd=0 comp=0 maxComp=0 /7 ejected=0 /7 att=False maxMatDef=None maxEnvPush=None replaced=0 projConv=0 projFail=0
[   3.0s] d-164.076568-c11f5014-flat0.003-m29: mode=29 exactValid=False contractValid=True depth=None raw=164.07356779906786 parent=164.074 fp= | before Nonep/Noneb after Nonep/Noneb cap=None maxDisp=None moved=None resid=None | no violating pair to target with a joint re-placement
   ~ pairs=0 bnd=0 comp=0 maxComp=0 /7 ejected=0 /7 att=False maxMatDef=None maxEnvPush=None orders=0/0 swaps=0 compRep=0 compRef=0
[   2.9s] d-164.076568-c11f5014-flat0.003-m28: mode=28 exactValid=False contractValid=True depth=None raw=164.07356779906786 parent=164.074 fp= | before Nonep/Noneb after Nonep/Noneb cap=None maxDisp=None moved=None resid=None | no violating pair to target with a re-placement
   ~ pairs=0 bnd=0 comp=0 maxComp=0 /7 ejected=0 /7 att=False maxMatDef=None maxEnvPush=None replaced=0 projConv=0 projFail=0
[   2.9s] d-164.076568-c11f5014-flat0.004-m29: mode=29 exactValid=False contractValid=True depth=None raw=164.07256779906783 parent=164.073 fp= | before Nonep/Noneb after Nonep/Noneb cap=None maxDisp=None moved=None resid=None | no violating pair to target with a joint re-placement
   ~ pairs=0 bnd=0 comp=0 maxComp=0 /7 ejected=0 /7 att=False maxMatDef=None maxEnvPush=None orders=0/0 swaps=0 compRep=0 compRef=0
[   2.9s] d-164.076568-c11f5014-flat0.004-m28: mode=28 exactValid=False contractValid=True depth=None raw=164.07256779906783 parent=164.073 fp= | before Nonep/Noneb after Nonep/Noneb cap=None maxDisp=None moved=None resid=None | no violating pair to target with a re-placement
   ~ pairs=0 bnd=0 comp=0 maxComp=0 /7 ejected=0 /7 att=False maxMatDef=None maxEnvPush=None replaced=0 projConv=0 projFail=0
-- pad /var/lib/t3/tmp/combo28-fs/pads/pad-164.077568-df008611.json raw=164.07756779906782
[   2.9s] d-164.077568-df008611-m31-e0.006: mode=31 exactValid=True contractValid=True depth=164.068 raw=164.06756779906783 parent=164.078 fp=bd6d09d2483c09d6 | before 0p/1b after 0p/0b cap=0.1349119999999857 maxDisp=0.01 moved=1 resid=0.0 | 
[   2.9s] d-164.077568-df008611-m31-e0.012: mode=31 exactValid=True contractValid=True depth=164.062 raw=164.06156779906786 parent=164.078 fp=7f74168c5666e67a | before 0p/1b after 0p/0b cap=0.23091199999998935 maxDisp=0.016 moved=1 resid=0.0 | 
[   2.9s] d-164.077568-df008611-m31-e0.025: mode=31 exactValid=True contractValid=True depth=164.049 raw=164.04856779906783 parent=164.078 fp=97722c856a4e7df4 | before 0p/1b after 0p/0b cap=0.438912000000073 maxDisp=0.029 moved=1 resid=0.0002455888137167239 | 
[   3.1s] d-164.077568-df008611-m31-e0.04: mode=31 exactValid=False contractValid=True depth=None raw=164.07756779906782 parent=164.078 fp= | before 0p/8b after 2p/1b cap=0.6789120000003095 maxDisp=0.38260815464388626 moved=55 resid=0.014029088773601853 | global legalization did not reach a feasible fixpoint: 2 violating pairs and 1 boundary pi
[   6.8s] d-164.077568-df008611-m22: mode=22 exactValid=True contractValid=True depth=164.04 raw=164.0395677990678 parent=164.078 fp=85a1df686c83d93c | before Nonep/Noneb after Nonep/Noneb cap=None maxDisp=None moved=None resid=None | 
[   2.9s] d-164.077568-df008611-flat0.002-m29: mode=29 exactValid=False contractValid=True depth=None raw=164.0755677990678 parent=164.076 fp= | before Nonep/Noneb after Nonep/Noneb cap=None maxDisp=None moved=None resid=None | no violating pair to target with a joint re-placement
   ~ pairs=0 bnd=0 comp=0 maxComp=0 /7 ejected=0 /7 att=False maxMatDef=None maxEnvPush=None orders=0/0 swaps=0 compRep=0 compRef=0
[   2.9s] d-164.077568-df008611-flat0.002-m28: mode=28 exactValid=False contractValid=True depth=None raw=164.0755677990678 parent=164.076 fp= | before Nonep/Noneb after Nonep/Noneb cap=None maxDisp=None moved=None resid=None | no violating pair to target with a re-placement
   ~ pairs=0 bnd=0 comp=0 maxComp=0 /7 ejected=0 /7 att=False maxMatDef=None maxEnvPush=None replaced=0 projConv=0 projFail=0
[   2.9s] d-164.077568-df008611-flat0.003-m29: mode=29 exactValid=False contractValid=True depth=None raw=164.07456779906784 parent=164.075 fp= | before Nonep/Noneb after Nonep/Noneb cap=None maxDisp=None moved=None resid=None | no violating pair to target with a joint re-placement
   ~ pairs=0 bnd=0 comp=0 maxComp=0 /7 ejected=0 /7 att=False maxMatDef=None maxEnvPush=None orders=0/0 swaps=0 compRep=0 compRef=0
[   2.9s] d-164.077568-df008611-flat0.003-m28: mode=28 exactValid=False contractValid=True depth=None raw=164.07456779906784 parent=164.075 fp= | before Nonep/Noneb after Nonep/Noneb cap=None maxDisp=None moved=None resid=None | no violating pair to target with a re-placement
   ~ pairs=0 bnd=0 comp=0 maxComp=0 /7 ejected=0 /7 att=False maxMatDef=None maxEnvPush=None replaced=0 projConv=0 projFail=0
[   2.9s] d-164.077568-df008611-flat0.004-m29: mode=29 exactValid=False contractValid=True depth=None raw=164.07356779906786 parent=164.074 fp= | before Nonep/Noneb after Nonep/Noneb cap=None maxDisp=None moved=None resid=None | no violating pair to target with a joint re-placement
   ~ pairs=0 bnd=0 comp=0 maxComp=0 /7 ejected=0 /7 att=False maxMatDef=None maxEnvPush=None orders=0/0 swaps=0 compRep=0 compRef=0
[   2.9s] d-164.077568-df008611-flat0.004-m28: mode=28 exactValid=False contractValid=True depth=None raw=164.07356779906786 parent=164.074 fp= | before Nonep/Noneb after Nonep/Noneb cap=None maxDisp=None moved=None resid=None | no violating pair to target with a re-placement
   ~ pairs=0 bnd=0 comp=0 maxComp=0 /7 ejected=0 /7 att=False maxMatDef=None maxEnvPush=None replaced=0 projConv=0 projFail=0
-- pad /var/lib/t3/tmp/combo28-fs/pads/pad-164.078585-8d174a82.json raw=164.07858495038525
[   2.9s] d-164.078585-8d174a82-m31-e0.006: mode=31 exactValid=True contractValid=True depth=164.069 raw=164.0685677990678 parent=164.079 fp=9b583b9dbd1a6bcb | before 0p/1b after 0p/0b cap=0.18263999999999214 maxDisp=0.03511409973215888 moved=6 resid=0.0004576260825182514 | 
[   2.9s] d-164.078585-8d174a82-m31-e0.012: mode=31 exactValid=True contractValid=True depth=164.063 raw=164.06256779906784 parent=164.079 fp=96fbe63373a55cea | before 0p/2b after 0p/0b cap=0.2786399999999958 maxDisp=0.06552098900352467 moved=6 resid=0.00029809268170256746 | 
[   2.9s] d-164.078585-8d174a82-m31-e0.025: mode=31 exactValid=True contractValid=True depth=164.05 raw=164.0495677990678 parent=164.079 fp=c8b56535fcc78a6d | before 0p/2b after 0p/0b cap=0.48664000000007945 maxDisp=0.12806248474865697 moved=6 resid=0.0004909864501005069 | 
[   3.2s] d-164.078585-8d174a82-m31-e0.04: mode=31 exactValid=False contractValid=True depth=None raw=164.07858495038525 parent=164.079 fp= | before 0p/7b after 2p/0b cap=0.7266399999998612 maxDisp=0.40600492607848987 moved=54 resid=0.034299142412725636 | global legalization did not reach a feasible fixpoint: 2 violating pairs and 0 boundary pi
[   7.1s] d-164.078585-8d174a82-m22: mode=22 exactValid=True contractValid=True depth=164.071 raw=164.07058495038524 parent=164.079 fp=29163be648080e1d | before Nonep/Noneb after Nonep/Noneb cap=None maxDisp=None moved=None resid=None | 
[   3.0s] d-164.078585-8d174a82-flat0.002-m29: mode=29 exactValid=False contractValid=True depth=None raw=164.07658495038524 parent=164.077 fp= | before Nonep/Noneb after Nonep/Noneb cap=None maxDisp=None moved=None resid=None | no violating pair to target with a joint re-placement
   ~ pairs=0 bnd=0 comp=0 maxComp=0 /7 ejected=0 /7 att=False maxMatDef=None maxEnvPush=None orders=0/0 swaps=0 compRep=0 compRef=0
[   2.9s] d-164.078585-8d174a82-flat0.002-m28: mode=28 exactValid=False contractValid=True depth=None raw=164.07658495038524 parent=164.077 fp= | before Nonep/Noneb after Nonep/Noneb cap=None maxDisp=None moved=None resid=None | no violating pair to target with a re-placement
   ~ pairs=0 bnd=0 comp=0 maxComp=0 /7 ejected=0 /7 att=False maxMatDef=None maxEnvPush=None replaced=0 projConv=0 projFail=0
[   2.9s] d-164.078585-8d174a82-flat0.003-m29: mode=29 exactValid=False contractValid=True depth=None raw=164.07558495038526 parent=164.076 fp= | before Nonep/Noneb after Nonep/Noneb cap=None maxDisp=None moved=None resid=None | no violating pair to target with a joint re-placement
   ~ pairs=0 bnd=0 comp=0 maxComp=0 /7 ejected=0 /7 att=False maxMatDef=None maxEnvPush=None orders=0/0 swaps=0 compRep=0 compRef=0
[   2.9s] d-164.078585-8d174a82-flat0.003-m28: mode=28 exactValid=False contractValid=True depth=None raw=164.07558495038526 parent=164.076 fp= | before Nonep/Noneb after Nonep/Noneb cap=None maxDisp=None moved=None resid=None | no violating pair to target with a re-placement
   ~ pairs=0 bnd=0 comp=0 maxComp=0 /7 ejected=0 /7 att=False maxMatDef=None maxEnvPush=None replaced=0 projConv=0 projFail=0
[   3.0s] d-164.078585-8d174a82-flat0.004-m29: mode=29 exactValid=False contractValid=True depth=None raw=164.07458495038526 parent=164.075 fp= | before Nonep/Noneb after Nonep/Noneb cap=None maxDisp=None moved=None resid=None | no violating pair to target with a joint re-placement
   ~ pairs=0 bnd=0 comp=0 maxComp=0 /7 ejected=0 /7 att=False maxMatDef=None maxEnvPush=None orders=0/0 swaps=0 compRep=0 compRef=0
[   2.9s] d-164.078585-8d174a82-flat0.004-m28: mode=28 exactValid=False contractValid=True depth=None raw=164.07458495038526 parent=164.075 fp= | before Nonep/Noneb after Nonep/Noneb cap=None maxDisp=None moved=None resid=None | no violating pair to target with a re-placement
   ~ pairs=0 bnd=0 comp=0 maxComp=0 /7 ejected=0 /7 att=False maxMatDef=None maxEnvPush=None replaced=0 projConv=0 projFail=0
-- pad /var/lib/t3/tmp/combo28-fs/pads/pad-164.078585-b081f6bd.json raw=164.07858495038525
[   3.0s] d-164.078585-b081f6bd-m31-e0.006: mode=31 exactValid=True contractValid=True depth=164.069 raw=164.0685677990678 parent=164.079 fp=652b73310eec87ac | before 0p/1b after 0p/0b cap=0.18263999999999214 maxDisp=0.03511409973215888 moved=6 resid=0.0004576260825182514 | 
[   2.9s] d-164.078585-b081f6bd-m31-e0.012: mode=31 exactValid=True contractValid=True depth=164.063 raw=164.06256779906784 parent=164.079 fp=af99cfaf074aab2b | before 0p/2b after 0p/0b cap=0.2786399999999958 maxDisp=0.06552098900352467 moved=6 resid=0.00029809268170256746 | 
[   2.9s] d-164.078585-b081f6bd-m31-e0.025: mode=31 exactValid=True contractValid=True depth=164.05 raw=164.0495677990678 parent=164.079 fp=74e747c9bf9f5bcc | before 0p/2b after 0p/0b cap=0.48664000000007945 maxDisp=0.12806248474865697 moved=6 resid=0.0004909864501005069 | 
[   3.1s] d-164.078585-b081f6bd-m31-e0.04: mode=31 exactValid=False contractValid=True depth=None raw=164.07858495038525 parent=164.079 fp= | before 0p/8b after 2p/0b cap=0.7266399999998612 maxDisp=0.40600492607848987 moved=55 resid=0.034299142412725636 | global legalization did not reach a feasible fixpoint: 2 violating pairs and 0 boundary pi
[   7.1s] d-164.078585-b081f6bd-m22: mode=22 exactValid=True contractValid=True depth=164.071 raw=164.07058495038524 parent=164.079 fp=1ce6b550b5ff1cff | before Nonep/Noneb after Nonep/Noneb cap=None maxDisp=None moved=None resid=None | 
[   2.9s] d-164.078585-b081f6bd-flat0.002-m29: mode=29 exactValid=False contractValid=True depth=None raw=164.07658495038524 parent=164.077 fp= | before Nonep/Noneb after Nonep/Noneb cap=None maxDisp=None moved=None resid=None | no violating pair to target with a joint re-placement
   ~ pairs=0 bnd=0 comp=0 maxComp=0 /7 ejected=0 /7 att=False maxMatDef=None maxEnvPush=None orders=0/0 swaps=0 compRep=0 compRef=0
[   2.9s] d-164.078585-b081f6bd-flat0.002-m28: mode=28 exactValid=False contractValid=True depth=None raw=164.07658495038524 parent=164.077 fp= | before Nonep/Noneb after Nonep/Noneb cap=None maxDisp=None moved=None resid=None | no violating pair to target with a re-placement
   ~ pairs=0 bnd=0 comp=0 maxComp=0 /7 ejected=0 /7 att=False maxMatDef=None maxEnvPush=None replaced=0 projConv=0 projFail=0
[   2.9s] d-164.078585-b081f6bd-flat0.003-m29: mode=29 exactValid=False contractValid=True depth=None raw=164.07558495038526 parent=164.076 fp= | before Nonep/Noneb after Nonep/Noneb cap=None maxDisp=None moved=None resid=None | no violating pair to target with a joint re-placement
   ~ pairs=0 bnd=0 comp=0 maxComp=0 /7 ejected=0 /7 att=False maxMatDef=None maxEnvPush=None orders=0/0 swaps=0 compRep=0 compRef=0
[   3.0s] d-164.078585-b081f6bd-flat0.003-m28: mode=28 exactValid=False contractValid=True depth=None raw=164.07558495038526 parent=164.076 fp= | before Nonep/Noneb after Nonep/Noneb cap=None maxDisp=None moved=None resid=None | no violating pair to target with a re-placement
   ~ pairs=0 bnd=0 comp=0 maxComp=0 /7 ejected=0 /7 att=False maxMatDef=None maxEnvPush=None replaced=0 projConv=0 projFail=0
[   2.8s] d-164.078585-b081f6bd-flat0.004-m29: mode=29 exactValid=False contractValid=True depth=None raw=164.07458495038526 parent=164.075 fp= | before Nonep/Noneb after Nonep/Noneb cap=None maxDisp=None moved=None resid=None | no violating pair to target with a joint re-placement
   ~ pairs=0 bnd=0 comp=0 maxComp=0 /7 ejected=0 /7 att=False maxMatDef=None maxEnvPush=None orders=0/0 swaps=0 compRep=0 compRef=0
[   2.9s] d-164.078585-b081f6bd-flat0.004-m28: mode=28 exactValid=False contractValid=True depth=None raw=164.07458495038526 parent=164.075 fp= | before Nonep/Noneb after Nonep/Noneb cap=None maxDisp=None moved=None resid=None | no violating pair to target with a re-placement
   ~ pairs=0 bnd=0 comp=0 maxComp=0 /7 ejected=0 /7 att=False maxMatDef=None maxEnvPush=None replaced=0 projConv=0 projFail=0
PHASE D hits in [164.0415,164.079]: []
