1788780260 0.48 0.38 0.54 1/581 3457420
1788780265 0.52 0.39 0.54 9/591 3459767
1788780270 1.36 0.57 0.60 10/590 3463744
1788780275 1.65 0.64 0.62 7/592 3469414
1788780280 2.16 0.76 0.66 6/591 3474976
1788780285 2.47 0.85 0.69 11/594 3483544
1788780290 2.59 0.90 0.71 3/584 3490268
1788780295 3.03 1.02 0.75 10/590 3494610
1788780300 3.50 1.16 0.79 9/591 3497620
1788780305 3.54 1.20 0.81 6/661 3502324
1788780310 3.74 1.28 0.84 11/592 3506509
1788780315 3.76 1.33 0.85 6/586 3512033
1788780320 4.02 1.42 0.89 9/589 3518748
1788780325 4.34 1.53 0.93 9/590 3525439
1788780330 4.63 1.64 0.96 9/590 3530485
1788780335 4.42 1.65 0.97 11/590 3535346
1788780340 4.23 1.65 0.98 10/590 3538696
1788780345 3.97 1.64 0.98 9/590 3542380
1788780350 4.13 1.71 1.00 10/590 3546424
1788780355 3.88 1.70 1.00 10/590 3554832
1788780360 3.73 1.71 1.01 4/585 3562393
1788780365 3.51 1.69 1.01 4/583 3569405
1788780370 3.71 1.77 1.03 10/589 3574813
1788780375 4.30 1.92 1.09 9/607 3579484
1788780380 4.67 2.04 1.13 2/599 3582445
1788780385 4.38 2.02 1.13 9/606 3586796
1788780390 4.75 2.14 1.17 6/606 3590229
1788780395 4.45 2.12 1.17 4/605 3596537
1788780400 4.73 2.21 1.21 10/606 3601823
1788780405 4.43 2.19 1.21 5/588 3609035
1788780410 4.72 2.29 1.24 3/582 3614453
1788780415 4.42 2.27 1.24 10/588 3619859
1788780420 4.39 2.30 1.26 9/588 3623076
1788780425 4.12 2.28 1.26 4/584 3628030
1788780430 4.27 2.34 1.28 9/589 3631910
1788780435 4.01 2.32 1.28 9/590 3637216
1788780440 3.92 2.33 1.29 2/582 3642879
1788780445 3.69 2.31 1.29 8/588 3649229
1788780450 3.55 2.30 1.29 3/583 3655758
1788780455 3.35 2.28 1.29 6/585 3660842
1788780460 3.72 2.37 1.33 4/584 3664643
1788780465 3.50 2.35 1.32 12/587 3668385
1788780470 3.70 2.41 1.35 9/589 3671672
1788780475 3.49 2.39 1.35 9/589 3677582
1788780480 3.61 2.43 1.37 4/583 3682807
1788780485 4.28 2.59 1.42 10/588 3691179
1788780490 4.42 2.65 1.45 4/583 3696795
1788780495 4.15 2.62 1.45 9/589 3703016
1788780500 4.45 2.71 1.48 10/588 3706379
1788780505 4.42 2.73 1.50 12/586 3711457
1788780510 4.79 2.83 1.54 9/587 3714578
1788780515 5.20 2.95 1.58 6/584 3720378
1788780520 5.35 3.02 1.61 9/587 3725003
1788780525 5.56 3.10 1.65 6/584 3730263
1788780530 5.84 3.20 1.69 7/586 3736722
1788780535 5.45 3.17 1.68 9/588 3741544
1788780540 5.57 3.23 1.71 10/586 3743961
1788780545 5.77 3.31 1.75 10/586 3749725
1788780550 5.63 3.32 1.76 9/587 3752574
1788780555 5.90 3.42 1.80 9/587 3761162
1788780560 6.06 3.49 1.83 15/589 3767417
1788780565 6.14 3.55 1.86 5/584 3774153
1788780570 6.29 3.62 1.89 3/582 3779746
1788780575 6.03 3.61 1.90 2/579 3784494
1788780580 6.26 3.70 1.94 9/587 3786864
1788780585 6.32 3.76 1.96 3/581 3790844
1788780590 6.46 3.83 2.00 9/600 3794427
1788780595 6.58 3.90 2.03 9/601 3800258
1788780600 6.69 3.97 2.06 10/601 3805219
1788780605 7.28 4.13 2.13 14/633 3811697
1788780610 7.34 4.20 2.16 6/589 3817463
1788780615 7.47 4.28 2.19 10/591 3823128
1788780620 7.51 4.34 2.23 9/590 3825919
1788780625 7.63 4.42 2.26 8/589 3830437
1788780630 7.90 4.53 2.31 9/592 3833752
1788780635 8.15 4.64 2.36 13/594 3839540
1788780640 7.98 4.66 2.38 9/594 3844165
1788780645 7.66 4.65 2.39 11/592 3849643
1788780650 7.69 4.70 2.42 10/593 3854246
1788780655 7.63 4.74 2.44 9/593 3860496
1788780660 7.66 4.80 2.47 4/590 3863319
1788780665 7.77 4.87 2.51 9/594 3871115
1788780670 7.79 4.92 2.54 9/594 3873959
1788780675 7.16 4.84 2.52 6/592 3880567
1788780680 7.23 4.89 2.55 10/595 3885111
1788780685 7.45 4.97 2.59 2/591 3891733
1788780690 7.50 5.02 2.62 3/592 3897246
1788780695 7.70 5.11 2.66 9/598 3902809
1788780700 7.80 5.17 2.70 9/598 3905598
1788780705 7.82 5.22 2.72 5/592 3910666
1788780710 7.83 5.27 2.75 9/593 3913420
1788780715 7.85 5.31 2.78 9/593 3919746
1788780720 7.62 5.31 2.79 5/591 3924034
1788780725 7.25 5.27 2.79 4/590 3929794
1788780730 7.31 5.31 2.82 1/586 3934079
1788780735 7.12 5.31 2.83 3/589 3939167
1788780740 6.87 5.29 2.84 9/595 3941918
1788780745 6.96 5.33 2.87 9/593 3947132
1788780750 6.97 5.36 2.89 9/593 3950270
1788780755 7.05 5.40 2.92 5/591 3954818
1788780760 6.89 5.40 2.93 9/594 3959451
1788780765 6.49 5.34 2.93 9/592 3965673
1788780770 6.61 5.38 2.95 13/592 3970891
1788780775 6.73 5.43 2.98 9/595 3976846
1788780780 6.75 5.45 3.00 9/592 3980226
1788780785 6.29 5.38 2.99 7/592 3993254
1788780790 6.18 5.37 3.00 3/587 3996041
1788780795 6.01 5.35 3.01 9/593 4001366
1788780800 5.61 5.28 3.00 9/598 4005610
1788780805 5.80 5.32 3.02 5/594 4011658
1788780810 5.98 5.37 3.05 9/597 4016576
1788780815 6.30 5.45 3.09 9/596 4021836
1788780820 6.43 5.49 3.11 9/596 4024405
1788780825 6.56 5.53 3.14 9/596 4029712
1788780830 6.68 5.57 3.17 9/596 4033002
1788780835 6.54 5.56 3.18 10/596 4039064
1788780840 8.18 5.92 3.31 9/616 4044067
1788780845 8.57 6.03 3.36 9/615 4050950
1788780850 8.52 6.07 3.38 7/616 4056006
1788780855 8.48 6.10 3.41 9/617 4061433
1788780860 8.44 6.13 3.43 10/617 4064262
1788780865 8.41 6.16 3.46 10/618 4070383
1788780870 8.37 6.19 3.48 9/600 4074929
1788780875 8.34 6.22 3.51 9/602 4080567
1788780880 8.07 6.20 3.52 9/598 4083529
1788780885 8.07 6.23 3.54 9/600 4091507
1788780890 8.14 6.28 3.57 9/599 4094493
1788780895 8.13 6.31 3.59 9/596 4100469
1788780900 7.72 6.25 3.59 9/596 4105292
1788780905 7.34 6.20 3.59 10/596 4112806
1788780910 7.39 6.23 3.61 13/597 4118844
1788780915 7.68 6.31 3.65 12/599 4125645
1788780920 7.15 6.22 3.64 9/599 4128058
1788780925 6.90 6.18 3.64 14/619 4131430
1788780930 7.06 6.23 3.67 6/593 4134910
1788780935 7.14 6.26 3.69 9/594 4139836
1788780940 6.97 6.24 3.70 9/595 4145006
1788780945 7.21 6.30 3.73 9/595 4151450
1788780950 7.52 6.38 3.77 9/595 4155988
1788780955 7.23 6.34 3.77 9/595 4161340
1788780960 7.37 6.38 3.80 9/594 4164439
1788780965 7.10 6.34 3.80 10/594 4168775
1788780970 6.94 6.32 3.81 11/594 4171773
1788780975 7.10 6.37 3.84 3/587 4179798
1788780980 6.61 6.28 3.82 9/593 4184464
1788780985 6.72 6.31 3.84 10/591 4190086
1788780990 6.67 6.30 3.86 9/590 1583
1788780995 6.85 6.35 3.88 9/590 8035
1788781000 6.46 6.27 3.87 11/590 11453
1788781005 6.67 6.32 3.90 9/591 19074
1788781010 6.93 6.38 3.93 9/591 21628
1788781015 6.78 6.36 3.94 9/590 26358
1788781020 6.88 6.39 3.96 11/592 30732
1788781025 6.97 6.41 3.98 4/583 35809
1788781030 6.97 6.42 4.00 7/585 41045
1788781036 6.41 6.31 3.98 9/591 46867
1788781041 6.54 6.34 4.00 10/591 49565
1788781046 6.66 6.37 4.02 3/584 53027
1788781051 6.76 6.40 4.04 9/590 56576
1788781056 6.86 6.43 4.07 9/589 61334
1788781061 6.63 6.38 4.07 5/586 66497
1788781066 6.90 6.44 4.10 11/590 72330
1788781071 7.23 6.52 4.13 6/587 77340
1788781076 6.81 6.45 4.12 6/587 82868
1788781081 6.91 6.47 4.14 11/590 87191
1788781086 7.00 6.50 4.16 9/589 91178
1788781091 6.76 6.45 4.16 11/590 94791
1788781096 6.86 6.48 4.18 10/590 99151
1788781101 6.55 6.42 4.18 5/590 104973
1788781106 7.30 6.58 4.24 9/591 112223
1788781111 7.60 6.66 4.28 9/592 117999
1788781116 7.79 6.71 4.31 9/592 124165
1788781121 7.81 6.73 4.33 9/591 127214
1788781126 7.66 6.72 4.34 9/586 131956
1788781131 7.21 6.64 4.33 9/590 135222
1788781136 7.43 6.70 4.36 9/592 145213
1788781141 7.48 6.72 4.38 8/591 151262
1788781146 7.60 6.76 4.40 10/591 157184
1788781151 7.63 6.78 4.42 9/591 162825
1788781156 7.26 6.72 4.41 11/592 169359
1788781161 7.24 6.72 4.43 10/592 172716
1788781166 6.98 6.68 4.43 3/586 178120
1788781171 7.06 6.70 4.44 9/592 181669
1788781176 7.14 6.72 4.46 3/585 185756
1788781181 7.21 6.74 4.48 13/591 191237
1788781186 7.27 6.76 4.50 9/593 196615
1788781191 7.09 6.73 4.51 9/593 201569
1788781196 7.16 6.75 4.52 9/590 207137
1788781201 7.23 6.78 4.54 10/592 210352
1788781206 6.89 6.71 4.54 9/591 215041
1788781211 6.42 6.62 4.52 9/591 218330
1788781216 6.06 6.54 4.50 4/586 221827
1788781221 5.82 6.48 4.49 9/591 227636
1788781226 5.59 6.42 4.49 3/584 232824
1788781231 5.79 6.45 4.50 8/591 240435
1788781236 5.48 6.38 4.49 11/591 247961
1788781241 5.76 6.42 4.52 4/585 251762
1788781246 5.94 6.45 4.53 5/588 256303
1788781251 5.55 6.35 4.52 4/587 259377
1788781256 5.74 6.38 4.53 10/591 266097
1788781261 5.60 6.34 4.53 8/590 273931
1788781266 5.96 6.40 4.56 9/592 282776
1788781271 5.88 6.38 4.56 9/591 289281
1788781276 6.05 6.41 4.58 3/584 295131
1788781281 6.37 6.47 4.61 2/584 298372
1788781286 6.26 6.44 4.61 2/583 303859
1788781291 6.08 6.40 4.61 10/592 307560
1788781296 6.23 6.43 4.63 2/584 311037
1788781301 6.37 6.46 4.65 9/591 317142
1788781306 6.50 6.48 4.67 2/582 323522
1788781311 6.62 6.51 4.68 9/590 329525
1788781316 6.57 6.50 4.69 2/583 334829
1788781321 6.69 6.52 4.71 9/590 339150
1788781326 6.79 6.55 4.73 2/582 343570
1788781331 6.89 6.57 4.75 9/590 347011
1788781336 7.14 6.63 4.77 2/582 351380
1788781341 7.21 6.65 4.79 11/591 357330
1788781346 7.35 6.69 4.81 2/583 363809
1788781351 7.40 6.71 4.83 9/590 368682
1788781356 7.45 6.74 4.85 2/581 374800
1788781361 7.50 6.76 4.87 9/590 378098
1788781366 7.54 6.78 4.88 3/583 384313
1788781371 7.49 6.78 4.89 10/591 387379
1788781376 7.53 6.80 4.91 3/583 393019
1788781381 7.49 6.81 4.92 10/590 400164
1788781386 7.61 6.84 4.94 2/582 407276
1788781391 7.40 6.81 4.95 11/590 412261
1788781396 7.69 6.88 4.98 2/581 420854
1788781401 7.72 6.90 4.99 4/584 424447
1788781406 7.74 6.92 5.01 2/581 428094
1788781411 7.76 6.94 5.03 10/591 431208
1788781416 7.54 6.90 5.03 2/580 436988
1788781421 7.09 6.82 5.01 9/588 442309
1788781426 7.17 6.84 5.03 2/579 449354
1788781431 7.07 6.83 5.03 5/586 454057
1788781436 7.23 6.86 5.05 2/582 460457
1788781441 7.13 6.85 5.06 8/588 463960
1788781446 7.20 6.87 5.07 2/582 469685
1788781451 7.26 6.89 5.09 8/588 472583
1788781456 7.40 6.92 5.11 2/583 476867
1788781461 7.29 6.91 5.12 9/589 482556
1788781466 6.95 6.84 5.11 2/580 489019
1788781471 6.71 6.80 5.10 12/588 492276
1788781476 6.89 6.83 5.12 2/580 496975
1788781481 6.90 6.84 5.13 9/588 502304
1788781486 6.99 6.85 5.15 2/579 509635
1788781491 7.07 6.87 5.16 4/583 513991
1788781496 7.23 6.91 5.18 8/587 520876
1788781501 7.13 6.89 5.19 9/588 523968
1788781506 6.96 6.86 5.19 7/586 529897
1788781511 6.48 6.77 5.16 9/587 533373
1788781516 6.68 6.80 5.18 11/586 538611
1788781521 6.23 6.71 5.16 9/594 544226
1788781526 5.89 6.63 5.14 3/580 551402
1788781531 5.50 6.53 5.12 7/583 555575
1788781536 5.70 6.56 5.14 9/586 560894
1788781541 5.32 6.47 5.11 3/581 563987
1788781546 5.46 6.47 5.12 5/583 568437
1788781551 5.10 6.38 5.10 9/587 571787
1788781556 5.33 6.41 5.12 7/584 576184
1788781561 4.98 6.32 5.10 9/586 581333
1788781566 5.23 6.35 5.11 8/586 589338
1788781571 4.97 6.28 5.09 9/587 596293
1788781576 5.37 6.34 5.12 5/583 603475
1788781581 5.02 6.25 5.10 2/579 606535
1788781586 4.70 6.16 5.08 12/586 610939
1788781591 4.40 6.08 5.05 6/583 615351
1788781596 4.69 6.11 5.07 9/586 619523
1788781601 4.39 6.02 5.05 6/582 624911
1788781606 4.76 6.07 5.07 9/586 630320
1788781611 4.46 5.99 5.05 10/586 635581
1788781616 4.75 6.02 5.06 8/585 641703
1788781621 4.45 5.94 5.04 9/587 645596
1788781626 4.25 5.87 5.02 10/587 650036
1788781631 3.99 5.79 5.00 7/584 653168
1788781636 4.39 5.85 5.02 9/591 656450
1788781641 4.12 5.77 5.00 6/588 661894
1788781646 4.27 5.77 5.01 9/589 668946
1788781651 4.01 5.69 4.99 8/588 674428
1788781656 4.17 5.70 4.99 11/593 680628
1788781661 3.91 5.62 4.97 9/593 684767
1788781666 4.32 5.67 4.99 9/593 688754
1788781671 4.29 5.65 4.99 10/593 692703
1788781676 4.59 5.69 5.00 12/593 697230
1788781681 5.18 5.79 5.04 7/590 704010
1788781686 5.49 5.84 5.06 10/593 711364
1788781691 5.85 5.91 5.09 9/593 717360
1788781696 5.70 5.88 5.08 9/593 722954
1788781701 5.57 5.85 5.08 9/593 726782
1788781706 5.44 5.82 5.07 2/586 730990
1788781711 5.49 5.82 5.08 4/587 734506
1788781716 5.37 5.79 5.07 8/590 739719
1788781721 5.58 5.83 5.09 9/593 747235
1788781726 5.77 5.87 5.10 7/591 755920
1788781731 6.11 5.93 5.13 8/595 761747
1788781736 6.26 5.97 5.14 9/595 767490
1788781741 5.76 5.87 5.12 3/589 771532
1788781746 5.46 5.81 5.10 14/596 774598
1788781751 5.74 5.86 5.12 11/596 778274
1788781756 5.60 5.83 5.11 9/594 782548
1788781761 5.80 5.86 5.13 4/589 788032
1788781766 5.73 5.85 5.13 9/593 793052
1788781771 5.75 5.85 5.13 9/593 799288
1788781776 5.93 5.89 5.15 9/594 805722
1788781781 6.02 5.91 5.16 9/593 809926
1788781786 6.18 5.94 5.18 2/586 814215
1788781791 6.24 5.96 5.19 9/594 819308
1788781796 6.38 5.99 5.20 9/593 823357
1788781801 6.51 6.03 5.22 12/593 828201
1788781806 6.15 5.96 5.20 9/594 833347
1788781811 6.30 5.99 5.21 2/587 838615
1788781816 6.20 5.98 5.21 6/591 844353
1788781821 6.34 6.01 5.23 9/594 848885
1788781826 6.39 6.03 5.24 2/586 853369
1788781831 6.12 5.98 5.22 9/593 856173
1788781836 6.27 6.01 5.24 5/590 860109
1788781841 6.81 6.13 5.28 11/594 865767
1788781846 6.99 6.18 5.30 10/593 871349
1788781851 7.07 6.21 5.32 9/593 877466
1788781856 7.06 6.22 5.33 9/592 883178
1788781861 7.22 6.27 5.35 11/593 887390
1788781866 6.88 6.21 5.33 5/590 891448
1788781871 7.13 6.27 5.36 11/601 896813
1788781876 7.36 6.34 5.38 9/600 899583
1788781881 7.41 6.36 5.40 8/600 904900
1788781886 7.54 6.41 5.42 7/599 911213
1788781892 7.41 6.40 5.42 4/596 916416
1788781897 7.94 6.53 5.47 4/597 922033
1788781902 8.03 6.57 5.49 6/595 928027
1788781907 8.02 6.59 5.50 9/597 933158
1788781912 7.78 6.57 5.50 6/595 945110
1788781917 7.80 6.59 5.51 9/597 948501
1788781922 7.90 6.63 5.53 9/596 954650
1788781927 8.47 6.77 5.58 9/597 960145
1788781932 8.35 6.77 5.59 9/598 966160
1788781937 7.76 6.68 5.56 12/595 972615
1788781942 7.14 6.57 5.53 9/586 977827
1788781947 7.13 6.57 5.54 12/586 980861
1788781952 7.20 6.60 5.56 2/580 987527
1788781957 7.34 6.64 5.57 4/582 990708
1788781962 7.39 6.66 5.59 7/583 996341
1788781967 7.52 6.70 5.61 9/586 1001128
1788781972 7.64 6.74 5.62 3/577 1006334
1788781977 8.07 6.84 5.66 6/582 1013093
1788781982 7.42 6.73 5.63 5/581 1017633
1788781987 7.47 6.75 5.65 9/585 1020434
1788781992 7.27 6.72 5.64 9/585 1026470
1788781997 6.93 6.66 5.63 9/586 1030371
1788782002 7.10 6.70 5.65 10/586 1036391
1788782007 7.17 6.72 5.66 9/585 1041597
1788782012 6.91 6.67 5.65 10/584 1046961
1788782017 7.24 6.75 5.68 10/584 1051838
1788782022 6.66 6.63 5.65 4/581 1057016
1788782027 6.21 6.54 5.62 10/586 1060409
1788782032 6.35 6.56 5.64 9/588 1068724
1788782037 6.16 6.52 5.63 9/588 1071779
1788782042 6.15 6.51 5.63 9/588 1078469
1788782047 6.30 6.54 5.64 10/589 1083127
1788782052 5.95 6.46 5.62 7/582 1089659
1788782057 6.12 6.49 5.64 5/580 1095198
1788782062 6.35 6.53 5.65 10/594 1101362
1788782067 6.48 6.55 5.67 3/589 1104507
1788782072 6.60 6.58 5.68 2/597 1108790
1788782077 6.15 6.49 5.65 3/602 1108813
1788782082 6.94 6.64 5.71 1/578 1109141
1788782087 6.39 6.53 5.68 1/578 1109151
1788782092 5.88 6.42 5.65 1/578 1109196
1788782097 5.40 6.32 5.62 2/573 1109214
1788782102 4.97 6.21 5.59 1/572 1109223
1788782107 4.65 6.13 5.56 1/572 1109232
1788782112 4.36 6.04 5.54 5/602 1110905
1788782117 4.25 5.99 5.52 3/595 1112775
1788782122 4.31 5.97 5.52 4/588 1112828
1788782127 4.05 5.89 5.50 2/587 1112880
1788782132 3.80 5.81 5.47 2/588 1114003
1788782137 3.58 5.73 5.45 2/588 1114012
1788782142 3.37 5.65 5.42 2/586 1114052
1788782147 3.18 5.57 5.40 2/586 1114062
1788782152 3.01 5.50 5.38 3/585 1114079
1788782157 2.84 5.42 5.35 2/584 1114137
1788782162 2.70 5.35 5.33 3/575 1114233
1788782167 2.64 5.29 5.31 2/583 1114942
1788782172 2.51 5.22 5.29 2/583 1114951
1788782177 2.39 5.15 5.26 2/587 1115029
1788782182 2.28 5.08 5.24 3/580 1115038
1788782187 2.17 5.01 5.22 2/600 1115191
1788782192 2.08 4.95 5.20 2/587 1115212
1788782197 1.99 4.88 5.17 2/586 1115221
1788782202 1.91 4.82 5.15 2/586 1115267
1788782207 1.84 4.75 5.13 5/588 1115332
1788782212 2.01 4.74 5.12 2/585 1115389
1788782217 1.93 4.68 5.10 2/585 1115398
1788782222 1.94 4.63 5.08 2/585 1115407
1788782227 1.79 4.51 5.04 2/586 1115417
1788782232 1.65 4.44 5.01 1/565 1117215
1788782237 1.52 4.36 4.98 1/565 1117283
1788782242 1.39 4.29 4.96 1/572 1117299
1788782247 1.28 4.22 4.93 1/571 1117308
1788782252 1.18 4.15 4.90 1/578 1117513
1788782257 1.09 4.08 4.88 1/578 1117570
1788782262 1.00 4.01 4.85 1/579 1117643
1788782267 0.92 3.94 4.82 1/579 1117655
1788782272 0.84 3.88 4.80 1/580 1117698
1788782277 0.78 3.81 4.77 1/580 1117707
1788782282 0.71 3.75 4.75 1/572 1117716
1788782287 0.66 3.69 4.72 1/574 1117758
1788782292 0.60 3.63 4.69 1/573 1117767
1788782297 0.56 3.57 4.67 1/565 1117835
1788782302 0.51 3.51 4.64 1/572 1117891
1788782307 0.47 3.45 4.62 2/574 1117919
1788782312 0.43 3.39 4.59 1/574 1118071
1788782317 0.40 3.33 4.57 1/572 1118080
1788782322 0.45 3.29 4.55 2/577 1118143
1788782327 0.49 3.26 4.53 2/577 1118153
1788782332 0.53 3.22 4.51 2/579 1118211
1788782337 0.57 3.18 4.49 2/579 1118220
1788782342 0.60 3.14 4.47 2/572 1118264
1788782347 0.55 3.09 4.45 1/566 1118313
1788782352 0.51 3.04 4.42 1/566 1118323
1788782357 0.47 2.99 4.40 1/567 1118408
1788782362 0.43 2.94 4.38 1/575 1118425
1788782367 0.64 2.94 4.37 1/572 1118435
1788782372 0.59 2.89 4.34 1/565 1118588
1788782377 0.54 2.84 4.32 1/565 1119705
1788782382 0.50 2.80 4.30 1/564 1119745
1788782387 0.46 2.75 4.27 1/563 1119755
1788782392 0.42 2.70 4.25 1/571 1119811
1788782397 0.39 2.66 4.23 1/571 1119820
1788782402 0.35 2.61 4.20 1/576 1120056
1788782407 0.73 2.65 4.21 2/577 1120221
1788782412 0.67 2.61 4.19 1/565 1120241
1788782417 0.61 2.57 4.16 1/565 1120309
1788782422 0.56 2.52 4.14 1/573 1120326
1788782427 0.52 2.48 4.12 1/573 1120335
1788782432 0.48 2.44 4.10 1/566 1120494
1788782437 0.44 2.40 4.07 1/566 1120542
1788782442 0.40 2.36 4.05 1/565 1120588
1788782447 0.37 2.32 4.03 1/565 1120598
1788782452 0.34 2.28 4.01 1/572 1120614
1788782457 0.31 2.24 3.98 1/573 1120624
1788782462 0.29 2.21 3.96 1/573 1120633
1788782467 0.26 2.17 3.94 1/572 1120642
1788782472 0.24 2.13 3.92 1/572 1120651
1788782477 0.22 2.10 3.90 1/572 1120718
1788782482 0.21 2.06 3.88 1/572 1120766
1788782487 0.19 2.03 3.86 1/572 1120775
1788782492 0.17 1.99 3.84 1/573 1120933
1788782497 0.16 1.96 3.81 1/573 1120942
1788782502 0.31 1.96 3.81 1/566 1120988
1788782507 0.28 1.93 3.78 1/566 1120998
1788782512 0.26 1.90 3.76 4/565 1121007
1788782517 0.24 1.86 3.74 1/565 1121016
1788782522 0.22 1.83 3.72 1/572 1121032
1788782527 0.20 1.80 3.70 1/572 1121080
1788782532 0.18 1.77 3.68 1/572 1121089
1788782537 0.33 1.78 3.67 2/596 1121440
1788782542 0.30 1.75 3.65 1/568 1121453
1788782547 0.28 1.72 3.63 1/567 1121462
1788782552 0.26 1.69 3.61 1/567 1121619
1788782557 0.24 1.66 3.59 1/567 1121628
1788782562 0.22 1.63 3.58 2/569 1121673
1788782567 0.20 1.60 3.56 1/567 1121684
1788782572 0.18 1.58 3.54 1/567 1121743
1788782577 0.17 1.55 3.52 2/568 1121753
1788782582 0.15 1.53 3.50 1/568 1121762
1788782587 0.14 1.50 3.48 1/561 1121771
1788782592 0.13 1.47 3.46 1/561 1121780
1788782597 0.28 1.48 3.45 1/560 1121848
1788782602 0.26 1.46 3.43 1/560 1121857
1788782607 0.24 1.43 3.41 2/567 1121873
1788782612 0.38 1.44 3.41 4/588 1122026
1788782617 0.35 1.42 3.39 1/567 1122078
1788782622 0.32 1.40 3.37 3/567 1122093
1788782627 0.29 1.37 3.35 1/565 1122134
1788782632 0.27 1.35 3.33 7/571 1122192
1788782637 0.25 1.33 3.31 1/571 1122201
1788782642 0.23 1.30 3.30 2/568 1122215
1788782647 0.21 1.28 3.28 1/568 1122224
1788782652 0.19 1.26 3.26 1/568 1122233
1788782657 0.18 1.24 3.24 1/568 1122301
1788782662 0.16 1.22 3.23 1/569 1122350
1788782667 0.15 1.20 3.21 1/569 1122359
1788782672 0.14 1.18 3.19 1/562 1122368
1788782677 0.13 1.16 3.17 1/562 1122523
1788782682 0.12 1.14 3.16 1/561 1122532
1788782687 0.11 1.12 3.14 1/561 1122579
1788782692 0.10 1.10 3.12 1/568 1122595
1788782697 0.09 1.08 3.10 1/568 1122604
1788782702 0.08 1.06 3.09 1/568 1122613
1788782707 0.08 1.05 3.07 1/567 1122661
1788782712 0.07 1.03 3.05 1/567 1122670
1788782718 0.06 1.01 3.04 1/567 1122738
1788782723 0.06 0.99 3.02 1/568 1122748
1788782728 0.05 0.98 3.00 1/568 1122757
1788782733 0.05 0.96 2.99 1/561 1122766
1788782738 0.04 0.95 2.97 1/560 1122926
1788782743 0.04 0.93 2.96 1/559 1122935
1788782748 0.04 0.91 2.94 1/559 1122982
1788782753 0.03 0.90 2.92 1/566 1123037
1788782758 0.03 0.88 2.91 1/566 1123046
1788782763 0.03 0.87 2.89 1/566 1123055
1788782768 0.03 0.85 2.88 1/566 1123064
1788782773 0.02 0.84 2.86 1/566 1123073
1788782778 0.02 0.82 2.84 2/565 1123134
1788782783 0.02 0.81 2.83 1/566 1123151
1788782788 0.02 0.80 2.81 1/566 1123160
1788782793 0.02 0.78 2.80 1/559 1123169
1788782798 0.01 0.77 2.78 1/559 1123366
1788782803 0.01 0.76 2.77 1/558 1123375
1788782808 0.01 0.74 2.75 1/559 1123425
1788782813 0.09 0.75 2.74 1/566 1123441
1788782818 0.08 0.74 2.73 1/565 1123450
1788782823 0.08 0.72 2.71 1/565 1123459
1788782828 0.07 0.71 2.70 1/565 1123468
1788782833 0.06 0.70 2.68 1/565 1123477
1788782838 0.06 0.69 2.67 2/566 1123487
1788782843 0.05 0.67 2.65 1/567 1123594
1788782848 0.13 0.68 2.64 1/567 1123603
1788782853 0.12 0.67 2.63 1/560 1123612
1788782858 0.11 0.66 2.62 1/560 1123767
1788782863 0.10 0.65 2.60 1/559 1123776
1788782868 0.17 0.65 2.59 1/550 1123823
1788782873 0.16 0.64 2.58 1/557 1123841
1788782878 0.15 0.63 2.56 1/557 1123850
1788782883 0.13 0.62 2.55 1/557 1123859
1788782888 0.12 0.61 2.54 1/557 1123916
1788782893 0.11 0.60 2.52 1/557 1123925
1788782898 0.10 0.59 2.51 1/557 1123934
1788782903 0.10 0.58 2.50 1/559 1124004
1788782908 0.09 0.57 2.48 1/559 1124013
1788782913 0.08 0.56 2.47 1/552 1124022
1788782918 0.07 0.55 2.45 1/552 1124179
1788782923 0.07 0.54 2.44 1/551 1124188
1788782928 0.06 0.53 2.43 1/551 1124235
1788782933 0.06 0.52 2.41 1/562 1124337
1788782938 0.05 0.51 2.40 1/559 1124346
1788782943 0.05 0.50 2.39 1/558 1124360
1788782948 0.04 0.50 2.37 1/558 1124369
1788782953 0.04 0.49 2.36 1/558 1124378
1788782958 0.04 0.48 2.35 2/558 1124387
1788782963 0.03 0.47 2.34 1/559 1124456
1788782968 0.03 0.46 2.32 1/558 1124465
1788782973 0.03 0.45 2.31 1/551 1124474
1788782978 0.11 0.46 2.30 2/551 1124671
1788782983 0.10 0.46 2.29 1/550 1124680
1788782988 0.17 0.47 2.28 2/550 1124727
1788782993 0.16 0.46 2.27 1/557 1124743
1788782998 0.14 0.45 2.26 1/557 1124752
1788783003 0.13 0.44 2.25 1/557 1124761
1788783008 0.12 0.43 2.23 1/557 1124770
1788783013 0.11 0.43 2.22 1/557 1124779
1788783018 0.10 0.42 2.21 1/557 1124788
1788783023 0.09 0.41 2.20 1/558 1124896
1788783028 0.09 0.40 2.19 1/558 1124905
1788783033 0.08 0.40 2.17 2/551 1124914
1788783038 0.07 0.39 2.16 2/551 1124935
1788783043 0.07 0.38 2.15 1/550 1125082
1788783048 0.06 0.38 2.14 1/550 1125129
1788783053 0.14 0.39 2.13 1/557 1125145
1788783058 0.12 0.38 2.12 1/557 1125154
1788783063 0.11 0.37 2.11 1/557 1125163
1788783068 0.11 0.37 2.10 2/557 1125199
1788783073 0.10 0.36 2.08 1/557 1125220
1788783078 0.09 0.36 2.07 1/558 1125232
1788783083 0.08 0.35 2.06 1/559 1125301
1788783088 0.07 0.34 2.05 1/558 1125310
1788783093 0.07 0.34 2.04 1/551 1125319
1788783098 0.06 0.33 2.03 1/551 1125328
1788783103 0.06 0.33 2.02 1/542 1125485
1788783108 0.05 0.32 2.01 1/542 1125532
1788783113 0.05 0.31 2.00 2/549 1125548
1788783118 0.04 0.31 1.98 1/549 1125596
1788783123 0.04 0.30 1.97 1/549 1125605
1788783128 0.04 0.30 1.96 1/549 1125614
1788783133 0.03 0.29 1.95 1/549 1125623
1788783138 0.03 0.29 1.94 1/549 1125632
1788783143 0.11 0.30 1.94 1/550 1125701
1788783148 0.10 0.30 1.93 1/550 1125710
1788783153 0.25 0.32 1.93 1/543 1125719
1788783158 0.23 0.32 1.91 1/543 1125728
1788783163 0.21 0.31 1.90 3/542 1125924
1788783168 0.20 0.31 1.89 1/542 1125971
1788783173 0.18 0.30 1.88 1/549 1125989
1788783178 0.16 0.30 1.87 2/549 1125998
1788783183 0.23 0.31 1.87 1/549 1126007
1788783188 0.21 0.30 1.86 1/549 1126016
1788783193 0.20 0.30 1.85 1/549 1126025
1788783198 0.18 0.29 1.84 1/549 1126034
1788783203 0.16 0.29 1.83 1/549 1126103
1788783208 0.15 0.28 1.82 1/549 1126160
1788783213 0.14 0.28 1.81 1/542 1126169
1788783218 0.13 0.27 1.80 1/542 1126178
1788783223 0.12 0.27 1.79 1/541 1126333
1788783228 0.11 0.26 1.78 1/541 1126380
1788783233 0.10 0.26 1.77 1/551 1126442
1788783238 0.09 0.25 1.76 1/551 1126451
1788783243 0.08 0.25 1.75 1/550 1126465
1788783248 0.08 0.25 1.74 1/550 1126474
1788783253 0.07 0.24 1.73 1/550 1126522
1788783258 0.06 0.24 1.72 1/550 1126531
1788783263 0.06 0.23 1.71 1/548 1126600
1788783268 0.05 0.23 1.70 1/548 1126609
1788783273 0.13 0.24 1.70 1/541 1126618
1788783278 0.12 0.24 1.69 1/541 1126627
1788783283 0.11 0.23 1.68 1/540 1126784
1788783288 0.10 0.23 1.67 1/540 1126831
1788783293 0.09 0.22 1.66 1/547 1126847
1788783298 0.08 0.22 1.65 1/547 1126895
1788783303 0.08 0.22 1.64 1/547 1126904
1788783308 0.07 0.21 1.63 1/547 1126913
1788783313 0.07 0.21 1.62 1/547 1126922
1788783318 0.06 0.20 1.61 1/547 1126931
1788783323 0.06 0.20 1.61 1/547 1127000
1788783328 0.05 0.20 1.60 1/547 1127009
1788783333 0.05 0.19 1.59 1/540 1127018
1788783338 0.04 0.19 1.58 1/540 1127027
1788783343 0.12 0.20 1.58 1/539 1127224
1788783348 0.11 0.20 1.57 1/540 1127274
1788783353 0.10 0.20 1.56 1/547 1127290
1788783358 0.09 0.19 1.55 1/546 1127299
1788783363 0.16 0.21 1.55 1/546 1127308
1788783368 0.15 0.20 1.54 1/546 1127317
1788783373 0.14 0.20 1.53 1/546 1127326
1788783378 0.13 0.20 1.52 1/546 1127335
1788783383 0.12 0.19 1.51 1/546 1127403
1788783388 0.11 0.19 1.50 1/546 1127451
1788783393 0.10 0.19 1.50 1/539 1127460
1788783398 0.09 0.18 1.49 1/539 1127469
1788783403 0.08 0.18 1.48 1/560 1127622
1788783408 0.08 0.18 1.47 1/539 1127673
1788783413 0.07 0.17 1.46 1/547 1127690
1788783418 0.06 0.17 1.45 1/547 1127699
1788783423 0.06 0.17 1.45 1/540 1127708
1788783428 0.05 0.16 1.44 1/540 1127717
1788783433 0.05 0.16 1.43 1/539 1127765
1788783438 0.05 0.16 1.42 1/539 1127774
1788783443 0.04 0.16 1.41 1/547 1127850
1788783448 0.12 0.17 1.41 1/547 1127859
1788783453 0.19 0.18 1.41 1/540 1127868
1788783458 0.17 0.18 1.40 1/540 1127877
1788783463 0.24 0.19 1.40 1/539 1127886
1788783468 0.22 0.19 1.39 1/539 1128080
1788783473 0.20 0.19 1.38 1/547 1128099
1788783478 0.19 0.18 1.38 1/547 1128147
1788783483 0.17 0.18 1.37 1/540 1128156
1788783488 0.16 0.18 1.36 2/540 1128165
1788783493 0.14 0.17 1.35 1/539 1128174
1788783498 0.13 0.17 1.35 1/539 1128183
1788783503 0.12 0.17 1.34 1/546 1128258
1788783508 0.11 0.17 1.33 1/546 1128267
1788783513 0.18 0.18 1.33 1/539 1128276
1788783518 0.17 0.18 1.32 1/539 1128285
1788783523 0.15 0.17 1.31 1/539 1128342
1788783528 0.14 0.17 1.31 1/539 1128536
1788783533 0.13 0.17 1.30 1/550 1128599
1788783538 0.12 0.16 1.29 1/551 1128609
1788783543 0.11 0.16 1.29 1/543 1128623
1788783548 0.10 0.16 1.28 6/542 1128632
1788783553 0.09 0.16 1.27 1/543 1128642
1788783558 0.08 0.15 1.26 1/541 1128651
1788783563 0.08 0.15 1.26 1/545 1128726
1788783568 0.07 0.15 1.25 1/547 1128776
1788783573 0.07 0.14 1.24 1/547 1128785
1788783578 0.06 0.14 1.24 1/546 1128794
1788783584 0.06 0.14 1.23 1/546 1128803
1788783589 0.05 0.14 1.22 1/545 1128997
1788783594 0.05 0.13 1.22 1/545 1129006
1788783599 0.04 0.13 1.21 1/546 1129016
1788783604 0.04 0.13 1.20 1/546 1129025
1788783609 0.04 0.13 1.20 1/539 1129034
1788783614 0.03 0.12 1.19 1/539 1129082
1788783619 0.03 0.12 1.18 1/539 1129094
1788783624 0.03 0.12 1.18 1/539 1129162
1788783629 0.02 0.12 1.17 1/545 1129178
1788783634 0.02 0.12 1.16 1/545 1129187
1788783639 0.02 0.11 1.16 1/545 1129196
1788783644 0.02 0.11 1.15 1/545 1129205
1788783649 0.02 0.11 1.14 1/545 1129403
1788783654 0.02 0.11 1.14 1/545 1129412
1788783659 0.01 0.11 1.13 1/546 1129461
1788783664 0.01 0.10 1.12 2/546 1129470
1788783669 0.01 0.10 1.12 1/539 1129479
1788783674 0.01 0.10 1.11 1/539 1129488
1788783679 0.01 0.10 1.11 1/538 1129497
1788783684 0.01 0.10 1.10 1/537 1129565
1788783689 0.01 0.09 1.09 1/544 1129581
1788783694 0.01 0.09 1.09 1/544 1129590
1788783699 0.01 0.09 1.08 1/544 1129599
1788783704 0.00 0.09 1.07 1/544 1129647
1788783709 0.00 0.09 1.07 1/544 1129840
1788783714 0.00 0.08 1.06 1/544 1129849
1788783719 0.00 0.08 1.06 1/545 1129859
1788783724 0.00 0.08 1.05 1/545 1129868
1788783729 0.00 0.08 1.05 1/538 1129877
1788783734 0.00 0.08 1.04 1/538 1129886
1788783739 0.00 0.08 1.03 1/537 1129895
1788783744 0.00 0.08 1.03 1/539 1129965
1788783749 0.00 0.07 1.02 1/546 1130020
1788783754 0.00 0.07 1.02 1/546 1130029
1788783759 0.00 0.07 1.01 1/546 1130038
1788783764 0.00 0.07 1.00 1/546 1130047
1788783769 0.00 0.07 1.00 3/552 1130154
1788783774 0.00 0.07 0.99 1/546 1130251
1788783779 0.00 0.07 0.99 1/546 1130262
1788783784 0.00 0.06 0.98 1/546 1130271
1788783789 0.00 0.06 0.98 1/539 1130280
1788783794 0.08 0.08 0.98 1/539 1130328
1788783799 0.07 0.08 0.97 1/539 1130337
1788783804 0.07 0.08 0.97 1/540 1130406
1788783809 0.06 0.07 0.96 1/548 1130423
1788783814 0.06 0.07 0.96 7/547 1130432
1788783819 0.05 0.07 0.95 1/540 1130441
1788783824 0.05 0.07 0.95 3/540 1130450
1788783829 0.04 0.07 0.94 1/539 1130460
1788783834 0.04 0.07 0.93 1/541 1130699
1788783839 0.04 0.07 0.93 1/548 1130763
1788783844 0.35 0.13 0.95 1/563 1130793
1788783849 0.33 0.13 0.94 1/563 1130802
1788783854 0.30 0.13 0.93 1/561 1130811
1788783859 0.27 0.12 0.93 1/561 1130820
1788783864 0.25 0.12 0.92 1/561 1130888
1788783869 0.23 0.12 0.92 1/562 1130898
1788783874 0.21 0.12 0.91 1/562 1130907
1788783879 0.20 0.11 0.91 1/555 1130916
1788783884 0.18 0.11 0.90 1/555 1130964
1788783889 0.16 0.11 0.90 1/555 1130977
1788783894 0.15 0.11 0.89 1/554 1131171
1788783899 0.14 0.11 0.89 1/560 1131187
1788783904 0.13 0.10 0.88 1/560 1131196
1788783909 0.12 0.10 0.88 1/560 1131205
1788783914 0.11 0.10 0.87 1/560 1131214
1788783919 0.10 0.10 0.87 1/560 1131223
1788783924 0.09 0.10 0.86 1/560 1131291
1788783929 0.08 0.09 0.86 1/561 1131340
1788783934 0.08 0.09 0.85 1/561 1131349
1788783939 0.07 0.09 0.85 1/554 1131358
1788783944 0.06 0.09 0.84 1/554 1131367
1788783949 0.06 0.09 0.84 1/553 1131377
1788783954 0.05 0.09 0.83 1/553 1131573
1788783959 0.05 0.08 0.83 1/560 1131589
1788783964 0.05 0.08 0.83 1/560 1131598
1788783969 0.04 0.08 0.82 1/560 1131607
1788783974 0.04 0.08 0.82 1/560 1131655
1788783979 0.03 0.08 0.81 1/560 1131664
1788783984 0.03 0.08 0.81 1/561 1131733
1788783989 0.03 0.08 0.80 1/562 1131743
1788783994 0.03 0.07 0.80 1/562 1131752
1788783999 0.02 0.07 0.79 1/555 1131761
1788784004 0.02 0.07 0.79 1/555 1131770
1788784009 0.10 0.09 0.79 1/554 1131780
1788784014 0.17 0.10 0.79 1/554 1131971
1788784019 0.16 0.10 0.79 1/561 1132026
1788784024 0.23 0.12 0.79 2/561 1132035
1788784029 0.21 0.11 0.78 1/561 1132044
1788784034 0.19 0.11 0.78 1/561 1132053
1788784039 0.17 0.11 0.78 1/561 1132062
1788784044 0.16 0.11 0.77 1/562 1132131
1788784049 0.15 0.11 0.77 1/562 1132140
1788784054 0.22 0.12 0.77 1/561 1132149
1788784059 0.20 0.12 0.76 1/561 1132158
1788784064 0.18 0.12 0.76 2/561 1132199
1788784069 0.17 0.11 0.76 1/561 1132216
1788784074 0.15 0.11 0.75 1/561 1132409
1788784079 0.14 0.11 0.75 1/562 1132421
1788784084 0.13 0.11 0.74 1/562 1132430
1788784089 0.12 0.11 0.74 1/543 1132545
1788784094 0.11 0.10 0.73 1/543 1132554
1788784099 0.10 0.10 0.73 1/543 1132563
1788784104 0.09 0.10 0.72 1/543 1132630
1788784109 0.08 0.10 0.72 2/543 1132640
1788784114 0.08 0.10 0.72 1/543 1132687
1788784119 0.07 0.09 0.71 1/543 1132696
1788784124 0.06 0.09 0.71 1/543 1132705
1788784129 0.06 0.09 0.70 1/543 1132715
1788784134 0.05 0.09 0.70 2/546 1132786
1788784139 0.05 0.09 0.70 1/546 1132864
1788784144 0.05 0.08 0.69 1/546 1132879
1788784149 0.04 0.08 0.69 1/545 1132888
1788784154 0.04 0.08 0.69 1/545 1132897
1788784159 0.04 0.08 0.68 1/546 1132957
1788784164 0.03 0.08 0.68 1/548 1133026
1788784169 0.03 0.08 0.67 1/547 1133035
1788784174 0.19 0.11 0.68 1/547 1133044
1788784179 0.17 0.11 0.68 1/547 1133053
1788784184 0.16 0.11 0.67 1/547 1133062
1788784189 0.15 0.10 0.67 1/547 1133072
1788784194 0.13 0.10 0.67 1/547 1133081
1788784199 0.12 0.10 0.66 2/547 1133275
1788784204 0.11 0.10 0.66 6/561 1133621
1788784209 0.10 0.10 0.65 1/550 1133714
1788784214 0.10 0.09 0.65 1/550 1133729
1788784219 0.09 0.09 0.65 1/550 1133738
1788784224 0.08 0.09 0.64 1/552 1133807
1788784229 0.07 0.09 0.64 1/552 1133816
1788784234 0.07 0.09 0.63 2/552 1133825
1788784239 0.06 0.08 0.63 1/552 1133834
1788784244 0.06 0.08 0.63 1/552 1133843
1788784249 0.05 0.08 0.62 1/552 1133892
1788784254 0.05 0.08 0.62 1/552 1133901
1788784259 0.04 0.08 0.62 1/552 1134098
1788784264 0.04 0.08 0.61 2/552 1134107
1788784269 0.04 0.08 0.61 1/552 1134116
1788784274 0.03 0.07 0.61 1/552 1134125
1788784279 0.03 0.07 0.60 1/552 1134134
1788784284 0.03 0.07 0.60 2/569 1134683
1788784289 0.02 0.07 0.60 1/569 1134692
1788784294 0.02 0.07 0.59 1/570 1134741
1788784299 0.02 0.07 0.59 1/570 1134751
1788784304 0.02 0.07 0.59 1/570 1134760
1788784309 0.02 0.06 0.58 1/569 1134770
1788784314 0.10 0.08 0.59 1/567 1134780
1788784319 0.09 0.08 0.58 1/552 1134970
1788784324 0.08 0.08 0.58 1/552 1134979
1788784329 0.07 0.08 0.58 1/552 1134988
1788784334 0.07 0.07 0.57 1/552 1134997
1788784339 0.06 0.07 0.57 1/552 1135045
1788784344 0.06 0.07 0.56 1/552 1135112
1788784349 0.05 0.07 0.56 1/552 1135121
1788784354 0.05 0.07 0.56 1/552 1135130
1788784359 0.04 0.07 0.55 1/552 1135139
1788784364 0.04 0.07 0.55 1/552 1135148
1788784369 0.04 0.06 0.55 1/552 1135158
1788784374 0.03 0.06 0.54 1/552 1135167
1788784379 0.03 0.06 0.54 1/552 1135361
1788784384 0.03 0.06 0.54 1/552 1135409
1788784389 0.02 0.06 0.54 1/511 1135418
1788784394 0.02 0.06 0.53 1/511 1135427
1788784399 0.02 0.06 0.53 1/511 1135436
1788784404 0.02 0.06 0.53 1/511 1135501
1788784409 0.02 0.05 0.52 1/511 1135510
1788784414 0.02 0.05 0.52 1/511 1135519
1788784419 0.01 0.05 0.52 1/511 1135528
1788784424 0.01 0.05 0.52 1/511 1135537
1788784429 0.01 0.05 0.51 1/515 1135634
1788784434 0.01 0.05 0.51 1/515 1135643
1788784439 0.09 0.07 0.51 1/514 1135841
1788784444 0.08 0.06 0.51 1/511 1135852
1788784450 0.08 0.06 0.51 1/511 1135861
1788784455 0.15 0.08 0.51 1/511 1135870
1788784460 0.14 0.08 0.51 1/511 1135879
1788784465 0.13 0.08 0.50 2/511 1135944
1788784470 0.12 0.07 0.50 1/511 1135953
1788784475 0.11 0.07 0.50 1/511 1136010
1788784480 0.10 0.07 0.49 1/511 1136019
1788784485 0.09 0.07 0.49 1/511 1136028
1788784490 0.08 0.07 0.49 1/511 1136038
1788784495 0.08 0.07 0.49 1/511 1136047
1788784500 0.07 0.06 0.48 2/514 1136067
1788784505 0.06 0.06 0.48 1/511 1136248
1788784510 0.06 0.06 0.48 1/510 1136257
1788784515 0.05 0.06 0.47 1/510 1136266
1788784520 0.05 0.06 0.47 1/510 1136314
1788784525 0.04 0.06 0.47 1/510 1136379
1788784530 0.04 0.06 0.47 3/509 1136388
1788784535 0.04 0.06 0.46 1/509 1136397
1788784540 0.03 0.05 0.46 1/507 1136406
1788784545 0.03 0.05 0.46 1/507 1136415
1788784550 0.03 0.05 0.45 1/507 1136425
1788784555 0.03 0.05 0.45 1/507 1136434
1788784560 0.02 0.05 0.45 1/507 1136443
1788784565 0.02 0.05 0.45 1/507 1136677
1788784570 0.02 0.05 0.44 1/507 1136686
1788784575 0.02 0.05 0.44 1/507 1136695
1788784580 0.02 0.05 0.44 2/507 1136704
1788784585 0.01 0.05 0.44 1/504 1136769
1788784590 0.01 0.04 0.43 1/504 1136778
1788784595 0.01 0.04 0.43 1/504 1136787
1788784600 0.01 0.04 0.43 1/504 1136796
1788784605 0.01 0.04 0.43 1/504 1136805
1788784610 0.09 0.06 0.43 1/504 1136854
1788784615 0.08 0.06 0.43 1/504 1136863
1788784620 0.16 0.07 0.43 1/504 1136872
1788784625 0.22 0.09 0.43 1/504 1137066
1788784630 0.20 0.09 0.43 1/504 1137075
1788784635 0.19 0.09 0.43 1/507 1137387
1788784640 0.17 0.08 0.43 1/507 1137396
1788784645 0.16 0.08 0.42 1/507 1137461
1788784650 0.15 0.08 0.42 2/508 1137488
1788784655 0.13 0.08 0.42 1/507 1137564
1788784660 0.12 0.08 0.42 1/507 1137573
1788784665 0.11 0.08 0.41 1/507 1137582
1788784670 0.10 0.08 0.41 1/507 1137592
1788784675 0.10 0.07 0.41 1/507 1137601
1788784680 0.09 0.07 0.41 1/507 1137612
1788784685 0.08 0.07 0.41 6/507 1137808
1788784690 0.07 0.07 0.40 2/527 1137888
1788784695 0.23 0.10 0.41 1/518 1138087
1788784700 0.21 0.10 0.41 1/507 1138266
1788784705 0.19 0.10 0.41 2/507 1138331
1788784710 0.18 0.10 0.40 2/507 1138346
1788784715 0.16 0.09 0.40 1/507 1138383
1788784720 0.15 0.09 0.40 1/507 1138392
1788784725 0.14 0.09 0.40 1/507 1138401
1788784730 0.13 0.09 0.39 1/510 1138457
1788784735 0.12 0.09 0.39 1/510 1138466
1788784740 0.11 0.08 0.39 1/508 1138475
1788784745 0.10 0.08 0.39 1/527 1138702
1788784750 0.09 0.08 0.38 1/507 1138717
1788784755 0.08 0.08 0.38 1/507 1139102
1788784760 0.08 0.08 0.38 2/507 1139111
1788784765 0.07 0.08 0.38 1/507 1139176
1788784770 0.06 0.08 0.37 3/507 1139186
1788784775 0.06 0.07 0.37 1/506 1139228
1788784780 0.05 0.07 0.37 1/506 1139237
1788784785 0.05 0.07 0.37 1/506 1139246
1788784790 0.04 0.07 0.37 1/506 1139304
1788784795 0.04 0.07 0.36 1/506 1139313
1788784800 0.04 0.07 0.36 1/506 1139322
1788784805 0.03 0.07 0.36 1/506 1139331
1788784810 0.03 0.06 0.36 1/506 1139525
1788784815 0.03 0.06 0.35 1/506 1139549
1788784820 0.03 0.06 0.35 1/506 1139558
1788784825 0.02 0.06 0.35 1/506 1139623
1788784830 0.02 0.06 0.35 1/506 1139632
1788784835 0.10 0.07 0.35 1/506 1139714
1788784840 0.09 0.07 0.35 1/506 1139723
1788784845 0.08 0.07 0.35 2/506 1139732
1788784850 0.08 0.07 0.35 1/506 1139742
1788784855 0.07 0.07 0.35 2/506 1139751
1788784860 0.15 0.08 0.35 1/506 1139760
1788784865 0.13 0.08 0.35 1/506 1139769
1788784870 0.12 0.08 0.35 1/506 1139967
1788784875 0.11 0.08 0.34 2/507 1140264
1788784880 0.10 0.08 0.34 1/506 1140321
1788784885 0.10 0.08 0.34 1/506 1140386
1788784890 0.09 0.08 0.34 1/506 1140395
1788784895 0.16 0.09 0.34 1/506 1140438
1788784900 0.15 0.09 0.34 1/506 1140447
1788784905 0.14 0.09 0.34 1/506 1140456
1788784910 0.12 0.09 0.34 1/506 1140466
1788784915 0.11 0.08 0.33 1/506 1140475
1788784920 0.10 0.08 0.33 1/506 1140484
1788784925 0.10 0.08 0.33 1/506 1140532
1788784930 0.49 0.16 0.35 1/506 1140724
1788784935 0.45 0.16 0.35 1/506 1140733
1788784940 0.41 0.16 0.35 1/505 1140760
1788784945 0.38 0.15 0.35 1/505 1140825
1788784950 0.43 0.17 0.35 1/505 1140834
1788784955 0.39 0.17 0.35 1/505 1140886
1788784960 0.36 0.16 0.35 1/505 1140895
1788784965 0.33 0.16 0.35 1/505 1140904
1788784970 0.31 0.16 0.35 1/505 1140953
1788784975 0.28 0.15 0.34 1/505 1140962
1788784980 0.26 0.15 0.34 1/505 1140973
1788784985 0.24 0.15 0.34 1/505 1140982
1788784990 0.30 0.16 0.34 4/529 1141245
1788784995 0.27 0.16 0.34 2/512 1141329
1788785000 0.25 0.16 0.34 1/539 1141801
1788785005 0.23 0.15 0.34 1/505 1141936
1788785010 0.21 0.15 0.34 1/505 1141945
1788785015 0.20 0.15 0.33 2/506 1142039
1788785020 0.18 0.14 0.33 1/506 1142048
1788785025 0.16 0.14 0.33 1/506 1142057
1788785030 0.15 0.14 0.33 1/507 1142112
1788785035 0.14 0.14 0.33 1/507 1142121
1788785040 0.13 0.14 0.32 1/505 1142135
1788785045 0.12 0.13 0.32 1/505 1142144
1788785050 0.11 0.13 0.32 1/517 1142369
1788785055 0.10 0.13 0.32 1/505 1142426
1788785060 0.09 0.13 0.32 1/505 1142489
1788785065 0.16 0.14 0.32 2/505 1142525
1788785070 0.15 0.14 0.32 1/504 1142563
1788785075 0.14 0.14 0.32 1/504 1142606
1788785080 0.13 0.13 0.31 1/504 1142615
1788785085 0.12 0.13 0.31 1/504 1142624
1788785090 0.11 0.13 0.31 1/504 1142634
1788785095 0.10 0.13 0.31 1/504 1142643
1788785100 0.09 0.12 0.31 1/504 1142652
1788785105 0.08 0.12 0.30 2/504 1142670
1788785110 0.08 0.12 0.30 1/504 1142718
1788785115 0.07 0.12 0.30 1/504 1142911
1788785120 0.06 0.11 0.30 1/504 1143209
1788785125 0.06 0.11 0.30 1/504 1143218
1788785130 0.05 0.11 0.29 1/504 1143283
1788785135 0.05 0.11 0.29 1/504 1143326
1788785140 0.04 0.11 0.29 1/504 1143335
1788785145 0.04 0.10 0.29 1/504 1143344
1788785150 0.04 0.10 0.29 1/504 1143354
1788785155 0.03 0.10 0.28 1/504 1143402
1788785160 0.03 0.10 0.28 1/504 1143411
1788785165 0.03 0.10 0.28 1/504 1143420
1788785170 0.03 0.09 0.28 1/504 1143429
1788785175 0.10 0.11 0.28 2/504 1143625
1788785180 0.10 0.11 0.28 1/504 1143649
1788785185 0.09 0.11 0.28 1/504 1143658
1788785190 0.08 0.10 0.28 1/505 1143724
1788785195 0.07 0.10 0.27 1/505 1143767
1788785200 0.07 0.10 0.27 1/505 1143815
1788785205 0.06 0.10 0.27 1/505 1143824
1788785210 0.06 0.10 0.27 1/505 1143834
1788785215 0.05 0.09 0.27 1/505 1143843
1788785220 0.05 0.09 0.27 2/505 1143852
1788785225 0.04 0.09 0.27 1/505 1143861
1788785230 0.04 0.09 0.26 1/505 1143870
1788785235 0.04 0.09 0.26 1/505 1144065
1788785240 0.03 0.08 0.26 1/505 1144074
1788785245 0.03 0.08 0.26 1/505 1144122
1788785250 0.03 0.08 0.26 1/505 1144187
1788785255 0.02 0.08 0.26 1/505 1144196
1788785260 0.02 0.08 0.25 1/505 1144205
1788785265 0.02 0.08 0.25 1/505 1144214
1788785270 0.02 0.08 0.25 1/505 1144224
1788785275 0.02 0.07 0.25 1/505 1144233
1788785280 0.02 0.07 0.25 1/505 1144244
1788785285 0.01 0.07 0.25 1/505 1144253
1788785290 0.01 0.07 0.25 1/505 1144301
1788785295 0.01 0.07 0.24 1/505 1144633
1788785300 0.01 0.07 0.24 1/505 1145051
1788785306 0.09 0.08 0.25 1/505 1145190
1788785311 0.08 0.08 0.25 1/505 1145255
1788785316 0.08 0.08 0.24 1/505 1145310
1788785321 0.07 0.08 0.24 1/505 1145319
1788785326 0.06 0.08 0.24 3/505 1145328
1788785331 0.06 0.08 0.24 1/508 1145384
1788785336 0.05 0.07 0.24 1/508 1145432
1788785341 0.05 0.07 0.24 1/507 1145446
1788785346 0.04 0.07 0.24 1/507 1145455
1788785351 0.04 0.07 0.23 2/507 1145464
1788785356 0.04 0.07 0.23 2/514 1145547
1788785361 0.03 0.07 0.23 1/506 1145681
1788785366 0.03 0.07 0.23 1/506 1145690
1788785371 0.03 0.06 0.23 1/506 1145755
1788785376 0.03 0.06 0.23 1/506 1145798
1788785381 0.02 0.06 0.23 1/506 1145846
1788785386 0.02 0.06 0.22 1/506 1145855
1788785391 0.02 0.06 0.22 1/506 1145865
1788785396 0.02 0.06 0.22 1/506 1145874
1788785401 0.02 0.06 0.22 1/506 1145883
1788785406 0.01 0.06 0.22 1/506 1145892
1788785411 0.01 0.05 0.22 1/506 1145901
1788785416 0.01 0.05 0.22 1/506 1145910
1788785421 0.01 0.05 0.21 1/506 1146401
1788785426 0.01 0.05 0.21 1/506 1146458
1788785431 0.01 0.05 0.21 1/506 1146523
1788785436 0.01 0.05 0.21 1/506 1146566
1788785441 0.01 0.05 0.21 1/506 1146575
1788785446 0.01 0.05 0.21 1/506 1146584
1788785451 0.00 0.05 0.20 1/506 1146594
1788785456 0.00 0.05 0.20 1/506 1146603
1788785461 0.00 0.04 0.20 1/506 1146612
1788785466 0.00 0.04 0.20 1/506 1146621
1788785471 0.08 0.06 0.20 1/506 1146669
1788785476 0.08 0.06 0.20 1/506 1146678
1788785481 0.23 0.09 0.21 1/506 1146891
1788785486 0.21 0.09 0.21 1/506 1146900
1788785491 0.20 0.09 0.21 1/505 1146965
1788785496 0.18 0.09 0.21 1/505 1147008
1788785501 0.16 0.08 0.21 1/505 1147017
1788785506 0.15 0.08 0.21 1/505 1147026
1788785511 0.14 0.08 0.20 1/505 1147036
1788785516 0.13 0.08 0.20 1/505 1147084
1788785521 0.12 0.08 0.20 1/505 1147093
1788785526 0.11 0.08 0.20 1/505 1147102
1788785531 0.10 0.08 0.20 1/505 1147111
1788785536 0.09 0.07 0.20 1/505 1147120
1788785541 0.08 0.07 0.20 3/506 1147602
1788785546 0.08 0.07 0.19 2/505 1147614
1788785551 0.07 0.07 0.19 1/506 1147680
1788785556 0.14 0.08 0.20 1/506 1147723
1788785561 0.13 0.08 0.20 1/506 1147771
1788785566 0.12 0.08 0.19 1/506 1147780
1788785571 0.19 0.10 0.20 1/506 1147790
1788785576 0.18 0.10 0.20 1/506 1147799
1788785581 0.16 0.09 0.20 1/506 1147810
1788785586 0.15 0.09 0.19 2/506 1147819
1788785591 0.14 0.09 0.19 1/506 1147828
1788785596 0.13 0.09 0.19 1/543 1147974
1788785601 0.20 0.10 0.20 2/506 1148288
1788785606 0.18 0.10 0.19 1/506 1148478
1788785611 0.17 0.10 0.19 1/506 1148543
1788785616 0.23 0.11 0.20 1/506 1148595
1788785621 0.21 0.11 0.20 1/506 1148604
1788785626 0.20 0.11 0.19 1/506 1148613
1788785631 0.18 0.11 0.19 1/508 1148668
1788785636 0.17 0.11 0.19 1/507 1148677
1788785641 0.15 0.10 0.19 1/507 1148692
1788785646 0.14 0.10 0.19 1/507 1148701
1788785651 0.13 0.10 0.19 1/507 1148749
1788785656 0.12 0.10 0.19 1/506 1148758
1788785661 0.11 0.10 0.18 1/527 1148947
1788785666 0.10 0.10 0.18 1/506 1149256
1788785671 0.09 0.09 0.18 1/506 1149321
1788785676 0.24 0.12 0.19 1/506 1149364
1788785681 0.22 0.12 0.19 1/506 1149373
1788785686 0.21 0.12 0.19 1/506 1149382
1788785691 0.19 0.12 0.19 1/506 1149392
1788785696 0.17 0.12 0.19 1/506 1149440
1788785701 0.16 0.11 0.18 1/506 1149449
1788785706 0.15 0.11 0.18 1/506 1149458
1788785711 0.13 0.11 0.18 1/506 1149467
1788785716 0.12 0.11 0.18 1/506 1149476
1788785721 0.11 0.11 0.18 1/506 1149485
1788785726 0.10 0.10 0.18 1/506 1149696
1788785731 0.10 0.10 0.18 1/506 1149761
1788785736 0.09 0.10 0.18 1/506 1149804
1788785741 0.16 0.11 0.18 1/506 1149861
1788785746 0.15 0.11 0.18 1/506 1149870
1788785751 0.14 0.11 0.18 1/506 1149880
1788785756 0.12 0.11 0.18 1/506 1149889
1788785761 0.11 0.11 0.18 1/506 1149898
1788785766 0.10 0.10 0.18 1/506 1149907
1788785771 0.10 0.10 0.18 2/506 1149916
1788785776 0.09 0.10 0.17 1/506 1149925
1788785781 0.08 0.10 0.17 1/506 1149934
1788785786 0.15 0.11 0.18 1/506 1150466
1788785791 0.22 0.13 0.18 1/506 1150531
1788785796 0.20 0.13 0.18 1/506 1150574
1788785801 0.19 0.12 0.18 1/506 1150583
1788785806 0.17 0.12 0.18 1/506 1150592
1788785811 0.16 0.12 0.18 1/506 1150602
1788785816 0.15 0.12 0.18 1/506 1150611
1788785821 0.13 0.12 0.18 1/506 1150620
1788785826 0.12 0.11 0.18 1/558 1150944
1788785831 0.11 0.11 0.17 1/558 1151016
1788785836 0.10 0.11 0.17 1/559 1151038
1788785841 0.10 0.11 0.17 1/541 1151048
1788785846 0.17 0.12 0.18 1/559 1151461
1788785851 0.15 0.12 0.18 1/558 1151528
1788785856 0.14 0.12 0.18 4/593 1151739
1788785861 0.13 0.12 0.17 1/599 1152742
1788785866 0.12 0.11 0.17 1/579 1153213
1788785871 0.11 0.11 0.17 1/558 1153340
1788785876 0.10 0.11 0.17 1/558 1153388
1788785881 0.09 0.11 0.17 1/557 1153399
1788785886 0.08 0.11 0.17 1/557 1153408
1788785891 0.08 0.10 0.17 1/558 1153439
1788785896 0.07 0.10 0.17 7/597 1153576
1788785901 0.07 0.10 0.17 2/582 1153774
1788785906 0.22 0.13 0.18 2/587 1154393
1788785911 0.28 0.15 0.18 1/589 1154464
1788785916 0.26 0.14 0.18 1/588 1154519
1788785921 0.24 0.14 0.18 2/586 1154567
1788785926 0.30 0.16 0.18 1/587 1154577
1788785931 0.28 0.15 0.18 1/590 1154633
1788785936 0.25 0.15 0.18 1/592 1154645
1788785941 0.23 0.15 0.18 1/592 1154662
1788785946 0.21 0.14 0.18 1/591 1154671
1788785951 0.20 0.14 0.18 1/588 1154681
1788785956 0.18 0.14 0.18 1/588 1154690
1788785961 0.17 0.14 0.18 1/587 1154699
1788785966 0.23 0.15 0.18 2/608 1154920
1788785971 0.29 0.17 0.19 1/588 1155011
1788785976 0.35 0.18 0.19 1/590 1155058
1788785981 0.32 0.18 0.19 1/590 1155067
1788785986 0.38 0.19 0.19 2/588 1155077
1788785991 0.43 0.20 0.20 2/600 1155099
1788785996 0.47 0.22 0.20 1/566 1155110
1788786001 0.43 0.21 0.20 1/578 1155345
1788786006 0.48 0.23 0.21 1/571 1155447
1788786011 0.44 0.22 0.20 1/565 1155529
1788786016 0.41 0.22 0.20 4/568 1155607
1788786021 0.37 0.22 0.20 1/568 1155616
1788786026 0.34 0.21 0.20 1/567 1155920
1788786031 0.32 0.21 0.20 1/567 1156167
1788786036 0.29 0.20 0.20 2/566 1156210
1788786041 0.27 0.20 0.20 1/567 1156220
1788786046 0.25 0.20 0.19 1/567 1156229
1788786051 0.22 0.19 0.19 1/568 1157440
1788786056 0.21 0.19 0.19 1/568 1157449
1788786061 0.19 0.19 0.19 1/566 1157506
1788786066 0.17 0.18 0.19 1/566 1157515
1788786071 0.16 0.18 0.19 1/566 1157524
1788786076 0.15 0.18 0.18 1/566 1157533
1788786081 0.14 0.17 0.18 1/566 1157542
1788786086 0.12 0.17 0.18 1/566 1157566
1788786091 0.51 0.25 0.21 1/566 1157815
1788786096 0.47 0.25 0.21 1/567 1157861
1788786101 0.43 0.24 0.20 1/567 1157870
1788786106 0.40 0.24 0.20 1/566 1157918
1788786111 0.37 0.23 0.20 1/566 1157928
1788786116 0.34 0.23 0.20 1/566 1157937
1788786121 0.31 0.23 0.20 1/566 1157946
1788786126 0.29 0.22 0.20 1/566 1157955
1788786131 0.26 0.22 0.20 1/566 1157964
1788786136 0.24 0.21 0.19 1/566 1157973
1788786141 0.22 0.21 0.19 1/566 1157982
1788786146 0.20 0.21 0.19 2/590 1158093
1788786151 0.19 0.20 0.19 1/573 1158617
1788786156 0.17 0.20 0.19 1/567 1158660
1788786161 0.16 0.20 0.19 1/567 1158669
1788786166 0.14 0.19 0.19 1/567 1158678
1788786172 0.13 0.19 0.18 1/570 1158902
1788786177 0.12 0.18 0.18 1/570 1158911
1788786182 0.11 0.18 0.18 1/566 1158922
1788786187 0.10 0.18 0.18 1/566 1158931
1788786192 0.09 0.17 0.18 1/566 1158940
1788786197 0.17 0.19 0.18 1/566 1159060
1788786202 0.15 0.19 0.18 3/566 1159245
1788786207 0.14 0.18 0.18 2/600 1159314
1788786212 0.13 0.18 0.18 1/566 1159648
1788786217 0.12 0.18 0.18 1/566 1159711
1788786222 0.11 0.17 0.18 1/566 1159720
1788786227 0.18 0.19 0.18 1/566 1159729
1788786232 0.17 0.18 0.18 1/570 1159786
1788786237 0.15 0.18 0.18 1/570 1159795
1788786242 0.14 0.18 0.18 1/568 1159847
1788786247 0.13 0.17 0.18 1/566 1159856
1788786252 0.20 0.19 0.18 1/566 1159865
1788786257 0.18 0.18 0.18 1/566 1159874
1788786262 0.17 0.18 0.18 1/566 1159883
1788786267 0.15 0.18 0.18 1/567 1159895
1788786272 0.14 0.17 0.18 1/567 1160435
1788786277 0.21 0.19 0.18 1/568 1160517
1788786282 0.19 0.18 0.18 1/568 1160526
1788786287 0.26 0.20 0.19 1/564 1160592
1788786292 0.24 0.19 0.18 2/564 1160602
1788786297 0.22 0.19 0.18 1/564 1160627
1788786302 0.20 0.19 0.18 1/564 1160664
1788786307 0.18 0.18 0.18 1/564 1160673
1788786312 0.17 0.18 0.18 1/563 1160682
1788786317 0.16 0.18 0.18 1/565 1160720
1788786322 0.22 0.19 0.18 1/565 1160757
1788786327 0.21 0.19 0.18 1/565 1160766
1788786332 0.19 0.18 0.18 2/566 1160942
1788786337 0.17 0.18 0.18 1/565 1161092
1788786342 0.16 0.18 0.18 1/562 1161101
1788786347 0.15 0.17 0.18 1/562 1161110
1788786352 0.13 0.17 0.18 1/562 1161120
1788786357 0.12 0.17 0.18 1/562 1161129
1788786362 0.11 0.17 0.17 1/562 1161138
1788786367 0.10 0.16 0.17 2/563 1161458
1788786372 0.10 0.16 0.17 1/563 1161467
1788786377 0.25 0.19 0.18 1/565 1161546
1788786382 0.23 0.19 0.18 1/565 1161555
1788786387 0.21 0.18 0.18 1/564 1161564
1788786392 0.19 0.18 0.18 2/562 1161646
1788786397 0.34 0.21 0.19 1/562 1161846
1788786402 0.31 0.21 0.19 1/566 1161868
1788786407 0.29 0.20 0.19 1/566 1161877
1788786412 0.26 0.20 0.19 1/565 1161887
1788786417 0.24 0.20 0.18 1/562 1161896
1788786422 0.22 0.19 0.18 1/562 1161944
1788786427 0.20 0.19 0.18 1/562 1161983
1788786432 0.19 0.19 0.18 1/562 1161992
1788786437 0.17 0.18 0.18 1/562 1162001
1788786442 0.16 0.18 0.18 1/562 1162010
1788786447 0.31 0.21 0.19 1/565 1162031
1788786452 0.28 0.20 0.19 1/565 1162113
1788786457 0.26 0.20 0.19 1/564 1162317
1788786462 0.24 0.20 0.18 1/562 1162326
1788786467 0.22 0.19 0.18 1/565 1162386
1788786472 0.20 0.19 0.18 1/565 1162396
1788786477 0.18 0.19 0.18 1/562 1162405
1788786482 0.17 0.18 0.18 1/562 1162416
1788786487 0.16 0.18 0.18 1/562 1162736
1788786492 0.14 0.18 0.18 1/565 1162757
1788786497 0.13 0.17 0.18 2/565 1162838
1788786502 0.12 0.17 0.18 2/571 1162925
1788786507 0.11 0.17 0.17 1/562 1163028
1788786512 0.42 0.23 0.20 1/562 1163285
1788786517 0.39 0.23 0.19 1/562 1163499
1788786522 0.36 0.22 0.19 1/562 1163508
1788786527 0.33 0.22 0.19 1/562 1163517
1788786532 0.30 0.22 0.19 1/568 1163585
1788786537 0.28 0.21 0.19 1/568 1163594
1788786542 0.25 0.21 0.19 1/565 1163619
1788786547 0.23 0.20 0.18 5/571 1163707
1788786552 0.21 0.20 0.18 1/565 1163762
1788786557 0.28 0.22 0.19 6/606 1163899
1788786562 0.42 0.25 0.20 9/607 1163911
1788786567 1.10 0.39 0.25 5/606 1163923
1788786572 1.10 0.40 0.25 2/646 1164050
1788786577 1.41 0.48 0.28 1/604 1164264
1788786582 1.30 0.47 0.27 1/605 1164274
1788786587 1.19 0.46 0.27 1/605 1164331
1788786592 1.10 0.45 0.27 1/605 1164341
1788786597 1.01 0.45 0.27 2/605 1164359
1788786602 0.93 0.44 0.27 2/605 1164487
1788786607 0.85 0.43 0.27 1/605 1164807
1788786612 0.78 0.42 0.26 1/605 1164827
1788786617 0.72 0.42 0.26 1/605 1164836
1788786622 0.66 0.41 0.26 1/604 1164845
1788786627 0.61 0.40 0.26 1/605 1165245
1788786632 0.56 0.39 0.26 1/605 1165333
1788786637 0.52 0.39 0.26 2/652 1165734
1788786642 0.55 0.40 0.26 5/754 1166210
1788786647 0.83 0.46 0.28 3/753 1166261
1788786652 0.92 0.48 0.29 2/754 1166274
1788786657 1.17 0.54 0.31 5/754 1166289
1788786662 1.40 0.60 0.33 5/754 1166304
1788786667 1.69 0.67 0.36 2/760 1166388
1788786672 1.71 0.70 0.37 24/848 1166788
1788786677 3.10 1.00 0.47 1/907 1166856
1788786682 2.85 0.98 0.46 2/899 1166872
1788786687 3.98 1.25 0.55 25/850 1167414
1788786692 5.10 1.53 0.65 16/849 1168408
1788786697 6.54 1.88 0.77 1/618 1168898
1788786702 6.17 1.89 0.77 1/614 1169092
1788786707 5.68 1.85 0.77 1/613 1169106
1788786712 5.22 1.82 0.76 1/613 1169116
1788786717 4.81 1.79 0.76 1/604 1169125
1788786722 4.42 1.76 0.75 1/606 1169136
1788786727 4.07 1.73 0.75 2/611 1169441
1788786732 3.74 1.70 0.75 2/628 1169818
1788786737 3.44 1.68 0.74 1/608 1169913
1788786742 3.16 1.65 0.74 1/608 1169922
1788786747 2.91 1.62 0.73 1/605 1169931
1788786752 2.68 1.59 0.73 1/604 1170013
1788786757 2.46 1.57 0.72 1/605 1170245
1788786762 2.27 1.54 0.72 1/605 1170434
1788786767 2.08 1.51 0.72 1/605 1170443
1788786772 1.92 1.49 0.71 1/605 1170453
1788786777 1.76 1.46 0.71 1/605 1170463
1788786782 1.78 1.47 0.72 1/605 1170513
1788786787 1.64 1.45 0.71 1/605 1170537
1788786792 1.51 1.42 0.71 1/610 1170575
1788786797 1.39 1.40 0.70 1/631 1170656
1788786802 1.28 1.38 0.70 1/608 1170733
1788786807 1.57 1.44 0.72 2/605 1170860
1788786812 1.45 1.41 0.72 1/608 1171087
1788786817 1.33 1.39 0.72 7/619 1171154
1788786822 1.22 1.37 0.71 1/605 1171510
1788786827 1.13 1.34 0.71 1/605 1171558
1788786832 1.04 1.32 0.70 1/610 1171617
1788786837 0.95 1.30 0.70 1/610 1171626
1788786842 0.88 1.28 0.70 1/613 1171653
1788786847 0.81 1.25 0.69 3/659 1171806
1788786852 0.82 1.25 0.69 1/613 1172116
1788786857 0.76 1.23 0.69 1/613 1172125
1788786862 0.69 1.21 0.69 1/613 1172523
1788786867 0.64 1.19 0.68 1/612 1172538
1788786872 0.59 1.17 0.68 2/648 1172886
1788786877 0.54 1.15 0.67 5/721 1173335
1788786882 0.82 1.20 0.69 18/720 1173746
1788786887 1.07 1.24 0.71 5/721 1173758
1788786892 1.31 1.29 0.73 5/721 1173768
1788786897 1.52 1.33 0.75 5/718 1173778
1788786902 2.68 1.58 0.83 5/717 1173787
1788786907 3.51 1.77 0.89 4/629 1173965
1788786912 3.39 1.77 0.90 1/864 1174256
1788786917 3.12 1.74 0.90 2/864 1174270
1788786922 2.87 1.71 0.89 31/827 1174643
1788786927 4.96 2.17 1.04 17/812 1175364
1788786932 7.37 2.71 1.22 15/758 1176261
1788786937 7.34 2.78 1.26 1/579 1176302
1788786942 6.75 2.74 1.25 1/594 1176972
1788786947 6.21 2.69 1.24 1/575 1176998
1788786952 5.71 2.65 1.24 1/575 1177008
1788786957 5.25 2.60 1.23 1/579 1177137
1788786962 4.83 2.56 1.22 1/579 1177146
1788786967 4.44 2.52 1.21 2/600 1177240
1788786972 4.17 2.49 1.21 3/610 1177278
1788786977 3.99 2.48 1.22 2/600 1177303
1788786982 3.83 2.47 1.22 1/577 1177316
1788786988 3.53 2.43 1.22 1/578 1177332
1788786993 3.24 2.39 1.21 2/578 1177414
1788786998 2.98 2.35 1.20 1/575 1177423
1788787003 2.83 2.33 1.20 1/576 1177654
1788787008 2.68 2.31 1.20 2/576 1177847
1788787013 2.46 2.27 1.19 1/577 1177915
1788787018 2.27 2.23 1.18 1/577 1177924
1788787023 2.08 2.19 1.18 1/577 1178000
1788787028 1.92 2.16 1.17 1/574 1178024
1788787033 1.76 2.12 1.17 1/573 1178436
1788787038 1.62 2.08 1.16 1/573 1178451
1788787043 1.49 2.05 1.15 1/579 1178546
1788787048 1.45 2.03 1.15 2/638 1179019
1788787053 1.82 2.10 1.18 6/723 1179487
1788787058 2.23 2.18 1.21 5/719 1179554
1788787063 2.37 2.21 1.22 5/740 1179778
1788787068 2.50 2.24 1.24 2/719 1179969
1788787073 2.38 2.22 1.24 6/719 1179979
1788787078 2.51 2.25 1.25 2/633 1180119
1788787083 2.47 2.24 1.26 2/870 1180401
1788787088 2.27 2.21 1.25 1/870 1180425
1788787093 2.09 2.17 1.24 30/831 1180753
1788787098 3.61 2.48 1.35 28/809 1181457
1788787103 4.76 2.74 1.44 10/800 1182452
1788787108 5.98 3.03 1.54 2/575 1182614
1788787113 5.50 2.98 1.53 2/597 1182807
1788787118 5.14 2.94 1.53 2/610 1182894
1788787123 4.81 2.91 1.53 3/611 1182942
1788787128 4.58 2.90 1.53 2/611 1183341
1788787133 4.30 2.86 1.53 2/613 1183399
1788787138 4.03 2.83 1.52 2/614 1183411
1788787143 3.79 2.80 1.52 2/613 1183425
1788787148 3.64 2.79 1.52 6/613 1183489
1788787153 3.43 2.76 1.52 2/613 1183789
1788787158 3.24 2.73 1.52 2/613 1183798
1788787163 3.06 2.70 1.52 3/611 1183807
1788787168 2.89 2.67 1.51 2/612 1183823
1788787173 2.74 2.64 1.51 2/612 1183847
1788787178 2.60 2.62 1.51 2/611 1183919
1788787183 2.47 2.59 1.50 2/611 1183928
1788787188 2.36 2.56 1.50 3/599 1184326
1788787193 2.25 2.54 1.50 1/580 1184383
1788787198 2.07 2.49 1.49 6/580 1184392
1788787203 1.90 2.45 1.48 1/579 1184431
1788787208 1.75 2.41 1.47 1/579 1184455
1788787213 1.61 2.37 1.46 1/579 1184498
1788787218 1.48 2.33 1.46 1/579 1184523
1788787223 1.36 2.29 1.45 3/579 1184532
1788787228 1.25 2.25 1.44 1/575 1184541
1788787233 1.15 2.22 1.43 1/574 1184565
1788787238 1.06 2.18 1.42 1/567 1184672
1788787243 0.97 2.14 1.42 1/567 1184681
1788787248 0.90 2.11 1.41 2/589 1185368
1788787253 0.82 2.07 1.40 1/569 1185384
1788787258 0.76 2.04 1.39 2/569 1185459
1788787263 0.70 2.00 1.39 2/568 1185468
1788787268 0.64 1.97 1.38 1/568 1185926
1788787273 0.59 1.94 1.37 1/568 1185956
1788787278 0.54 1.91 1.36 2/582 1186221
1788787283 0.66 1.91 1.37 5/718 1186672
1788787288 0.77 1.91 1.37 3/718 1186681
1788787293 0.87 1.91 1.37 3/713 1186705
1788787298 0.96 1.91 1.38 5/713 1186786
1788787303 1.20 1.95 1.39 5/713 1186795
1788787308 1.51 2.00 1.41 6/713 1187018
1788787313 1.87 2.07 1.43 13/787 1187515
1788787318 2.39 2.18 1.48 1/865 1187604
1788787323 2.28 2.16 1.47 4/855 1187626
1788787328 3.70 2.45 1.57 27/823 1188162
1788787333 5.40 2.83 1.70 20/797 1189086
1788787338 4.97 2.78 1.69 1/579 1189568
1788787343 4.57 2.73 1.68 1/572 1189581
1788787348 4.29 2.70 1.68 2/595 1189623
1788787353 4.18 2.71 1.69 3/604 1189940
1788787358 4.01 2.70 1.69 2/608 1190033
1788787363 3.77 2.67 1.68 2/606 1190042
1788787368 3.54 2.64 1.68 2/606 1190271
1788787373 3.66 2.68 1.70 3/606 1190499
1788787378 3.45 2.65 1.69 2/606 1190508
1788787383 3.25 2.63 1.69 2/606 1190523
1788787388 3.07 2.60 1.69 2/607 1190550
1788787393 2.91 2.57 1.68 2/606 1190574
1788787398 2.75 2.54 1.68 2/605 1190583
1788787403 3.17 2.64 1.71 2/626 1190726
1788787408 3.00 2.61 1.71 6/605 1190852
1788787413 2.92 2.60 1.71 7/606 1190994
1788787418 2.76 2.57 1.71 2/607 1191129
1788787423 2.70 2.56 1.71 2/593 1191141
1788787428 2.49 2.52 1.70 1/592 1191373
1788787433 2.29 2.48 1.69 1/573 1191610
1788787438 2.10 2.43 1.68 1/567 1191619
1788787443 1.93 2.39 1.67 4/568 1191677
1788787448 1.78 2.35 1.66 1/568 1191706
1788787453 1.64 2.31 1.65 1/569 1192027
1788787458 1.51 2.28 1.64 1/564 1192036
1788787463 1.39 2.24 1.63 1/561 1192084
1788787468 1.27 2.20 1.63 1/563 1192095
1788787473 1.17 2.16 1.62 3/563 1192104
1788787478 1.08 2.13 1.61 1/563 1192186
1788787483 0.99 2.09 1.60 1/561 1192195
1788787488 0.91 2.06 1.59 1/561 1192204
1788787493 0.84 2.02 1.58 1/564 1192621
1788787498 0.77 1.99 1.57 1/564 1192630
1788787503 0.79 1.97 1.57 1/565 1193075
1788787508 0.73 1.94 1.56 1/565 1193144
1788787513 0.75 1.92 1.56 12/616 1193473
1788787518 1.01 1.96 1.57 5/713 1193835
1788787523 1.25 1.99 1.58 5/711 1193844
1788787528 1.31 1.99 1.59 2/708 1193853
1788787533 1.52 2.03 1.60 5/708 1193862
1788787538 1.56 2.03 1.60 2/708 1193958
1788787543 1.60 2.03 1.60 3/708 1193967
1788787548 3.39 2.39 1.72 27/797 1194318
1788787553 3.20 2.37 1.72 1/880 1195096
1788787558 3.02 2.34 1.72 5/848 1195125
1788787563 4.22 2.60 1.80 23/802 1195673
1788787568 5.65 2.93 1.91 32/802 1196598
1788787573 5.19 2.88 1.90 1/570 1197016
1788787578 4.78 2.83 1.89 1/564 1197030
1788787583 4.48 2.80 1.89 2/586 1197072
1788787588 4.28 2.79 1.89 2/594 1197103
1788787593 4.01 2.76 1.88 2/600 1197130
1788787598 3.77 2.73 1.88 2/600 1197255
1788787603 3.55 2.70 1.87 2/600 1197264
1788787608 3.35 2.67 1.87 2/600 1197273
1788787613 3.16 2.64 1.86 2/600 1197501
1788787618 2.99 2.61 1.86 2/600 1197693
1788787623 2.83 2.59 1.85 2/600 1197706
1788787628 2.68 2.56 1.85 2/599 1197730
1788787633 2.79 2.59 1.86 2/598 1197754
1788787638 2.64 2.56 1.86 2/597 1197763
1788787643 3.07 2.65 1.89 3/617 1198797
1788787648 2.91 2.62 1.88 2/616 1199274
1788787653 2.75 2.59 1.88 2/614 1199292
1788787658 2.61 2.57 1.87 2/615 1199658
1788787663 2.48 2.54 1.87 2/614 1199667
1788787668 2.36 2.52 1.87 1/611 1199676
1788787673 2.25 2.49 1.86 2/595 1199906
1788787678 2.15 2.46 1.86 2/595 1200095
1788787683 2.14 2.46 1.86 2/595 1200108
1788787688 2.13 2.45 1.86 2/596 1200137
1788787693 2.12 2.44 1.86 1/596 1200206
1788787698 2.03 2.42 1.85 2/595 1200215
1788787703 1.95 2.39 1.85 8/614 1200352
1788787708 2.19 2.44 1.87 2/594 1200478
1788787713 2.10 2.41 1.86 5/649 1200546
1788787718 2.01 2.39 1.86 2/593 1200717
1788787723 1.93 2.37 1.85 2/594 1200732
1788787728 1.85 2.34 1.85 2/593 1200752
1788787733 1.78 2.32 1.84 2/584 1201039
1788787738 1.72 2.30 1.84 2/591 1201296
1788787743 1.66 2.28 1.83 2/595 1201315
1788787748 1.61 2.25 1.83 2/595 1201339
1788787753 1.56 2.23 1.82 3/596 1201648
1788787758 1.52 2.21 1.82 2/596 1201665
1788787763 1.47 2.19 1.81 2/596 1201674
1788787768 1.44 2.17 1.81 2/595 1201683
1788787773 1.40 2.15 1.80 2/595 1201692
1788787778 1.45 2.15 1.81 2/595 1201777
1788787783 1.73 2.20 1.82 2/594 1201825
1788787789 1.67 2.18 1.82 2/595 1201841
1788787794 1.62 2.16 1.81 3/604 1202012
1788787799 1.57 2.14 1.81 2/594 1202258
1788787804 1.52 2.12 1.80 3/609 1202550
1788787809 1.48 2.10 1.80 2/586 1202699
1788787814 1.36 2.06 1.79 2/562 1202720
1788787819 1.25 2.03 1.78 1/562 1202740
1788787824 1.15 2.00 1.77 1/561 1202750
1788787829 1.06 1.96 1.76 1/562 1202947
1788787834 0.98 1.93 1.75 1/562 1202956
1788787839 0.90 1.90 1.74 6/561 1203038
1788787844 0.83 1.87 1.73 1/558 1203047
1788787849 0.76 1.83 1.72 1/560 1203170
1788787854 0.70 1.80 1.71 2/573 1203205
1788787859 0.72 1.79 1.71 2/651 1204163
1788787864 1.06 1.84 1.73 1/712 1204235
1788787869 1.62 1.95 1.76 4/713 1204266
1788787874 1.57 1.93 1.76 1/713 1204314
1788787879 1.52 1.91 1.75 2/700 1204338
1788787884 1.40 1.88 1.74 1/688 1204347
1788787889 1.29 1.85 1.73 1/687 1204356
1788787894 1.19 1.82 1.72 1/675 1204365
1788787899 1.17 1.81 1.72 8/654 1204500
1788787904 1.24 1.81 1.72 4/683 1204550
1788787909 1.30 1.81 1.72 1/743 1204619
1788787914 1.52 1.85 1.74 1/741 1204629
1788787919 1.47 1.84 1.73 2/742 1204941
1788787924 1.52 1.84 1.73 2/742 1205086
1788787929 1.47 1.82 1.73 2/742 1205110
1788787934 1.52 1.83 1.73 2/742 1205123
1788787939 1.56 1.83 1.73 1/743 1205150
1788787944 1.51 1.82 1.73 1/742 1205159
1788787949 1.47 1.80 1.72 1/740 1205168
1788787954 1.35 1.77 1.71 3/702 1205238
1788787959 1.32 1.76 1.71 1/774 1205696
1788787964 1.38 1.76 1.71 1/774 1205753
1788787969 1.35 1.75 1.71 1/776 1205768
1788787974 1.80 1.84 1.74 1/777 1205781
1788787979 2.06 1.89 1.75 1/778 1206009
1788787984 2.05 1.89 1.76 1/777 1206198
1788787989 1.97 1.88 1.75 1/777 1206226
1788787994 1.89 1.86 1.75 1/777 1206235
1788787999 1.82 1.85 1.74 1/661 1206288
1788788004 1.67 1.82 1.73 1/695 1206354
1788788009 1.70 1.82 1.73 1/672 1206588
1788788014 1.56 1.79 1.72 1/662 1206631
1788788019 1.44 1.76 1.72 1/662 1206858
1788788024 1.40 1.75 1.71 1/772 1207042
1788788029 1.29 1.72 1.70 1/772 1207054
1788788034 1.27 1.71 1.70 2/798 1207144
1788788039 1.41 1.73 1.71 2/908 1207492
1788788044 2.41 1.93 1.77 4/1152 1207932
1788788049 2.30 1.92 1.77 17/1255 1208445
1788788054 4.20 2.32 1.90 11/2151 1209471
1788788059 3.94 2.29 1.89 1/794 1209817
1788788064 3.71 2.27 1.89 1/903 1209995
1788788069 3.41 2.23 1.88 1/903 1210010
1788788074 3.14 2.20 1.87 1/904 1210020
1788788079 3.04 2.19 1.87 3/1031 1210271
1788788084 2.80 2.16 1.86 13/1279 1210530
1788788089 3.06 2.22 1.88 6/988 1210584
1788788094 3.77 2.38 1.94 18/1396 1211048
1788788099 3.95 2.44 1.96 8/1036 1212305
1788788104 3.96 2.47 1.97 5/994 1213521
1788788109 3.72 2.45 1.96 3/1083 1213786
1788788114 3.50 2.42 1.96 1/1049 1213802
1788788119 3.38 2.41 1.96 3/1079 1213856
1788788124 3.27 2.41 1.96 4/1178 1213967
1788788129 3.09 2.38 1.95 2/1422 1214223
1788788134 3.40 2.46 1.98 15/1434 1214630
1788788139 3.21 2.44 1.98 2/1406 1215707
1788788144 3.43 2.50 2.00 5/1407 1215717
1788788149 3.16 2.45 1.99 1/1052 1215795
1788788154 2.90 2.41 1.98 1/1052 1216123
1788788159 2.67 2.37 1.97 1/1053 1216139
1788788164 2.54 2.35 1.96 1/1054 1216328
1788788169 2.33 2.31 1.95 2/1054 1216453
1788788174 2.23 2.29 1.94 1/1054 1216462
1788788179 2.05 2.25 1.93 1/1054 1216583
1788788184 1.96 2.23 1.93 1/1077 1216700
1788788189 1.81 2.19 1.92 1/1077 1216713
1788788194 1.66 2.16 1.91 1/1077 1216763
1788788199 1.53 2.12 1.90 1/1076 1216854
1788788204 1.41 2.08 1.89 1/1076 1216863
1788788209 1.29 2.05 1.88 1/1076 1216872
1788788214 1.19 2.01 1.87 1/1076 1216882
1788788219 1.09 1.98 1.85 2/1075 1217183
1788788224 1.01 1.95 1.84 2/1080 1217418
1788788229 1.01 1.93 1.84 1/1077 1217620
1788788234 0.92 1.90 1.83 1/1076 1217629
1788788239 0.85 1.87 1.82 1/1076 1217692
1788788244 0.78 1.84 1.81 1/1077 1217702
1788788249 0.80 1.82 1.80 1/1077 1217711
1788788254 0.74 1.79 1.79 1/1077 1217724
1788788259 0.68 1.76 1.79 1/1078 1217818
1788788264 0.62 1.73 1.78 1/1078 1217827
1788788269 0.57 1.70 1.77 1/1077 1217836
1788788274 0.53 1.68 1.76 2/1077 1217846
1788788279 0.48 1.65 1.75 1/1076 1217855
1788788284 0.52 1.64 1.74 1/1077 1218210
1788788289 0.48 1.61 1.73 1/1078 1218433
1788788294 0.44 1.58 1.72 1/1079 1218447
1788788299 0.41 1.56 1.71 1/1079 1218471
1788788304 0.37 1.53 1.70 1/1108 1218513
1788788309 0.34 1.50 1.69 3/1084 1218629
1788788314 0.32 1.48 1.68 1/1077 1218749
1788788319 0.45 1.49 1.69 1/1077 1218976
1788788324 0.42 1.46 1.68 1/1077 1218989
1788788329 0.38 1.44 1.67 1/1080 1219045
1788788334 0.35 1.41 1.66 1/1081 1219099
1788788339 0.40 1.41 1.66 1/1080 1219108
1788788344 0.37 1.38 1.65 1/1079 1219620
1788788349 0.34 1.36 1.64 1/1079 1219843
1788788354 0.39 1.35 1.63 1/1066 1219857
1788788359 0.36 1.33 1.62 1/1079 1220014
1788788364 0.33 1.31 1.62 2/1080 1220026
1788788369 0.31 1.29 1.61 1/1080 1220035
1788788374 0.28 1.27 1.60 1/1076 1220083
1788788379 0.26 1.24 1.59 1/1076 1220174
1788788384 0.24 1.22 1.58 1/1076 1220183
1788788389 0.22 1.20 1.57 1/1076 1220192
1788788394 0.20 1.18 1.56 1/1076 1220208
1788788399 0.18 1.16 1.55 1/1077 1220220
1788788404 0.17 1.14 1.54 1/1074 1220447
1788788409 0.16 1.12 1.54 1/1073 1220667
1788788414 0.14 1.10 1.53 1/1073 1220676
1788788419 0.13 1.09 1.52 1/1073 1220739
1788788424 0.12 1.07 1.51 1/1073 1220748
1788788429 0.11 1.05 1.50 1/1073 1220761
1788788434 0.10 1.03 1.50 1/1074 1220773
1788788439 0.09 1.01 1.49 1/1073 1220864
1788788444 0.09 1.00 1.48 1/1072 1220873
1788788449 0.08 0.98 1.47 1/1072 1220882
1788788454 0.07 0.96 1.46 1/1071 1220892
1788788459 0.07 0.95 1.45 1/1071 1220901
1788788464 0.06 0.93 1.45 1/1071 1220953
1788788469 0.14 0.93 1.44 1/1072 1221143
1788788474 0.12 0.92 1.44 1/1070 1221152
1788788479 0.11 0.90 1.43 1/1069 1221161
1788788484 0.11 0.89 1.42 1/1069 1221170
1788788489 0.10 0.87 1.41 1/1069 1221179
1788788494 0.17 0.87 1.41 1/1069 1221188
1788788499 0.24 0.88 1.41 1/1071 1221285
1788788504 0.22 0.86 1.40 1/1072 1221297
1788788509 0.20 0.85 1.39 1/1072 1221345
1788788514 0.26 0.85 1.39 1/1071 1221355
1788788519 0.24 0.84 1.38 1/1071 1221364
1788788524 0.30 0.84 1.38 2/1071 1221373
1788788529 0.28 0.83 1.37 3/1073 1221429
1788788534 0.26 0.81 1.36 1/1071 1221660
1788788539 0.24 0.80 1.36 2/1072 1221672
1788788544 0.30 0.80 1.35 1/1072 1221681
1788788549 0.35 0.80 1.35 1/1071 1221690
1788788554 0.33 0.79 1.34 1/1071 1221738
1788788559 0.30 0.78 1.34 2/1071 1221800
1788788564 0.27 0.76 1.33 1/1071 1221838
1788788569 0.25 0.75 1.32 1/1070 1221851
1788788574 0.23 0.74 1.32 1/1070 1221861
1788788579 0.21 0.73 1.31 1/1069 1221870
1788788584 0.20 0.71 1.30 1/1066 1221879
1788788589 0.18 0.70 1.29 1/1066 1221888
1788788594 0.16 0.69 1.29 1/1066 1222079
1788788599 0.15 0.68 1.28 1/1066 1222136
1788788604 0.14 0.67 1.27 1/1066 1222145
1788788609 0.13 0.66 1.26 1/1066 1222154
1788788614 0.12 0.64 1.26 1/1065 1222168
1788788619 0.11 0.63 1.25 1/1065 1222177
1788788624 0.10 0.62 1.24 1/1065 1222267
1788788629 0.09 0.61 1.24 3/1068 1222286
1788788634 0.08 0.60 1.23 1/1067 1222337
1788788639 0.08 0.59 1.22 1/1068 1222347
1788788644 0.07 0.58 1.22 1/1066 1222400
1788788650 0.06 0.57 1.21 1/1066 1222409
1788788655 0.06 0.56 1.20 1/1066 1222599
1788788660 0.05 0.55 1.20 1/1066 1222608
1788788665 0.05 0.54 1.19 1/1066 1222621
1788788670 0.05 0.53 1.18 1/1065 1222633
1788788675 0.04 0.52 1.18 1/1065 1222642
1788788680 0.04 0.52 1.17 1/1064 1222651
1788788685 0.03 0.51 1.16 1/1064 1222742
1788788690 0.11 0.51 1.16 1/1064 1222790
1788788695 0.10 0.51 1.16 1/1064 1222800
1788788700 0.18 0.51 1.15 2/1065 1222816
1788788705 0.16 0.51 1.15 1/1065 1222825
1788788710 0.15 0.50 1.14 1/1064 1222834
1788788715 0.30 0.52 1.15 1/1064 1223024
1788788720 0.27 0.51 1.14 1/1064 1223033
1788788725 0.25 0.50 1.13 1/1064 1223042
1788788730 0.23 0.50 1.13 1/1064 1223055
1788788735 0.21 0.49 1.12 1/1065 1223106
1788788740 0.19 0.48 1.12 1/1066 1223116
1788788745 0.34 0.50 1.12 1/1065 1223207
1788788750 0.31 0.50 1.11 1/1065 1223216
1788788755 0.37 0.50 1.11 3/1066 1223227
1788788760 0.34 0.50 1.11 1/1066 1223236
1788788765 0.31 0.49 1.10 1/1066 1223249
1788788770 0.29 0.48 1.09 1/1067 1223261
1788788775 0.42 0.50 1.10 1/1067 1223450
1788788780 0.39 0.50 1.09 1/1066 1223498
1788788785 0.36 0.49 1.09 1/1066 1223507
1788788790 0.33 0.48 1.08 1/1066 1223516
1788788795 0.30 0.47 1.07 1/1046 1223532
1788788800 0.28 0.46 1.07 2/966 1223595
1788788805 0.26 0.45 1.06 1/558 1223771
1788788810 0.64 0.53 1.08 1/559 1223781
1788788815 0.58 0.52 1.08 4/613 1224963
1788788820 0.54 0.51 1.07 1/560 1225680
1788788825 0.49 0.50 1.07 1/557 1225728
1788788830 0.45 0.49 1.06 1/557 1225737
1788788835 0.42 0.49 1.05 2/558 1225761
1788788840 0.46 0.50 1.05 1/557 1225928
1788788845 0.43 0.49 1.05 1/557 1225937
1788788850 0.39 0.48 1.04 1/557 1225946
1788788855 0.36 0.47 1.04 1/557 1225955
1788788860 0.33 0.46 1.03 1/555 1225964
1788788865 0.30 0.45 1.02 1/555 1226031
1788788870 0.28 0.45 1.02 1/555 1226079
1788788875 0.26 0.44 1.01 2/555 1226090
1788788880 0.32 0.45 1.01 5/659 1226861
1788788885 0.29 0.44 1.01 1/646 1228464
1788788890 0.27 0.43 1.00 1/608 1228480
1788788895 0.25 0.43 1.00 1/606 1228491
1788788900 0.23 0.42 0.99 1/606 1229085
1788788905 0.21 0.41 0.98 1/606 1229094
1788788910 0.19 0.40 0.98 1/607 1229130
1788788915 0.18 0.40 0.97 1/607 1229213
1788788920 0.16 0.39 0.97 1/607 1229223
1788788925 0.15 0.38 0.96 1/607 1229291
1788788930 0.14 0.38 0.96 1/609 1229346
1788788935 0.12 0.37 0.95 1/609 1229356
1788788940 0.11 0.36 0.95 1/607 1229369
1788788945 0.10 0.36 0.94 1/607 1229378
1788788950 0.10 0.35 0.94 2/607 1229387
1788788955 0.09 0.35 0.93 1/607 1229422
1788788960 0.08 0.34 0.93 2/607 1230034
1788788965 0.07 0.33 0.92 1/606 1230062
1788788970 0.07 0.33 0.91 1/606 1230071
1788788975 0.06 0.32 0.91 1/606 1230080
1788788980 0.06 0.32 0.90 1/606 1230089
1788788985 0.13 0.33 0.90 1/606 1230157
1788788990 0.12 0.32 0.90 2/606 1230179
1788788995 0.11 0.32 0.89 1/606 1230189
1788789000 0.10 0.31 0.89 1/607 1230199
1788789005 0.09 0.31 0.89 1/607 1230208
1788789010 0.09 0.30 0.88 1/607 1230256
1788789015 0.08 0.30 0.88 1/607 1230265
1788789020 0.31 0.34 0.89 1/607 1230865
1788789025 0.29 0.34 0.88 1/607 1230874
1788789030 0.26 0.33 0.88 1/607 1230909
1788789035 0.32 0.34 0.88 1/607 1230918
1788789040 0.30 0.33 0.87 1/607 1230927
1788789045 0.27 0.33 0.87 1/608 1230996
1788789050 0.25 0.32 0.86 1/608 1231005
1788789055 0.23 0.32 0.86 1/608 1231054
1788789060 0.21 0.31 0.85 1/608 1231063
1788789065 0.20 0.31 0.85 1/605 1231072
1788789070 0.18 0.30 0.84 1/606 1231084
1788789075 0.16 0.30 0.84 1/606 1231093
1788789080 0.15 0.29 0.83 1/605 1231692
1788789085 0.14 0.29 0.83 1/605 1231701
1788789090 0.13 0.28 0.82 1/611 1231716
1788789095 0.12 0.28 0.82 1/611 1231725
1788789100 0.11 0.27 0.81 1/611 1231773
1788789105 0.10 0.27 0.81 1/611 1231841
1788789110 0.09 0.26 0.81 1/611 1231850
1788789115 0.08 0.26 0.80 1/611 1231860
1788789120 0.08 0.25 0.80 1/611 1231869
1788789125 0.07 0.25 0.79 1/611 1231878
1788789130 0.06 0.24 0.79 1/609 1231887
1788789135 0.06 0.24 0.78 1/609 1231922
1788789140 0.05 0.24 0.78 2/631 1232176
1788789145 0.05 0.23 0.78 1/609 1232575
1788789150 0.05 0.23 0.77 1/609 1232597
1788789155 0.04 0.22 0.77 1/609 1232606
1788789160 0.04 0.22 0.76 1/609 1232615
1788789165 0.03 0.22 0.76 1/609 1232683
1788789170 0.11 0.23 0.76 1/609 1232692
1788789175 0.10 0.22 0.75 1/609 1232702
1788789180 0.09 0.22 0.75 1/609 1232711
1788789185 0.09 0.22 0.75 1/610 1232721
1788789190 0.08 0.21 0.74 1/610 1232769
1788789195 0.07 0.21 0.74 1/604 1232780
1788789200 0.07 0.20 0.73 1/604 1232789
1788789205 0.06 0.20 0.73 1/604 1233386
1788789210 0.06 0.20 0.72 1/604 1233395
1788789215 0.05 0.19 0.72 1/604 1233404
1788789220 0.05 0.19 0.72 1/604 1233413
1788789225 0.04 0.19 0.71 1/604 1233481
1788789230 0.20 0.22 0.72 1/607 1233548
1788789235 0.18 0.21 0.72 1/607 1233606
1788789240 0.17 0.21 0.71 1/606 1233620
1788789245 0.24 0.22 0.71 1/606 1233629
1788789250 0.22 0.22 0.71 1/606 1233638
1788789255 0.20 0.22 0.71 1/606 1233647
1788789260 0.18 0.21 0.70 1/606 1233656
1788789265 0.17 0.21 0.70 1/611 1234311
1788789270 0.15 0.20 0.69 1/611 1234361
1788789275 0.14 0.20 0.69 1/611 1234370
1788789280 0.13 0.20 0.69 1/611 1234418
1788789285 0.12 0.19 0.68 1/611 1234486
1788789290 0.11 0.19 0.68 1/611 1234521
1788789295 0.10 0.19 0.67 2/611 1234531
1788789300 0.09 0.18 0.67 1/611 1234540
1788789305 0.08 0.18 0.67 1/611 1234549
1788789310 0.08 0.18 0.66 1/611 1234558
1788789315 0.07 0.17 0.66 1/611 1234593
1788789320 0.07 0.17 0.66 1/611 1234602
1788789325 0.14 0.18 0.66 1/611 1235245
1788789330 0.13 0.18 0.65 1/611 1235293
1788789335 0.12 0.18 0.65 1/611 1235302
1788789340 0.11 0.17 0.65 1/612 1235314
1788789345 0.10 0.17 0.64 1/611 1235382
1788789350 0.09 0.17 0.64 1/610 1235391
1788789355 0.08 0.17 0.63 1/610 1235427
1788789360 0.08 0.16 0.63 1/610 1235436
1788789365 0.07 0.16 0.63 1/610 1235445
1788789370 0.06 0.16 0.62 1/610 1235493
1788789375 0.06 0.15 0.62 1/610 1235554
1788789380 0.05 0.15 0.62 1/610 1235563
1788789385 0.29 0.20 0.63 1/610 1236181
1788789390 0.27 0.19 0.63 2/610 1236190
1788789395 0.25 0.19 0.62 1/610 1236199
1788789400 0.23 0.19 0.62 1/610 1236208
1788789405 0.21 0.18 0.62 1/610 1236276
1788789410 0.19 0.18 0.61 1/610 1236285
1788789415 0.17 0.18 0.61 1/610 1236334
1788789420 0.16 0.17 0.61 1/610 1236343
1788789425 0.15 0.17 0.60 1/604 1236378
1788789430 0.14 0.17 0.60 1/604 1236409
1788789435 0.12 0.17 0.60 1/604 1236418
1788789440 0.19 0.18 0.60 1/604 1236428
1788789445 0.18 0.18 0.59 4/658 1236837
1788789450 0.16 0.17 0.59 1/604 1237045
1788789455 0.15 0.17 0.59 1/604 1237054
1788789460 0.14 0.17 0.58 1/604 1237102
1788789465 0.21 0.18 0.59 1/604 1237186
1788789470 0.19 0.18 0.58 1/603 1237195
1788789475 0.18 0.17 0.58 1/603 1237205
1788789480 0.24 0.19 0.58 1/603 1237214
1788789485 0.22 0.19 0.58 1/605 1238558
1788789490 0.20 0.18 0.58 1/605 1238567
1788789495 0.19 0.18 0.57 1/604 1238578
1788789501 0.17 0.18 0.57 1/604 1238587
1788789506 0.32 0.21 0.58 1/604 1238635
1788789511 0.29 0.20 0.57 1/604 1239030
1788789516 0.27 0.20 0.57 1/604 1239039
1788789521 0.25 0.20 0.57 1/604 1239048
1788789526 0.23 0.19 0.56 2/604 1239116
1788789531 0.21 0.19 0.56 3/607 1239175
1788789536 0.19 0.18 0.56 1/607 1240596
1788789541 0.18 0.18 0.55 1/606 1240610
1788789546 0.16 0.18 0.55 1/606 1240619
1788789551 0.15 0.17 0.55 1/606 1240676
1788789556 0.14 0.17 0.54 1/604 1240685
1788789561 0.12 0.17 0.54 1/604 1240694
1788789566 0.11 0.17 0.54 4/632 1240974
1788789571 0.11 0.16 0.53 1/604 1242410
1788789576 0.10 0.16 0.53 1/604 1242419
1788789581 0.09 0.16 0.53 1/604 1242428
1788789586 0.08 0.15 0.52 1/601 1242496
1788789591 0.07 0.15 0.52 2/601 1242505
1788789596 0.07 0.15 0.52 1/601 1242554
1788789601 0.06 0.15 0.52 2/607 1242770
1788789606 0.06 0.14 0.51 1/634 1242843
1788789611 0.05 0.14 0.51 1/609 1242907
1788789616 0.13 0.16 0.51 1/603 1242987
1788789621 0.20 0.17 0.52 1/602 1242996
1788789626 0.18 0.17 0.51 1/602 1243019
1788789631 0.17 0.16 0.51 1/602 1243620
1788789636 0.15 0.16 0.51 2/602 1243629
1788789641 0.14 0.16 0.50 1/602 1244996
1788789646 0.13 0.15 0.50 1/602 1245064
1788789651 0.12 0.15 0.50 1/602 1245073
1788789656 0.11 0.15 0.50 1/602 1245083
1788789661 0.10 0.15 0.49 1/602 1245092
1788789666 0.09 0.14 0.49 1/602 1245101
1788789671 0.08 0.14 0.49 1/602 1245110
1788789676 0.08 0.14 0.48 1/602 1245119
1788789681 0.07 0.14 0.48 1/602 1245128
1788789686 0.06 0.13 0.48 1/602 1245176
1788789691 0.06 0.13 0.47 1/602 1245573
1788789696 0.05 0.13 0.47 1/602 1245582
1788789701 0.13 0.14 0.47 1/602 1245591
1788789706 0.12 0.14 0.47 1/602 1245659
1788789711 0.19 0.16 0.47 1/602 1245668
1788789716 0.18 0.15 0.47 1/602 1245678
1788789721 0.16 0.15 0.47 1/602 1245687
1788789726 0.15 0.15 0.47 1/602 1245696
1788789731 0.14 0.14 0.46 1/602 1245744
1788789736 0.12 0.14 0.46 1/602 1245753
1788789741 0.11 0.14 0.46 5/602 1245762
1788789746 0.10 0.14 0.45 1/602 1245771
1788789751 0.10 0.13 0.45 1/602 1246382
1788789756 0.09 0.13 0.45 1/602 1246391
1788789761 0.08 0.13 0.45 1/602 1246400
1788789766 0.07 0.13 0.44 1/602 1246468
1788789771 0.07 0.12 0.44 1/602 1246477
1788789776 0.06 0.12 0.44 1/601 1246526
1788789781 0.06 0.12 0.44 1/602 1246536
1788789786 0.13 0.13 0.44 1/603 1246546
1788789791 0.12 0.13 0.44 1/602 1246555
1788789796 0.11 0.13 0.44 1/601 1246566
1788789801 0.10 0.13 0.43 1/601 1246575
1788789806 0.09 0.12 0.43 1/601 1246584
1788789811 0.09 0.12 0.43 2/643 1247087
1788789816 0.08 0.12 0.43 1/600 1247197
1788789821 0.07 0.12 0.42 1/600 1247245
1788789826 0.07 0.12 0.42 1/600 1247313
1788789831 0.06 0.11 0.42 1/605 1247370
1788789836 0.06 0.11 0.42 1/605 1247380
1788789841 0.05 0.11 0.41 3/603 1247393
1788789846 0.05 0.11 0.41 1/603 1247402
1788789851 0.04 0.11 0.41 1/601 1247411
1788789856 0.04 0.10 0.41 1/600 1247420
1788789861 0.04 0.10 0.40 1/600 1247429
1788789866 0.03 0.10 0.40 1/600 1247486
1788789871 0.03 0.10 0.40 1/600 1247495
1788789876 0.03 0.10 0.40 1/600 1248101
1788789881 0.02 0.09 0.39 1/601 1248113
1788789886 0.02 0.09 0.39 1/602 1248182
1788789891 0.02 0.09 0.39 1/601 1248191
1788789896 0.02 0.09 0.39 1/601 1248201
1788789901 0.02 0.09 0.38 1/601 1248210
1788789906 0.10 0.10 0.39 1/601 1248219
1788789911 0.09 0.10 0.39 2/603 1248254
1788789916 0.08 0.10 0.38 1/599 1248276
1788789921 0.07 0.10 0.38 1/599 1248285
1788789926 0.07 0.09 0.38 1/599 1248294
1788789931 0.06 0.09 0.38 1/599 1248303
1788789936 0.06 0.09 0.37 1/599 1248910
1788789941 0.05 0.09 0.37 1/599 1248919
1788789946 0.05 0.09 0.37 1/599 1248987
1788789951 0.12 0.10 0.37 1/599 1248996
1788789956 0.11 0.10 0.37 1/599 1249006
1788789961 0.10 0.10 0.37 1/599 1249054
1788789966 0.10 0.10 0.36 1/599 1249063
1788789971 0.09 0.09 0.36 1/599 1249072
1788789976 0.08 0.09 0.36 1/599 1249081
1788789981 0.07 0.09 0.36 1/599 1249090
1788789986 0.07 0.09 0.36 1/599 1249099
1788789991 0.06 0.09 0.35 1/599 1249108
1788789996 0.46 0.17 0.38 1/599 1249719
1788790001 0.42 0.17 0.38 1/599 1249728
1788790006 0.39 0.16 0.37 1/599 1249835
1788790011 0.44 0.18 0.38 1/599 1249844
1788790016 0.40 0.17 0.38 1/599 1249854
1788790021 0.37 0.17 0.37 1/599 1249863
1788790026 0.34 0.17 0.37 1/598 1249872
1788790031 0.31 0.16 0.37 1/598 1249881
1788790036 0.29 0.16 0.37 1/598 1249890
1788790041 0.26 0.16 0.36 1/598 1249899
1788790046 0.24 0.16 0.36 1/598 1249908
1788790051 0.30 0.17 0.37 1/598 1249956
1788790056 0.28 0.17 0.36 1/598 1250566
1788790061 0.26 0.16 0.36 1/598 1250575
1788790066 0.24 0.16 0.36 1/598 1250643
1788790071 0.22 0.16 0.36 1/598 1250652
1788790076 0.20 0.16 0.35 1/598 1250662
1788790081 0.18 0.15 0.35 1/599 1250672
1788790086 0.17 0.15 0.35 1/600 1250682
1788790091 0.15 0.15 0.35 1/599 1250691
1788790096 0.14 0.14 0.35 1/598 1250741
1788790101 0.13 0.14 0.35 1/598 1250750
1788790106 0.20 0.16 0.35 1/598 1250759
1788790111 0.18 0.15 0.35 1/598 1250768
1788790116 0.17 0.15 0.35 1/598 1251374
1788790121 0.15 0.15 0.34 1/598 1251383
1788790126 0.14 0.14 0.34 1/598 1251451
1788790131 0.13 0.14 0.34 1/601 1251506
1788790136 0.12 0.14 0.34 1/601 1251516
1788790141 0.11 0.14 0.34 1/599 1251568
1788790146 0.10 0.13 0.33 2/596 1251577
1788790151 0.17 0.15 0.34 1/597 1251589
1788790156 0.24 0.16 0.34 1/597 1251598
1788790161 0.30 0.18 0.35 1/596 1251607
1788790166 0.28 0.17 0.34 1/596 1251616
1788790171 0.25 0.17 0.34 1/596 1251625
1788790176 0.23 0.17 0.34 3/602 1251783
1788790181 0.21 0.17 0.34 1/596 1252241
1788790186 0.20 0.16 0.34 2/596 1252357
1788790191 0.18 0.16 0.33 1/595 1252366
1788790196 0.17 0.16 0.33 1/595 1252376
1788790201 0.23 0.17 0.34 1/595 1252385
1788790206 0.21 0.17 0.33 1/595 1252394
1788790211 0.20 0.16 0.33 1/595 1252403
1788790216 0.18 0.16 0.33 1/595 1252412
1788790221 0.17 0.16 0.33 1/595 1252421
1788790226 0.15 0.16 0.33 1/595 1252430
1788790231 0.14 0.15 0.32 1/595 1252478
1788790236 0.13 0.15 0.32 1/595 1252487
1788790241 0.12 0.15 0.32 1/595 1253088
1788790246 0.11 0.14 0.32 1/596 1253157
1788790251 0.10 0.14 0.32 1/596 1253166
1788790256 0.09 0.14 0.31 1/596 1253176
1788790261 0.08 0.14 0.31 1/596 1253185
1788790266 0.08 0.13 0.31 1/596 1253194
1788790271 0.07 0.13 0.31 1/596 1253203
1788790276 0.06 0.13 0.31 1/595 1253251
1788790281 0.06 0.13 0.30 1/595 1253260
1788790286 0.05 0.12 0.30 1/595 1253269
1788790291 0.05 0.12 0.30 1/595 1253278
1788790296 0.05 0.12 0.30 1/595 1253287
1788790301 0.12 0.13 0.30 1/595 1253896
1788790306 0.11 0.13 0.30 1/595 1253964
1788790311 0.10 0.13 0.30 1/595 1253973
1788790316 0.09 0.13 0.30 1/595 1253983
1788790321 0.17 0.14 0.30 1/595 1254031
1788790326 0.15 0.14 0.30 1/595 1254040
1788790331 0.14 0.14 0.30 1/595 1254049
1788790336 0.13 0.13 0.29 1/595 1254058
1788790341 0.12 0.13 0.29 1/595 1254067
1788790346 0.11 0.13 0.29 1/595 1254076
1788790351 0.10 0.13 0.29 1/595 1254085
1788790356 0.09 0.12 0.29 1/595 1254094
1788790361 0.08 0.12 0.28 1/595 1254703
1788790366 0.08 0.12 0.28 1/596 1254811
1788790371 0.07 0.12 0.28 1/596 1254820
1788790377 0.06 0.12 0.28 1/596 1254830
1788790382 0.06 0.11 0.28 1/597 1254840
1788790387 0.05 0.11 0.27 1/598 1254850
1788790392 0.05 0.11 0.27 1/597 1254859
1788790397 0.05 0.11 0.27 1/596 1254870
1788790402 0.04 0.11 0.27 1/596 1254879
1788790407 0.04 0.10 0.27 1/596 1254888
1788790412 0.04 0.10 0.27 1/596 1254936
1788790417 0.03 0.10 0.27 1/596 1254945
1788790422 0.03 0.10 0.26 1/597 1255551
1788790427 0.03 0.10 0.26 2/598 1255589
1788790432 0.02 0.09 0.26 1/599 1255674
1788790437 0.02 0.09 0.26 1/599 1255684
1788790442 0.02 0.09 0.26 1/597 1255698
1788790447 0.02 0.09 0.26 1/597 1255707
1788790452 0.02 0.09 0.25 1/597 1255716
1788790457 0.02 0.08 0.25 1/597 1255764
1788790462 0.01 0.08 0.25 1/597 1255773
1788790467 0.01 0.08 0.25 1/597 1255782
1788790472 0.01 0.08 0.25 1/597 1255791
1788790477 0.01 0.08 0.25 1/597 1255800
1788790482 0.01 0.08 0.25 1/620 1256404
1788790487 0.01 0.08 0.24 1/597 1256417
1788790492 0.01 0.07 0.24 1/597 1256485
1788790497 0.01 0.07 0.24 1/597 1256495
1788790502 0.01 0.07 0.24 1/597 1256552
1788790507 0.00 0.07 0.24 1/597 1256561
1788790512 0.00 0.07 0.24 1/597 1256570
1788790517 0.00 0.07 0.24 1/597 1256579
1788790522 0.00 0.07 0.23 1/597 1256588
1788790527 0.00 0.06 0.23 1/597 1256597
1788790532 0.00 0.06 0.23 1/597 1256606
1788790537 0.00 0.06 0.23 1/597 1256615
1788790542 0.00 0.06 0.23 3/620 1256874
1788790547 0.00 0.06 0.23 1/597 1257270
1788790552 0.00 0.06 0.23 1/598 1257339
1788790557 0.00 0.06 0.22 1/598 1257349
1788790562 0.00 0.06 0.22 1/598 1257358
1788790567 0.00 0.05 0.22 1/598 1257367
1788790572 0.00 0.05 0.22 1/598 1257376
1788790577 0.08 0.07 0.22 1/598 1257385
1788790582 0.07 0.07 0.22 1/598 1257394
1788790587 0.07 0.07 0.22 1/598 1257403
1788790592 0.06 0.07 0.22 1/616 1257960
1788790597 0.06 0.06 0.22 1/617 1258261
1788790602 0.05 0.06 0.22 1/616 1258309
1788790607 0.05 0.06 0.22 1/617 1258932
1788790612 0.04 0.06 0.21 1/617 1259001
1788790617 0.04 0.06 0.21 3/617 1259011
1788790622 0.04 0.06 0.21 1/600 1259021
1788790627 0.03 0.06 0.21 1/600 1259030
1788790632 0.11 0.07 0.21 1/600 1259039
1788790637 0.10 0.07 0.21 1/600 1259112
1788790642 0.17 0.09 0.22 1/600 1259121
1788790647 0.16 0.08 0.22 1/600 1259130
1788790652 0.23 0.10 0.22 1/600 1259139
1788790657 0.21 0.10 0.22 1/600 1259148
1788790662 0.19 0.10 0.22 1/600 1259157
1788790667 0.26 0.11 0.22 1/600 1259761
1788790672 0.24 0.11 0.22 1/600 1259829
1788790677 0.30 0.12 0.22 1/600 1259839
1788790682 0.27 0.12 0.22 1/601 1259888
1788790687 0.25 0.12 0.22 2/561 1259898
1788790692 0.23 0.12 0.22 2/560 1259907
1788790697 0.21 0.12 0.22 1/559 1259918
1788790702 0.19 0.11 0.22 1/559 1259927
1788790707 0.18 0.11 0.22 1/559 1259936
1788790712 0.16 0.11 0.21 1/559 1259945
1788790717 0.15 0.11 0.21 1/559 1259954
1788790722 0.14 0.11 0.21 1/559 1259963
1788790727 0.13 0.10 0.21 1/559 1260609
1788790732 0.20 0.12 0.21 1/561 1260721
1788790737 0.18 0.12 0.21 1/561 1260731
1788790742 0.17 0.11 0.21 1/560 1260745
1788790747 0.15 0.11 0.21 1/560 1260754
1788790752 0.14 0.11 0.21 1/560 1260763
1788790757 0.13 0.11 0.21 1/560 1260772
1788790762 0.12 0.11 0.20 1/560 1260781
1788790767 0.11 0.10 0.20 1/559 1260790
1788790772 0.10 0.10 0.20 2/560 1260838
1788790777 0.09 0.10 0.20 1/559 1260847
1788790782 0.08 0.10 0.20 1/559 1260856
1788790787 0.08 0.10 0.20 1/559 1261461
1788790792 0.07 0.09 0.20 1/559 1261527
1788790797 0.06 0.09 0.19 1/559 1261537
1788790802 0.14 0.11 0.20 1/559 1261546
1788790807 0.13 0.11 0.20 16/662 1262260
1788790812 0.20 0.12 0.20 1/604 1263895
1788790817 0.18 0.12 0.20 2/605 1263912
1788790822 0.25 0.13 0.20 1/603 1263975
1788790827 0.23 0.13 0.20 1/603 1263984
1788790832 0.21 0.13 0.20 7/616 1264006
1788790837 0.19 0.13 0.20 1/605 1264017
1788790842 0.18 0.12 0.20 1/605 1264026
1788790847 0.16 0.12 0.20 4/607 1264463
1788790852 0.23 0.14 0.20 1/605 1264732
1788790857 0.21 0.13 0.20 1/605 1264742
1788790862 0.19 0.13 0.20 1/605 1264791
1788790867 0.18 0.13 0.20 1/605 1264852
1788790872 0.16 0.13 0.20 1/605 1264861
1788790877 0.15 0.12 0.19 1/605 1264909
1788790882 0.14 0.12 0.19 1/605 1264918
1788790887 0.13 0.12 0.19 1/605 1264966
1788790892 0.12 0.12 0.19 1/605 1264975
1788790897 0.11 0.11 0.19 1/604 1265023
1788790902 0.10 0.11 0.19 1/604 1265045
1788790907 0.17 0.13 0.19 4/605 1265066
1788790912 0.16 0.12 0.19 1/604 1265787
1788790917 0.14 0.12 0.19 1/604 1265797
1788790922 0.13 0.12 0.19 1/604 1265806
1788790927 0.20 0.13 0.19 1/604 1265828
1788790932 0.19 0.13 0.19 1/604 1265837
1788790937 0.17 0.13 0.19 1/604 1265846
1788790942 0.16 0.13 0.19 1/604 1265855
1788790947 0.14 0.12 0.19 1/604 1265864
1788790952 0.13 0.12 0.18 1/604 1265873
1788790957 0.12 0.12 0.18 1/604 1265934
1788790962 0.11 0.12 0.18 1/604 1265943
1788790967 0.10 0.12 0.18 1/604 1265952
1788790972 0.09 0.11 0.18 1/604 1266636
1788790977 0.09 0.11 0.18 1/604 1266659
1788790982 0.16 0.13 0.18 1/606 1266670
1788790987 0.15 0.12 0.18 1/606 1266679
1788790992 0.13 0.12 0.18 1/604 1266688
1788790997 0.12 0.12 0.18 1/604 1266699
1788791002 0.19 0.13 0.18 1/604 1266760
1788791007 0.18 0.13 0.18 1/604 1266769
1788791012 0.16 0.13 0.18 1/604 1266778
1788791017 0.15 0.13 0.18 1/604 1266787
1788791022 0.14 0.12 0.18 1/604 1266796
1788791027 0.13 0.12 0.18 1/604 1266805
1788791032 0.12 0.12 0.18 1/607 1267525
1788791037 0.11 0.12 0.18 1/607 1267535
1788791042 0.10 0.11 0.18 1/606 1267549
1788791047 0.09 0.11 0.17 2/606 1267610
1788791052 0.08 0.11 0.17 1/606 1267619
1788791057 0.08 0.11 0.17 1/606 1267628
1788791062 0.07 0.11 0.17 1/604 1267637
1788791067 0.06 0.10 0.17 1/604 1267646
1788791072 0.06 0.10 0.17 1/604 1267655
1788791077 0.05 0.10 0.17 1/604 1267664
1788791082 0.05 0.10 0.17 1/604 1267673
1788791087 0.12 0.11 0.17 1/604 1267682
1788791092 0.11 0.11 0.17 1/604 1268407
1788791097 0.11 0.11 0.17 1/604 1268417
1788791102 0.10 0.11 0.17 1/604 1268426
1788791107 0.09 0.11 0.17 1/604 1268435
1788791112 0.08 0.10 0.17 1/605 1268445
1788791117 0.07 0.10 0.17 1/606 1268455
1788791122 0.07 0.10 0.17 1/605 1268464
1788791127 0.06 0.10 0.16 1/604 1268473
1788791132 0.06 0.10 0.16 1/604 1268482
1788791137 0.05 0.09 0.16 1/604 1268552
1788791142 0.05 0.09 0.16 1/604 1268561
1788791147 0.04 0.09 0.16 1/604 1268570
1788791152 0.04 0.09 0.16 2/604 1269250
1788791157 0.04 0.09 0.16 1/604 1269260
1788791162 0.03 0.09 0.16 1/602 1269269
1788791167 0.03 0.08 0.16 1/602 1269278
1788791172 0.03 0.08 0.16 1/602 1269287
1788791177 0.11 0.10 0.16 1/602 1269296
1788791182 0.10 0.10 0.16 1/602 1269357
1788791187 0.09 0.09 0.16 1/600 1269366
1788791192 0.08 0.09 0.16 1/600 1269375
1788791197 0.08 0.09 0.16 1/600 1269384
1788791202 0.07 0.09 0.16 1/599 1269393
1788791207 0.06 0.09 0.16 3/599 1269402
1788791212 0.14 0.10 0.16 3/631 1269859
1788791217 0.13 0.10 0.16 1/599 1270088
1788791222 0.12 0.10 0.16 1/599 1270097
1788791227 0.11 0.10 0.16 2/599 1270161
1788791232 0.10 0.09 0.16 1/599 1270170
1788791237 0.09 0.09 0.16 1/599 1270179
1788791242 0.08 0.09 0.15 1/599 1270188
1788791248 0.08 0.09 0.15 1/599 1270197
1788791253 0.07 0.09 0.15 1/599 1270206
1788791258 0.06 0.08 0.15 1/599 1270215
1788791263 0.06 0.08 0.15 1/599 1270224
1788791268 0.05 0.08 0.15 1/599 1270233
1788791273 0.05 0.08 0.15 1/599 1270352
1788791278 0.12 0.10 0.15 1/599 1270975
1788791283 0.11 0.09 0.15 1/601 1270986
1788791288 0.11 0.09 0.15 1/601 1270995
1788791293 0.10 0.09 0.15 1/599 1271004
1788791298 0.09 0.09 0.15 1/599 1271013
1788791303 0.08 0.09 0.15 1/599 1271024
1788791308 0.07 0.08 0.15 1/599 1271033
1788791313 0.07 0.08 0.15 1/599 1271042
1788791318 0.06 0.08 0.15 1/599 1271103
1788791323 0.06 0.08 0.14 1/599 1271112
1788791328 0.05 0.08 0.14 1/599 1271121
1788791333 0.05 0.08 0.14 1/601 1271237
1788791338 0.12 0.09 0.15 1/601 1271850
1788791343 0.11 0.09 0.15 2/600 1271864
1788791348 0.10 0.09 0.15 1/600 1271873
1788791353 0.10 0.09 0.14 1/600 1271882
1788791358 0.09 0.09 0.14 1/598 1271891
1788791363 0.08 0.08 0.14 1/598 1271952
1788791368 0.07 0.08 0.14 1/598 1271961
1788791373 0.07 0.08 0.14 1/598 1271970
1788791378 0.06 0.08 0.14 1/598 1271979
1788791383 0.06 0.08 0.14 1/598 1271988
1788791388 0.05 0.08 0.14 1/598 1271997
1788791393 0.05 0.08 0.14 1/599 1272065
1788791398 0.04 0.07 0.14 1/599 1272681
1788791403 0.04 0.07 0.13 2/614 1272975
1788791408 0.04 0.07 0.13 3/619 1273120
1788791413 0.11 0.09 0.14 1/602 1273151
1788791418 0.10 0.09 0.14 1/602 1273160
1788791423 0.10 0.08 0.14 1/601 1273169
1788791428 0.09 0.08 0.14 1/604 1273207
1788791433 0.08 0.08 0.13 1/604 1273216
1788791438 0.15 0.10 0.14 1/604 1273225
1788791443 0.14 0.09 0.14 1/604 1273234
1788791448 0.13 0.09 0.14 1/604 1273243
1788791453 0.12 0.09 0.14 2/604 1273369
1788791458 0.11 0.09 0.14 1/604 1273986
1788791463 0.10 0.09 0.13 1/604 1274008
1788791468 0.09 0.09 0.13 1/604 1274017
1788791473 0.08 0.08 0.13 1/604 1274026
1788791478 0.08 0.08 0.13 2/604 1274035
1788791483 0.07 0.08 0.13 1/604 1274044
1788791488 0.07 0.08 0.13 1/604 1274053
1788791493 0.06 0.08 0.13 1/614 1274098
1788791498 0.06 0.08 0.13 2/614 1274113
1788791503 0.21 0.11 0.14 1/614 1274168
1788791508 0.19 0.11 0.14 1/614 1274177
1788791513 0.18 0.10 0.14 1/614 1274244
1788791518 0.16 0.10 0.14 1/636 1274860
1788791523 0.15 0.10 0.13 1/614 1274873
1788791528 0.14 0.10 0.13 1/614 1274882
1788791533 0.13 0.10 0.13 1/614 1274917
1788791538 0.12 0.10 0.13 1/614 1274926
1788791543 0.11 0.09 0.13 1/614 1274935
1788791548 0.10 0.09 0.13 1/614 1274999
1788791553 0.09 0.09 0.13 1/614 1275008
1788791558 0.08 0.09 0.13 1/614 1275017
1788791563 0.08 0.09 0.13 1/614 1275026
1788791568 0.07 0.08 0.13 1/614 1275035
1788791573 0.06 0.08 0.12 1/614 1275102
1788791578 0.06 0.08 0.12 2/657 1275465
1788791583 0.05 0.08 0.12 1/616 1275765
1788791588 0.05 0.08 0.12 1/563 1275785
1788791593 0.12 0.09 0.13 1/563 1275846
1788791598 0.11 0.09 0.13 1/563 1275855
1788791603 0.11 0.09 0.12 1/563 1275866
1788791608 0.10 0.09 0.12 1/563 1275875
1788791613 0.09 0.09 0.12 1/563 1275884
1788791618 0.08 0.08 0.12 1/563 1275893
1788791623 0.07 0.08 0.12 1/563 1275902
1788791628 0.07 0.08 0.12 1/563 1275911
1788791633 0.06 0.08 0.12 1/566 1276025
1788791638 0.06 0.08 0.12 1/566 1276087
1788791643 0.13 0.09 0.12 1/564 1276703
1788791648 0.12 0.09 0.12 1/564 1276712
1788791653 0.11 0.09 0.12 1/562 1276721
1788791658 0.10 0.09 0.12 1/563 1276778
1788791663 0.09 0.09 0.12 1/563 1276787
1788791668 0.09 0.09 0.12 1/563 1276796
1788791673 0.08 0.08 0.12 1/563 1276805
1788791678 0.15 0.10 0.12 1/563 1276814
1788791683 0.14 0.10 0.12 1/563 1276875
1788791688 0.29 0.13 0.13 1/563 1276884
1788791693 0.27 0.13 0.13 1/563 1276950
1788791698 0.24 0.12 0.13 1/563 1276960
1788791703 0.31 0.14 0.13 1/563 1277574
1788791708 0.28 0.14 0.13 1/563 1277583
1788791713 0.26 0.13 0.13 1/564 1277606
1788791718 0.24 0.13 0.13 1/562 1277615
1788791723 0.22 0.13 0.13 1/561 1277624
1788791728 0.20 0.13 0.13 1/561 1277685
1788791733 0.18 0.12 0.13 1/561 1277694
1788791738 0.17 0.12 0.13 1/561 1277703
1788791743 0.16 0.12 0.13 1/561 1277712
1788791748 0.14 0.12 0.12 1/561 1277721
1788791753 0.13 0.12 0.12 1/561 1277787
1788791758 0.12 0.11 0.12 1/561 1277797
1788791763 0.11 0.11 0.12 1/561 1278407
1788791768 0.10 0.11 0.12 1/561 1278416
1788791773 0.17 0.12 0.13 1/561 1278486
1788791778 0.16 0.12 0.12 1/561 1278495
1788791783 0.15 0.12 0.12 1/561 1278545
1788791788 0.13 0.12 0.12 1/561 1278554
1788791793 0.12 0.12 0.12 1/561 1278563
1788791798 0.11 0.11 0.12 1/561 1278585
1788791803 0.10 0.11 0.12 6/561 1278617
1788791808 0.10 0.11 0.12 1/561 1278626
1788791813 0.25 0.14 0.13 1/561 1278717
1788791818 0.23 0.14 0.13 1/561 1278779
1788791823 0.21 0.14 0.13 1/561 1279393
1788791828 0.19 0.13 0.13 1/561 1279402
1788791833 0.18 0.13 0.13 1/561 1279411
1788791838 0.16 0.13 0.12 1/561 1279420
1788791843 0.15 0.13 0.12 1/561 1279429
1788791848 0.14 0.12 0.12 1/561 1279438
1788791853 0.13 0.12 0.12 1/561 1279447
1788791858 0.20 0.14 0.13 1/561 1279456
1788791863 0.18 0.13 0.13 1/561 1279534
1788791868 0.17 0.13 0.12 1/561 1279543
1788791873 0.15 0.13 0.12 1/600 1279661
1788791878 0.14 0.13 0.12 1/565 1279700
1788791883 0.29 0.16 0.13 1/609 1280507
1788791888 0.27 0.15 0.13 2/578 1280581
1788791893 0.32 0.17 0.14 2/667 1280705
1788791898 0.38 0.18 0.14 1/566 1280714
1788791903 0.35 0.18 0.14 2/666 1280860
1788791908 0.40 0.19 0.15 2/666 1280921
1788791913 0.45 0.21 0.15 1/567 1280930
1788791918 0.41 0.20 0.15 1/567 1280939
1788791923 0.38 0.20 0.15 1/567 1280948
1788791928 0.35 0.20 0.15 1/567 1281030
1788791933 0.32 0.19 0.15 2/570 1281143
1788791938 0.29 0.19 0.15 2/570 1281170
1788791943 0.27 0.19 0.14 4/569 1281184
1788791948 0.49 0.23 0.16 2/568 1281814
1788791953 0.45 0.23 0.16 1/568 1281875
1788791958 0.41 0.22 0.16 2/664 1282215
1788791963 0.46 0.24 0.16 2/664 1282224
1788791968 0.50 0.25 0.17 1/568 1282285
1788791973 0.46 0.25 0.17 1/568 1282294
1788791978 0.51 0.26 0.17 1/568 1282303
1788791983 0.47 0.25 0.17 1/568 1282312
1788791988 0.43 0.25 0.17 1/568 1282443
1788791993 0.39 0.25 0.17 2/568 1282487
1788791998 0.52 0.28 0.18 1/604 1282831
1788792003 0.56 0.29 0.18 3/638 1283006
1788792008 0.68 0.32 0.19 2/639 1283618
1788792013 0.70 0.33 0.20 1/569 1283629
1788792018 0.65 0.32 0.20 1/568 1283638
1788792023 0.59 0.32 0.20 1/568 1283647
1788792028 0.55 0.31 0.19 1/568 1283656
1788792033 0.50 0.31 0.19 1/568 1284044
1788792038 0.46 0.30 0.19 1/568 1284053
1788792043 0.42 0.30 0.19 1/568 1284114
1788792048 0.39 0.29 0.19 18/638 1284517
1788792053 1.32 0.48 0.25 4/638 1284526
1788792058 2.34 0.71 0.33 6/638 1284604
1788792063 2.31 0.73 0.33 1/568 1284615
1788792068 2.12 0.72 0.33 1/568 1285317
1788792073 1.95 0.71 0.33 1/568 1285326
1788792078 1.80 0.69 0.33 1/569 1285336
1788792083 1.65 0.68 0.33 1/569 1285345
1788792088 1.52 0.67 0.33 1/569 1285415
1788792093 1.40 0.66 0.32 1/569 1285424
1788792098 1.29 0.65 0.32 1/570 1285502
1788792104 1.18 0.64 0.32 1/570 1285511
1788792109 1.09 0.63 0.32 1/570 1285520
1788792114 1.00 0.62 0.32 2/672 1286369
1788792119 1.08 0.64 0.32 5/644 1286509
1788792124 1.39 0.71 0.35 2/611 1286610
1788792129 1.44 0.73 0.36 5/708 1287342
1788792134 1.65 0.79 0.38 7/708 1287368
1788792139 1.92 0.86 0.40 5/709 1287413
1788792144 3.04 1.11 0.49 2/709 1287422
1788792149 2.88 1.11 0.49 5/709 1287431
1788792154 2.97 1.16 0.51 5/709 1287440
1788792159 4.17 1.44 0.60 3/664 1287603
1788792164 4.88 1.63 0.67 2/636 1287689
1788792169 4.57 1.62 0.67 25/813 1288150
1788792174 6.85 2.14 0.85 19/831 1288578
1788792179 7.90 2.44 0.95 9/847 1288918
1788792184 7.59 2.46 0.97 17/801 1289454
1788792189 9.46 2.94 1.13 9/758 1290306
1788792194 8.95 2.94 1.14 1/687 1290685
1788792199 8.23 2.89 1.13 1/572 1290721
1788792204 7.57 2.84 1.13 1/573 1290733
1788792209 6.96 2.79 1.12 1/571 1290742
1788792214 6.41 2.75 1.11 1/576 1290762
1788792219 5.89 2.70 1.11 1/571 1290907
1788792224 5.42 2.66 1.10 1/571 1290916
1788792229 4.99 2.61 1.09 1/571 1290977
1788792234 4.59 2.57 1.09 1/577 1291036
1788792239 4.22 2.52 1.08 1/577 1291104
1788792244 3.88 2.48 1.08 1/597 1292829
1788792249 3.65 2.46 1.08 1/575 1292894
1788792254 3.36 2.42 1.07 1/576 1293508
1788792259 3.09 2.38 1.06 1/576 1293517
1788792264 2.84 2.34 1.06 1/576 1293527
1788792269 2.61 2.30 1.05 1/577 1293537
1788792274 2.40 2.26 1.05 1/575 1293598
1788792279 2.21 2.22 1.04 1/575 1293607
1788792284 2.03 2.18 1.03 1/575 1293616
1788792289 1.87 2.15 1.03 1/575 1293625
1788792294 1.72 2.11 1.02 1/575 1293635
1788792299 1.58 2.08 1.02 1/575 1293700
1788792304 1.46 2.04 1.01 1/576 1293710
1788792309 1.34 2.01 1.01 1/577 1293720
1788792314 1.23 1.97 1.00 1/577 1294748
1788792319 1.13 1.94 0.99 1/576 1294809
1788792324 1.04 1.91 0.99 1/576 1294818
1788792329 0.96 1.88 0.98 1/576 1294827
1788792334 0.88 1.85 0.98 1/576 1294836
1788792339 0.81 1.81 0.97 1/574 1294845
1788792344 0.75 1.78 0.97 1/574 1294854
1788792349 0.69 1.75 0.96 2/574 1294863
1788792354 0.63 1.73 0.96 1/574 1294873
1788792359 0.58 1.70 0.95 1/574 1294939
1788792364 0.53 1.67 0.95 1/574 1295000
1788792369 0.49 1.64 0.94 1/574 1295009
1788792374 0.45 1.61 0.93 1/574 1296030
1788792379 0.41 1.59 0.93 2/574 1296039
1788792384 0.38 1.56 0.92 1/574 1296048
1788792389 0.35 1.53 0.92 1/574 1296057
1788792394 0.32 1.51 0.91 1/574 1296066
1788792399 0.30 1.48 0.91 1/574 1296075
1788792404 0.27 1.46 0.90 1/572 1296084
1788792409 0.25 1.43 0.90 1/572 1296154
1788792414 0.23 1.41 0.89 1/572 1296164
1788792419 0.21 1.39 0.89 1/572 1296230
1788792424 0.19 1.36 0.88 1/572 1296239
1788792429 0.26 1.36 0.88 1/572 1296248
1788792434 0.24 1.33 0.88 1/572 1297267
1788792439 0.22 1.31 0.87 1/572 1297277
1788792444 0.20 1.29 0.87 2/572 1297286
1788792449 0.18 1.27 0.87 1/572 1297295
1788792454 0.17 1.25 0.86 1/572 1297356
1788792459 0.16 1.22 0.86 1/572 1297365
1788792464 0.22 1.22 0.86 1/572 1297374
1788792469 0.19 1.18 0.85 1/571 1297383
1788792474 0.17 1.16 0.84 2/571 1297393
1788792479 0.16 1.14 0.84 1/571 1297459
1788792484 0.15 1.12 0.83 1/566 1297468
1788792489 0.13 1.10 0.83 1/566 1297477
1788792494 0.28 1.12 0.83 3/625 1298105
1788792499 0.26 1.10 0.83 1/565 1298574
1788792504 0.24 1.08 0.82 1/565 1298585
1788792509 0.22 1.06 0.82 1/565 1298594
1788792514 0.20 1.04 0.81 1/565 1298603
1788792519 0.19 1.03 0.81 2/565 1298612
1788792524 0.17 1.01 0.81 1/565 1298621
1788792529 0.24 1.01 0.81 1/567 1298632
1788792534 0.22 0.99 0.80 1/563 1298686
1788792539 0.20 0.97 0.80 1/563 1298754
1788792544 0.18 0.96 0.79 1/562 1298820
1788792549 0.17 0.94 0.79 1/562 1298829
1788792554 0.16 0.93 0.78 1/562 1298838
1788792559 0.14 0.91 0.78 1/562 1299854
1788792564 0.13 0.90 0.78 1/562 1299863
1788792569 0.20 0.90 0.78 1/559 1299872
1788792574 0.18 0.88 0.77 1/559 1299881
1788792579 0.17 0.87 0.77 1/559 1299890
1788792584 0.16 0.85 0.76 1/559 1299899
1788792589 0.14 0.84 0.76 1/559 1299960
1788792594 0.13 0.82 0.76 1/559 1299970
1788792599 0.12 0.81 0.75 1/560 1300038
1788792604 0.11 0.80 0.75 1/560 1300047
1788792609 0.10 0.78 0.74 1/561 1300057
1788792614 0.09 0.77 0.74 1/562 1300067
1788792619 0.09 0.76 0.73 1/562 1301082
1788792624 0.08 0.74 0.73 1/561 1301091
1788792629 0.07 0.73 0.72 1/561 1301100
1788792634 0.07 0.72 0.72 1/561 1301161
1788792639 0.06 0.71 0.72 1/561 1301170
1788792644 0.06 0.69 0.71 1/561 1301179
1788792649 0.05 0.68 0.71 1/561 1301188
1788792654 0.05 0.67 0.70 1/561 1301198
1788792659 0.04 0.66 0.70 1/561 1301264
1788792664 0.04 0.65 0.70 1/561 1301273
1788792669 0.04 0.64 0.69 1/561 1301282
1788792674 0.03 0.63 0.69 1/561 1301291
1788792679 0.03 0.62 0.69 1/561 1302351
1788792684 0.03 0.61 0.68 1/561 1302360
1788792689 0.02 0.60 0.68 1/561 1302369
1788792694 0.02 0.58 0.67 1/561 1302378
1788792699 0.02 0.58 0.67 1/561 1302387
1788792704 0.02 0.57 0.67 1/561 1302396
1788792709 0.02 0.56 0.66 1/561 1302405
1788792714 0.02 0.55 0.66 1/561 1302415
1788792719 0.01 0.54 0.65 1/561 1302481
1788792724 0.01 0.53 0.65 1/561 1302551
1788792729 0.01 0.52 0.65 1/561 1302560
1788792734 0.01 0.51 0.64 1/561 1302569
1788792739 0.01 0.50 0.64 1/561 1303576
1788792744 0.01 0.49 0.63 1/561 1303585
1788792749 0.01 0.48 0.63 1/561 1303594
1788792754 0.01 0.48 0.63 1/561 1303603
1788792759 0.01 0.47 0.62 1/561 1303612
1788792764 0.00 0.46 0.62 1/560 1303621
1788792769 0.00 0.45 0.62 6/560 1303676
1788792774 0.00 0.44 0.61 1/560 1303692
1788792779 0.00 0.44 0.61 1/560 1303758
1788792784 0.00 0.43 0.61 1/560 1303767
1788792789 0.00 0.42 0.60 1/560 1303776
1788792794 0.00 0.41 0.60 1/560 1303785
1788792799 0.08 0.42 0.60 2/601 1304797
1788792804 0.08 0.42 0.60 1/560 1304814
1788792809 0.07 0.41 0.60 1/560 1304825
1788792814 0.06 0.40 0.59 1/560 1304834
1788792819 0.06 0.40 0.59 1/560 1304898
1788792824 0.13 0.41 0.59 1/560 1304907
1788792829 0.20 0.42 0.59 2/563 1304962
1788792834 0.19 0.41 0.59 1/562 1304972
1788792839 0.17 0.40 0.59 1/562 1305040
1788792844 0.16 0.40 0.58 1/561 1305054
1788792849 0.14 0.39 0.58 1/561 1305063
1788792854 0.13 0.38 0.58 1/561 1305072
1788792859 0.12 0.38 0.57 3/568 1305230
1788792864 0.19 0.39 0.58 1/560 1306156
1788792869 0.18 0.38 0.57 1/560 1306165
1788792874 0.16 0.37 0.57 1/560 1306174
1788792879 0.15 0.37 0.57 1/560 1306183
1788792884 0.14 0.36 0.56 1/560 1306192
1788792889 0.13 0.35 0.56 6/560 1306201
1788792894 0.12 0.35 0.56 1/560 1306211
1788792899 0.11 0.34 0.55 1/558 1306277
1788792904 0.10 0.34 0.55 1/558 1306286
1788792909 0.09 0.33 0.55 1/559 1306348
1788792914 0.08 0.32 0.54 1/560 1306358
1788792919 0.08 0.32 0.54 1/559 1306367
1788792924 0.15 0.33 0.54 1/559 1307383
1788792929 0.14 0.32 0.54 2/558 1307392
1788792934 0.21 0.34 0.54 1/558 1307401
1788792939 0.19 0.33 0.54 2/558 1307410
1788792944 0.17 0.32 0.54 1/558 1307419
1788792949 0.16 0.32 0.53 1/558 1307428
1788792955 0.15 0.31 0.53 1/558 1307490
1788792960 0.13 0.31 0.53 1/559 1307557
1788792965 0.12 0.30 0.52 1/559 1307566
1788792970 0.11 0.30 0.52 1/559 1307575
1788792975 0.10 0.29 0.52 1/559 1307584
1788792980 0.10 0.29 0.52 1/559 1307593
1788792985 0.17 0.30 0.52 1/559 1308600
1788792990 0.15 0.29 0.52 1/559 1308609
1788792995 0.14 0.29 0.51 1/559 1308618
1788793000 0.13 0.28 0.51 1/559 1308679
1788793005 0.12 0.28 0.51 1/559 1308688
1788793010 0.11 0.27 0.50 2/559 1308697
1788793015 0.10 0.27 0.50 1/559 1308707
1788793020 0.09 0.26 0.50 1/559 1308773
1788793025 0.08 0.26 0.50 1/559 1308782
1788793030 0.08 0.25 0.49 1/559 1308791
1788793035 0.07 0.25 0.49 1/559 1308800
1788793040 0.07 0.25 0.49 1/559 1308809
1788793045 0.06 0.24 0.48 1/559 1309877
1788793050 0.06 0.24 0.48 1/559 1309886
1788793055 0.05 0.23 0.48 1/559 1309895
1788793060 0.05 0.23 0.47 1/559 1309904
1788793065 0.04 0.22 0.47 1/559 1309913
1788793070 0.04 0.22 0.47 1/559 1309922
1788793075 0.04 0.22 0.47 1/559 1309932
1788793080 0.03 0.21 0.46 1/559 1309998
1788793085 0.03 0.21 0.46 1/559 1310007
1788793090 0.03 0.21 0.46 1/559 1310068
1788793095 0.02 0.20 0.45 1/559 1310077
1788793100 0.02 0.20 0.45 1/559 1310086
1788793105 0.02 0.20 0.45 1/559 1311116
1788793110 0.02 0.19 0.45 1/559 1311127
1788793115 0.02 0.19 0.44 1/559 1311136
1788793120 0.02 0.18 0.44 1/559 1311145
1788793125 0.01 0.18 0.44 1/559 1311154
1788793130 0.01 0.18 0.44 1/562 1311209
1788793135 0.01 0.17 0.43 1/562 1311274
1788793140 0.01 0.17 0.43 1/563 1311349
1788793145 0.01 0.17 0.43 1/563 1311358
1788793150 0.01 0.17 0.43 1/563 1311367
1788793155 0.01 0.16 0.42 1/563 1311376
1788793160 0.01 0.16 0.42 1/562 1311385
1788793165 0.41 0.24 0.45 5/626 1312199
1788793170 0.37 0.24 0.44 1/562 1312416
1788793175 0.34 0.23 0.44 1/562 1312425
1788793180 0.32 0.23 0.44 1/562 1312486
1788793185 0.29 0.22 0.44 1/562 1312495
1788793190 0.27 0.22 0.43 1/562 1312504
1788793195 0.25 0.22 0.43 1/562 1312514
1788793200 0.22 0.21 0.43 1/562 1312580
1788793205 0.29 0.23 0.43 1/570 1312907
1788793210 0.34 0.24 0.44 2/567 1312988
1788793215 0.32 0.23 0.43 1/567 1313003
1788793220 0.37 0.25 0.44 1/566 1313012
1788793225 0.34 0.24 0.44 1/565 1313073
1788793230 0.31 0.24 0.43 1/565 1314090
1788793235 0.29 0.23 0.43 1/565 1314099
1788793240 0.27 0.23 0.43 1/565 1314108
1788793245 0.24 0.23 0.43 1/565 1314117
1788793250 0.22 0.22 0.42 1/565 1314126
1788793255 0.21 0.22 0.42 1/565 1314136
1788793260 0.35 0.25 0.43 1/565 1314202
1788793265 0.32 0.24 0.43 2/565 1314211
1788793270 0.30 0.24 0.42 1/565 1314272
1788793275 0.27 0.24 0.42 1/565 1314281
1788793280 0.25 0.23 0.42 1/565 1314290
1788793285 0.23 0.23 0.42 1/565 1314299
1788793290 0.21 0.22 0.41 1/565 1315316
1788793295 0.19 0.22 0.41 1/565 1315325
1788793300 0.18 0.22 0.41 1/565 1315334
1788793305 0.16 0.21 0.41 1/565 1315343
1788793310 0.15 0.21 0.41 1/565 1315352
1788793315 0.14 0.20 0.40 1/565 1315414
1788793320 0.13 0.20 0.40 1/565 1315478
1788793325 0.12 0.20 0.40 1/565 1315487
1788793330 0.11 0.19 0.40 1/565 1315496
1788793335 0.10 0.19 0.39 1/565 1315505
1788793340 0.09 0.19 0.39 1/565 1315514
1788793345 0.08 0.18 0.39 1/565 1315523
1788793350 0.08 0.18 0.39 1/565 1316542
1788793355 0.15 0.19 0.39 1/565 1316551
1788793360 0.22 0.21 0.39 1/565 1316621
1788793365 0.20 0.20 0.39 1/565 1316630
1788793370 0.18 0.20 0.39 1/565 1316639
1788793375 0.17 0.20 0.39 1/565 1316649
1788793380 0.16 0.19 0.38 1/565 1316715
1788793385 0.14 0.19 0.38 1/565 1316724
1788793390 0.13 0.19 0.38 1/565 1316733
1788793395 0.12 0.18 0.38 4/565 1316742
1788793400 0.11 0.18 0.37 1/565 1316751
1788793405 0.10 0.18 0.37 1/565 1316812
1788793410 0.17 0.19 0.37 1/649 1317620
1788793415 0.16 0.19 0.37 1/565 1317851
1788793420 0.15 0.18 0.37 1/565 1317860
1788793425 0.13 0.18 0.37 1/565 1317869
1788793430 0.12 0.18 0.36 1/568 1317924
1788793435 0.11 0.17 0.36 1/568 1317934
1788793440 0.10 0.17 0.36 1/564 1318007
1788793445 0.10 0.17 0.36 1/564 1318016
1788793450 0.09 0.16 0.36 6/565 1318070
1788793455 0.08 0.16 0.35 1/561 1318089
1788793460 0.07 0.16 0.35 2/561 1318098
1788793465 0.07 0.16 0.35 1/561 1318107
1788793470 0.06 0.15 0.35 1/561 1318116
1788793475 0.06 0.15 0.35 1/561 1319154
1788793480 0.05 0.15 0.34 1/561 1319163
1788793485 0.05 0.14 0.34 1/560 1319172
1788793490 0.04 0.14 0.34 2/560 1319181
1788793495 0.04 0.14 0.34 1/560 1319191
1788793500 0.04 0.14 0.34 1/563 1319312
1788793505 0.03 0.13 0.33 1/563 1319321
1788793510 0.03 0.13 0.33 1/564 1319331
1788793515 0.03 0.13 0.33 1/565 1319341
1788793520 0.02 0.13 0.33 1/561 1319350
1788793525 0.10 0.14 0.33 1/560 1319359
1788793530 0.09 0.14 0.33 1/560 1319368
1788793535 0.09 0.14 0.33 1/560 1320390
1788793540 0.08 0.13 0.33 1/560 1320399
1788793545 0.07 0.13 0.32 1/560 1320460
1788793550 0.07 0.13 0.32 1/560 1320469
1788793555 0.06 0.13 0.32 1/560 1320479
1788793560 0.06 0.12 0.32 1/560 1320545
1788793565 0.05 0.12 0.32 1/560 1320554
1788793570 0.05 0.12 0.31 1/560 1320563
1788793575 0.04 0.12 0.31 1/560 1320572
1788793580 0.04 0.12 0.31 1/560 1320581
1788793585 0.12 0.13 0.31 1/560 1320590
1788793590 0.11 0.13 0.31 2/560 1320651
1788793595 0.10 0.13 0.31 4/578 1322078
1788793600 0.09 0.12 0.31 1/560 1322433
1788793605 0.16 0.14 0.31 1/560 1322442
1788793610 0.23 0.15 0.32 1/560 1322451
1788793615 0.21 0.15 0.31 1/560 1322461
1788793620 0.35 0.18 0.32 2/560 1322527
1788793625 0.49 0.21 0.33 1/560 1322554
1788793630 0.45 0.21 0.33 1/560 1322563
1788793635 0.41 0.20 0.33 1/560 1322624
1788793640 0.38 0.20 0.33 1/560 1322633
1788793645 0.35 0.20 0.33 1/560 1322642
1788793650 0.40 0.21 0.33 1/560 1322651
1788793655 0.45 0.22 0.33 1/604 1323252
1788793660 0.41 0.22 0.33 1/560 1323311
1788793665 0.38 0.21 0.33 1/560 1323320
1788793670 0.35 0.21 0.33 1/560 1323329
1788793675 0.32 0.21 0.33 1/560 1323339
1788793680 0.29 0.20 0.32 1/560 1323453
1788793685 0.27 0.20 0.32 1/560 1323477
1788793690 0.25 0.20 0.32 1/560 1323486
1788793695 0.23 0.19 0.32 2/560 1323495
1788793700 0.21 0.19 0.32 1/560 1323504
1788793705 0.19 0.19 0.31 1/599 1323577
1788793710 0.18 0.18 0.31 2/567 1323672
1788793715 0.16 0.18 0.31 1/560 1323792
1788793720 0.55 0.26 0.34 2/560 1324854
1788793725 0.51 0.25 0.33 1/560 1324902
1788793730 0.55 0.27 0.34 1/563 1324956
1788793735 0.50 0.26 0.34 3/563 1324966
1788793740 0.46 0.26 0.33 1/562 1325039
1788793745 0.42 0.25 0.33 1/562 1325063
1788793750 0.39 0.25 0.33 1/560 1325072
1788793755 0.44 0.26 0.33 1/560 1325081
1788793760 0.40 0.26 0.33 1/560 1325090
1788793765 0.37 0.25 0.33 1/560 1325099
1788793770 0.34 0.25 0.33 1/560 1325147
1788793775 0.31 0.24 0.33 2/560 1325156
1788793780 0.37 0.26 0.33 1/560 1325804
1788793785 0.34 0.25 0.33 1/560 1325813
1788793790 0.31 0.25 0.33 1/560 1325822
1788793795 0.29 0.24 0.32 1/560 1325832
1788793800 0.26 0.24 0.32 1/559 1325898
1788793805 0.24 0.24 0.32 1/559 1325922
1788793811 0.22 0.23 0.32 1/561 1325933
1788793816 0.20 0.23 0.32 2/561 1325981
1788793821 0.27 0.24 0.32 1/559 1325990
1788793826 0.25 0.24 0.32 1/559 1325999
1788793831 0.23 0.23 0.32 1/559 1326008
1788793836 0.21 0.23 0.31 1/559 1326017
1788793841 0.19 0.22 0.31 4/562 1326921
1788793846 0.18 0.22 0.31 1/559 1326952
1788793851 0.16 0.22 0.31 1/559 1326961
1788793856 0.15 0.21 0.31 1/559 1326971
1788793861 0.14 0.21 0.30 1/559 1327076
1788793866 0.12 0.20 0.30 1/559 1327100
1788793871 0.11 0.20 0.30 1/559 1327109
1788793876 0.10 0.20 0.30 1/559 1327118
1788793881 0.10 0.19 0.30 1/559 1327127
1788793886 0.09 0.19 0.29 1/559 1327136
1788793891 0.08 0.19 0.29 1/559 1327145
1788793896 0.07 0.18 0.29 1/559 1327154
1788793901 0.31 0.23 0.31 1/559 1327778
1788793906 0.28 0.23 0.30 1/558 1327856
1788793911 0.26 0.22 0.30 1/558 1327865
1788793916 0.24 0.22 0.30 1/558 1327875
1788793921 0.22 0.21 0.30 1/559 1327942
1788793926 0.20 0.21 0.30 1/559 1327966
1788793931 0.19 0.21 0.29 1/559 1327975
1788793936 0.17 0.20 0.29 3/559 1327984
1788793941 0.16 0.20 0.29 1/559 1327993
1788793946 0.14 0.20 0.29 2/559 1328002
1788793951 0.13 0.19 0.29 1/559 1328050
1788793956 0.12 0.19 0.28 1/559 1328059
1788793961 0.19 0.20 0.29 1/602 1328669
1788793966 0.18 0.20 0.29 1/559 1328997
1788793971 0.16 0.20 0.28 1/559 1329006
1788793976 0.15 0.19 0.28 1/559 1329016
1788793981 0.14 0.19 0.28 1/559 1329082
1788793986 0.13 0.19 0.28 1/559 1329106
1788793991 0.12 0.18 0.28 1/559 1329115
1788793996 0.11 0.18 0.27 1/559 1329172
1788794001 0.10 0.18 0.27 1/559 1329181
1788794006 0.09 0.17 0.27 1/559 1329190
1788794011 0.08 0.17 0.27 1/559 1329334
1788794016 0.08 0.17 0.27 1/559 1329460
1788794021 0.71 0.30 0.31 1/559 1329614
1788794026 0.65 0.29 0.31 1/559 1330248
1788794031 0.68 0.30 0.31 1/562 1330303
1788794036 0.63 0.30 0.31 1/562 1330313
1788794041 0.66 0.31 0.31 1/561 1330423
1788794046 0.68 0.32 0.32 2/559 1330447
1788794051 0.63 0.32 0.32 4/559 1330456
1788794056 0.58 0.31 0.31 1/559 1330465
1788794061 0.53 0.31 0.31 1/559 1330474
1788794066 0.49 0.30 0.31 1/559 1330483
1788794071 0.45 0.30 0.31 1/559 1330492
1788794076 0.41 0.29 0.31 1/559 1330501
1788794081 0.38 0.29 0.30 1/559 1330525
1788794086 0.35 0.28 0.30 1/622 1331462
1788794091 0.32 0.28 0.30 3/559 1331485
1788794096 0.29 0.27 0.30 2/620 1331998
1788794101 0.27 0.27 0.30 1/620 1332124
1788794106 0.25 0.26 0.29 7/621 1332154
1788794111 0.23 0.26 0.29 1/641 1332210
1788794116 0.21 0.25 0.29 1/642 1332236
1788794121 0.19 0.25 0.29 1/639 1332245
1788794126 0.18 0.24 0.29 1/639 1332480
1788794131 0.16 0.24 0.28 1/639 1332540
1788794136 0.15 0.23 0.28 3/671 1332949
1788794141 0.14 0.23 0.28 1/682 1333731
1788794146 0.13 0.23 0.28 1/639 1334321
1788794151 0.12 0.22 0.28 1/639 1334946
1788794156 0.11 0.22 0.27 1/612 1334956
1788794161 0.10 0.21 0.27 2/613 1335016
1788794166 0.09 0.21 0.27 6/613 1335046
1788794171 0.08 0.21 0.27 1/615 1335094
1788794176 0.16 0.22 0.27 1/615 1335151
1788794181 0.14 0.22 0.27 1/612 1335160
1788794186 0.13 0.21 0.27 1/612 1335169
1788794191 0.12 0.21 0.27 1/613 1335179
1788794196 0.11 0.20 0.27 2/650 1336481
1788794201 0.10 0.20 0.27 1/621 1336807
1788794206 0.09 0.20 0.26 1/615 1336816
1788794211 0.17 0.21 0.27 1/615 1337420
1788794216 0.15 0.21 0.27 1/616 1337438
1788794221 0.14 0.20 0.27 2/616 1337523
1788794226 0.13 0.20 0.26 1/616 1337590
1788794231 0.12 0.20 0.26 1/639 1337682
1788794236 0.11 0.19 0.26 1/639 1338151
1788794241 0.10 0.19 0.26 1/639 1338460
1788794246 0.09 0.19 0.26 1/639 1338469
1788794251 0.08 0.18 0.26 1/639 1338479
1788794256 0.08 0.18 0.26 1/639 1338500
1788794261 0.07 0.18 0.25 1/639 1338510
1788794266 0.23 0.21 0.26 2/640 1338833
1788794271 0.29 0.22 0.27 3/695 1339470
1788794276 0.26 0.22 0.27 1/639 1339661
1788794281 0.24 0.21 0.27 1/639 1339670
1788794286 0.22 0.21 0.26 1/638 1339740
1788794291 0.29 0.22 0.27 1/586 1339975
1788794296 0.34 0.23 0.27 1/589 1340002
1788794301 0.40 0.25 0.28 2/589 1340023
1788794306 0.44 0.26 0.28 2/588 1340032
1788794311 0.49 0.27 0.28 3/599 1340188
1788794316 0.53 0.29 0.29 2/600 1340388
1788794321 0.57 0.30 0.29 2/600 1340397
1788794326 0.60 0.31 0.30 2/600 1340407
1788794331 0.64 0.32 0.30 3/604 1340464
1788794336 0.66 0.33 0.30 2/603 1341077
1788794341 0.69 0.34 0.31 2/601 1341091
1788794346 1.04 0.42 0.33 2/601 1341161
1788794351 1.03 0.43 0.34 2/601 1341170
1788794356 1.03 0.44 0.34 5/601 1341179
1788794361 1.11 0.47 0.35 3/601 1341237
1788794366 1.42 0.54 0.38 2/602 1341251
1788794371 1.47 0.57 0.38 2/601 1341260
1788794376 1.43 0.57 0.39 2/600 1341269
1788794381 1.39 0.58 0.39 1/600 1341278
1788794386 1.36 0.59 0.39 2/600 1341287
1788794391 1.33 0.60 0.40 1/600 1341296
1788794396 1.63 0.67 0.42 1/601 1342117
1788794401 1.58 0.68 0.43 1/602 1342129
1788794406 1.53 0.68 0.43 3/602 1342247
1788794411 1.49 0.69 0.43 2/600 1342256
1788794416 1.45 0.69 0.44 2/600 1342265
1788794421 1.41 0.70 0.44 3/600 1342274
1788794426 1.46 0.72 0.45 2/600 1342283
1788794431 1.42 0.72 0.45 2/600 1342293
1788794436 1.39 0.73 0.46 2/601 1342305
1788794441 1.36 0.73 0.46 1/601 1342314
1788794446 1.33 0.74 0.46 2/600 1342323
1788794451 1.30 0.74 0.46 1/600 1342383
1788794456 1.36 0.76 0.47 2/595 1343217
1788794461 1.33 0.77 0.48 2/595 1343238
1788794466 1.38 0.79 0.48 3/596 1343336
1788794471 1.51 0.83 0.50 2/601 1343350
1788794476 1.55 0.85 0.51 2/620 1343623
1788794481 1.51 0.85 0.51 2/600 1343931
1788794486 1.47 0.85 0.51 2/600 1343940
1788794491 1.43 0.85 0.52 2/600 1343949
1788794496 1.39 0.86 0.52 2/600 1344007
1788794501 1.36 0.86 0.52 2/601 1344034
1788794506 1.33 0.86 0.52 2/601 1344055
1788794511 1.31 0.86 0.53 2/600 1344064
1788794516 1.60 0.93 0.55 2/600 1344872
1788794521 1.55 0.93 0.55 2/600 1344881
1788794526 1.51 0.94 0.56 2/600 1344963
1788794531 1.87 1.02 0.59 2/595 1344983
1788794536 1.80 1.02 0.59 2/589 1345015
1788794541 1.66 1.00 0.58 1/566 1345084
1788794546 1.52 0.99 0.58 1/566 1345093
1788794551 1.40 0.97 0.58 1/565 1346422
1788794556 1.29 0.95 0.57 1/565 1346431
1788794561 1.18 0.94 0.57 1/562 1346455
1788794566 1.09 0.92 0.57 1/562 1346476
1788794571 1.00 0.91 0.56 1/562 1346485
1788794576 0.92 0.89 0.56 1/604 1347494
1788794581 0.85 0.88 0.56 1/562 1347511
1788794586 0.78 0.86 0.55 1/562 1347638
1788794591 0.72 0.85 0.55 1/562 1347647
1788794596 0.66 0.83 0.55 1/561 1347656
1788794601 0.61 0.82 0.54 1/566 1347939
1788794606 0.56 0.80 0.54 1/557 1347962
1788794611 0.51 0.79 0.54 1/556 1348100
1788794616 0.55 0.79 0.54 1/556 1348224
1788794621 0.51 0.78 0.54 2/556 1348334
1788794626 0.47 0.77 0.53 1/556 1348399
1788794631 0.43 0.75 0.53 1/558 1348511
1788794636 0.39 0.74 0.53 1/559 1348524
1788794641 0.36 0.73 0.53 1/558 1349556
1788794646 0.33 0.72 0.52 1/557 1349623
1788794651 0.31 0.70 0.52 2/557 1349632
1788794656 0.36 0.71 0.52 1/557 1349641
1788794661 0.33 0.70 0.52 1/557 1349650
1788794666 0.31 0.69 0.52 1/556 1349659
1788794671 0.28 0.67 0.51 1/556 1349668
1788794676 0.34 0.68 0.52 1/556 1349725
1788794681 0.31 0.67 0.51 1/556 1349734
1788794687 0.29 0.66 0.51 1/556 1349743
1788794692 0.26 0.65 0.51 1/556 1349752
1788794697 0.24 0.64 0.51 1/556 1350049
1788794702 0.22 0.62 0.50 1/556 1350876
1788794707 0.20 0.61 0.50 1/556 1350955
1788794712 0.19 0.60 0.50 1/556 1350979
1788794717 0.17 0.59 0.49 1/556 1351000
1788794722 0.56 0.67 0.52 1/556 1351057
1788794727 0.51 0.66 0.52 1/556 1351066
1788794732 0.47 0.64 0.51 1/556 1351075
1788794737 0.43 0.63 0.51 1/556 1351084
1788794742 0.48 0.64 0.51 1/556 1351093
1788794747 0.44 0.63 0.51 1/556 1351102
1788794752 0.41 0.62 0.51 1/556 1351111
1788794757 0.37 0.61 0.50 1/556 1351133
1788794762 0.42 0.61 0.51 1/556 1352148
1788794767 0.39 0.60 0.50 1/555 1352266
1788794772 0.36 0.59 0.50 1/555 1352275
1788794777 0.33 0.58 0.50 1/555 1352284
1788794782 0.30 0.57 0.49 1/555 1352293
1788794787 0.28 0.56 0.49 1/555 1352302
1788794792 0.26 0.55 0.49 2/555 1352311
1788794797 0.23 0.54 0.49 1/555 1352320
1788794802 0.22 0.54 0.48 1/555 1352329
1788794807 0.20 0.53 0.48 1/555 1352338
1788794812 0.18 0.52 0.48 1/555 1352395
1788794817 0.25 0.53 0.48 1/555 1352405
1788794822 0.23 0.52 0.48 1/599 1353219
1788794827 0.21 0.51 0.47 1/555 1353292
1788794832 0.19 0.50 0.47 1/555 1353301
1788794837 0.18 0.49 0.47 1/555 1353310
1788794842 0.16 0.48 0.47 1/555 1353319
1788794847 0.15 0.47 0.46 1/555 1353328
1788794852 0.14 0.47 0.46 1/555 1353337
1788794857 0.13 0.46 0.46 1/555 1353394
1788794862 0.12 0.45 0.45 1/555 1353403
1788794867 0.11 0.44 0.45 1/555 1353412
1788794872 0.10 0.43 0.45 1/555 1353421
1788794877 0.09 0.43 0.45 1/555 1353431
1788794882 0.08 0.42 0.44 6/557 1353458
1788794887 0.08 0.41 0.44 1/555 1354523
1788794892 0.07 0.41 0.44 1/555 1354532
1788794897 0.06 0.40 0.44 1/555 1354541
1788794902 0.06 0.39 0.43 1/555 1354598
1788794907 0.05 0.39 0.43 1/556 1354610
1788794912 0.13 0.40 0.43 1/556 1354753
1788794917 0.12 0.39 0.43 1/555 1354889
1788794922 0.11 0.38 0.43 1/555 1354916
1788794927 0.18 0.39 0.43 1/555 1355070
1788794932 0.17 0.39 0.43 1/558 1355124
1788794937 0.15 0.38 0.43 1/558 1355425
1788794942 0.14 0.37 0.43 1/557 1355439
1788794947 0.21 0.38 0.43 1/556 1356386
1788794952 0.19 0.38 0.43 1/556 1356395
1788794957 0.18 0.37 0.42 1/556 1356404
1788794962 0.16 0.36 0.42 1/554 1356413
1788794967 0.15 0.36 0.42 1/554 1356422
1788794972 0.14 0.35 0.42 1/554 1356431
1788794977 0.13 0.35 0.41 1/554 1356452
1788794982 0.12 0.34 0.41 1/554 1356476
1788794987 0.51 0.42 0.44 1/554 1356497
1788794992 0.47 0.41 0.43 1/554 1356554
1788794997 0.43 0.40 0.43 1/554 1356576
1788795002 0.39 0.40 0.43 1/567 1356807
1788795007 0.52 0.42 0.44 1/559 1357854
1788795012 0.48 0.42 0.44 1/558 1357868
1788795017 0.44 0.41 0.43 1/558 1357877
1788795022 0.41 0.40 0.43 1/558 1357886
1788795027 0.45 0.41 0.43 1/558 1357895
1788795032 0.42 0.40 0.43 1/558 1357904
1788795037 0.38 0.40 0.43 2/559 1357945
1788795042 0.35 0.39 0.43 1/558 1357997
1788795047 0.32 0.38 0.43 1/558 1358018
1788795052 0.30 0.38 0.42 1/558 1358027
1788795057 0.27 0.37 0.42 1/558 1358329
1788795062 0.25 0.36 0.42 1/558 1358338
1788795067 0.23 0.36 0.42 1/580 1359415
1788795072 0.21 0.35 0.41 1/558 1359428
1788795077 0.20 0.35 0.41 1/558 1359437
1788795082 0.18 0.34 0.41 1/558 1359446
1788795087 0.16 0.33 0.41 1/558 1359506
1788795092 0.15 0.33 0.40 1/558 1359515
1788795097 0.14 0.32 0.40 1/558 1359536
1788795102 0.21 0.33 0.40 7/558 1359560
1788795107 0.19 0.33 0.40 1/558 1359581
1788795112 0.18 0.32 0.40 1/558 1359590
1788795117 0.16 0.32 0.40 2/558 1359612
1788795122 0.23 0.33 0.40 1/558 1359621
1788795127 0.21 0.32 0.40 3/577 1359846
1788795132 0.19 0.32 0.40 1/558 1360557
1788795137 0.18 0.31 0.39 1/558 1360566
1788795142 0.16 0.31 0.39 1/558 1360575
1788795147 0.23 0.32 0.39 1/558 1360584
1788795152 0.21 0.31 0.39 1/558 1360593
1788795157 0.19 0.31 0.39 1/558 1360614
1788795162 0.18 0.30 0.39 1/558 1360638
1788795167 0.16 0.30 0.38 1/558 1360659
1788795172 0.15 0.29 0.38 1/558 1360668
1788795177 0.14 0.29 0.38 1/559 1361021
1788795182 0.13 0.28 0.38 1/559 1361030
1788795187 0.12 0.28 0.37 1/559 1361097
1788795192 0.11 0.27 0.37 1/558 1361909
1788795197 0.10 0.27 0.37 1/558 1361918
1788795202 0.09 0.26 0.37 1/558 1361927
1788795207 0.08 0.26 0.36 1/558 1361936
1788795212 0.08 0.25 0.36 1/559 1362083
1788795217 0.07 0.25 0.36 2/566 1362123
1788795222 0.06 0.25 0.36 1/559 1362294
1788795227 0.46 0.32 0.38 1/568 1362378
1788795232 0.42 0.32 0.38 1/563 1362504
1788795237 0.39 0.31 0.38 2/563 1362526
1788795242 0.36 0.31 0.38 1/562 1362540
1788795247 0.49 0.34 0.39 1/562 1362610
1788795252 0.53 0.35 0.39 1/562 1363636
1788795257 0.49 0.34 0.39 1/560 1363645
1788795262 0.45 0.34 0.38 2/560 1363654
1788795267 0.41 0.33 0.38 1/560 1363720
1788795272 0.38 0.32 0.38 1/560 1363729
1788795277 0.35 0.32 0.38 1/560 1363750
1788795282 0.32 0.31 0.37 1/560 1363774
1788795287 0.29 0.31 0.37 1/560 1363795
1788795292 0.27 0.30 0.37 1/560 1363804
1788795297 0.25 0.30 0.37 1/553 1364104
1788795302 0.23 0.29 0.36 1/553 1364113
1788795307 0.21 0.29 0.36 1/553 1364180
1788795312 0.19 0.28 0.36 1/553 1365051
1788795317 0.18 0.28 0.36 1/553 1365060
1788795322 0.16 0.27 0.36 1/550 1365069
1788795327 0.15 0.27 0.35 1/550 1365078
1788795332 0.14 0.26 0.35 1/550 1365087
1788795337 0.13 0.26 0.35 1/550 1365108
1788795342 0.12 0.25 0.35 1/550 1365132
1788795347 0.11 0.25 0.35 1/550 1365153
1788795352 0.10 0.24 0.34 2/550 1365162
1788795357 0.09 0.24 0.34 1/550 1365232
1788795362 0.08 0.24 0.34 1/550 1365241
1788795367 0.08 0.23 0.34 1/550 1365308
1788795372 0.07 0.23 0.34 1/615 1366224
1788795377 0.06 0.22 0.33 1/550 1366243
1788795382 0.06 0.22 0.33 6/550 1366252
1788795387 0.05 0.22 0.33 1/550 1366261
1788795392 0.05 0.21 0.33 1/550 1366270
1788795397 0.04 0.21 0.33 1/550 1366291
1788795402 0.04 0.20 0.32 1/550 1366366
1788795407 0.04 0.20 0.32 1/550 1366387
1788795412 0.03 0.20 0.32 1/550 1366396
1788795417 0.03 0.19 0.32 1/555 1366413
1788795422 0.03 0.19 0.32 1/550 1366706
1788795427 0.03 0.19 0.31 1/550 1366773
1788795432 0.02 0.18 0.31 1/550 1366782
1788795437 0.02 0.18 0.31 1/550 1367803
1788795442 0.02 0.18 0.31 1/550 1367812
1788795447 0.10 0.19 0.31 2/551 1367872
1788795452 0.09 0.19 0.31 1/551 1367881
1788795457 0.16 0.20 0.31 1/551 1367902
1788795462 0.15 0.20 0.31 1/550 1367926
1788795467 0.14 0.19 0.31 1/550 1367947
1788795472 0.13 0.19 0.31 1/550 1367956
1788795477 0.12 0.19 0.31 1/550 1367966
1788795482 0.11 0.18 0.31 1/550 1367987
1788795487 0.10 0.18 0.30 1/550 1368054
1788795492 0.17 0.19 0.31 1/550 1368111
1788795497 0.24 0.21 0.31 1/550 1368929
1788795502 0.22 0.20 0.31 1/550 1368938
1788795507 0.20 0.20 0.31 1/550 1368947
1788795512 0.18 0.20 0.31 1/574 1369092
1788795517 0.17 0.19 0.30 1/549 1369113
1788795522 0.16 0.19 0.30 1/549 1369255
1788795527 0.14 0.19 0.30 1/549 1369279
1788795532 0.13 0.18 0.30 1/552 1369464
1788795537 0.12 0.18 0.30 1/552 1369522
1788795542 0.11 0.18 0.29 1/551 1369830
1788795547 0.18 0.19 0.30 1/551 1369900
1788795552 0.17 0.19 0.30 1/547 1369909
1788795558 0.15 0.18 0.29 1/547 1370827
1788795563 0.14 0.18 0.29 1/547 1370836
1788795568 0.13 0.18 0.29 1/547 1370845
1788795573 0.12 0.17 0.29 1/547 1370854
1788795578 0.11 0.17 0.29 1/547 1370875
1788795583 0.10 0.17 0.28 1/547 1370956
1788795588 0.09 0.16 0.28 1/547 1370977
1788795593 0.08 0.16 0.28 1/547 1370986
1788795598 0.08 0.16 0.28 1/547 1370996
1788795603 0.07 0.16 0.28 1/547 1371017
1788795608 0.06 0.15 0.27 2/547 1371084
1788795613 0.06 0.15 0.27 1/547 1371093
1788795618 0.05 0.15 0.27 2/611 1371895
1788795623 0.05 0.14 0.27 1/547 1372127
1788795628 0.05 0.14 0.27 1/547 1372184
1788795633 0.04 0.14 0.27 2/547 1372193
1788795638 0.04 0.14 0.26 1/547 1372214
1788795643 0.04 0.13 0.26 1/547 1372238
1788795648 0.03 0.13 0.26 1/547 1372259
1788795653 0.03 0.13 0.26 1/547 1372268
1788795658 0.03 0.13 0.26 1/547 1372278
1788795663 0.02 0.12 0.26 1/547 1372576
1788795668 0.02 0.12 0.26 1/547 1372643
1788795673 0.02 0.12 0.25 1/547 1372700
1788795678 0.02 0.12 0.25 1/547 1372709
1788795683 0.02 0.12 0.25 1/547 1373533
1788795688 0.02 0.11 0.25 1/547 1373542
1788795693 0.01 0.11 0.25 1/547 1373551
1788795698 0.01 0.11 0.25 1/547 1373572
1788795703 0.01 0.11 0.25 1/547 1373596
1788795708 0.01 0.11 0.24 1/547 1373617
1788795713 0.01 0.10 0.24 1/547 1373626
1788795718 0.01 0.10 0.24 1/548 1373690
1788795723 0.41 0.18 0.27 1/548 1373711
1788795728 0.37 0.18 0.27 2/549 1373779
1788795733 0.34 0.18 0.26 1/548 1373788
1788795738 0.32 0.17 0.26 1/548 1373797
1788795743 0.53 0.22 0.28 1/548 1374613
1788795748 0.49 0.22 0.28 1/548 1374622
1788795753 0.45 0.21 0.27 1/548 1374631
1788795758 0.41 0.21 0.27 1/548 1374652
1788795763 0.38 0.20 0.27 1/548 1374724
1788795768 0.35 0.20 0.27 1/548 1374745
1788795773 0.32 0.20 0.27 1/548 1374754
1788795778 0.30 0.19 0.27 1/548 1374764
1788795783 0.27 0.19 0.26 1/548 1375066
1788795788 0.25 0.19 0.26 1/549 1375134
1788795793 0.23 0.18 0.26 1/549 1375143
1788795798 0.21 0.18 0.26 1/549 1375152
1788795803 0.19 0.18 0.26 1/549 1376180
1788795808 0.18 0.17 0.26 3/549 1376223
1788795813 0.16 0.17 0.26 1/603 1376381
1788795818 0.15 0.17 0.25 1/548 1376404
1788795823 0.22 0.18 0.26 2/548 1376544
1788795828 0.20 0.18 0.26 1/548 1376568
1788795833 0.18 0.18 0.26 1/552 1376753
1788795838 0.25 0.19 0.26 1/552 1376763
1788795843 0.23 0.19 0.26 1/552 1376790
1788795848 0.21 0.18 0.26 1/550 1376860
1788795853 0.19 0.18 0.26 1/550 1376869
1788795858 0.18 0.18 0.25 1/550 1376926
1788795863 0.16 0.17 0.25 1/550 1377747
1788795868 0.15 0.17 0.25 1/550 1377756
1788795873 0.14 0.17 0.25 1/550 1377765
1788795878 0.13 0.16 0.25 1/550 1377786
1788795883 0.12 0.16 0.25 1/550 1377810
1788795888 0.11 0.16 0.25 1/550 1377831
1788795893 0.10 0.16 0.24 1/550 1377840
1788795898 0.09 0.15 0.24 1/550 1377850
1788795903 0.08 0.15 0.24 1/550 1378207
1788795908 0.08 0.15 0.24 1/550 1378274
1788795913 0.07 0.14 0.24 1/550 1378283
1788795918 0.06 0.14 0.24 1/550 1378292
1788795923 0.06 0.14 0.24 3/554 1378357
1788795928 0.05 0.14 0.23 1/550 1379324
1788795933 0.05 0.13 0.23 1/549 1379333
1788795938 0.04 0.13 0.23 1/549 1379342
1788795943 0.04 0.13 0.23 1/549 1379351
1788795948 0.04 0.13 0.23 1/549 1379420
1788795953 0.03 0.12 0.23 1/549 1379429
1788795958 0.03 0.12 0.22 1/549 1379439
1788795963 0.03 0.12 0.22 1/550 1379461
1788795968 0.03 0.12 0.22 1/550 1379540
1788795973 0.02 0.12 0.22 1/550 1379564
1788795978 0.02 0.11 0.22 1/550 1379573
1788795983 0.02 0.11 0.22 1/550 1379582
1788795988 0.50 0.21 0.25 1/551 1380402
1788795993 0.46 0.21 0.25 1/551 1380459
1788795998 0.42 0.20 0.25 1/550 1380468
1788796003 0.39 0.20 0.24 2/549 1380477
1788796008 0.36 0.20 0.24 1/549 1380498
1788796013 0.33 0.19 0.24 1/549 1380507
1788796018 0.30 0.19 0.24 1/549 1380517
1788796023 0.28 0.18 0.24 1/554 1380533
1788796028 0.25 0.18 0.24 1/549 1380891
1788796033 0.23 0.18 0.24 3/549 1380913
1788796038 0.29 0.19 0.24 1/549 1380975
1788796043 0.27 0.19 0.24 1/549 1380984
1788796048 0.25 0.18 0.24 1/549 1381799
1788796053 0.23 0.18 0.24 2/549 1381808
1788796058 0.21 0.18 0.23 1/549 1381817
1788796063 0.19 0.17 0.23 1/549 1381826
1788796068 0.18 0.17 0.23 1/549 1381847
1788796073 0.16 0.17 0.23 1/549 1381856
1788796078 0.15 0.17 0.23 1/549 1381866
1788796083 0.14 0.16 0.23 1/549 1381923
1788796088 0.13 0.16 0.23 1/549 1382014
1788796093 0.20 0.17 0.23 2/549 1382028
1788796098 0.18 0.17 0.23 1/549 1382047
1788796103 0.17 0.17 0.23 1/549 1382056
1788796108 0.15 0.17 0.23 1/548 1383079
1788796113 0.14 0.16 0.22 2/592 1383187
1788796118 0.13 0.16 0.22 1/546 1383227
1788796123 0.12 0.16 0.22 1/546 1383354
1788796128 0.11 0.15 0.22 1/546 1383429
1788796133 0.10 0.15 0.22 1/549 1383613
1788796138 0.09 0.15 0.22 1/549 1383623
1788796143 0.08 0.14 0.22 2/546 1383637
1788796148 0.08 0.14 0.21 1/546 1383704
1788796153 0.07 0.14 0.21 1/546 1383713
1788796158 0.06 0.14 0.21 1/546 1383722
1788796163 0.06 0.14 0.21 1/546 1383731
1788796168 0.05 0.13 0.21 2/620 1384419
1788796173 0.05 0.13 0.21 1/545 1384614
1788796178 0.05 0.13 0.20 1/545 1384623
1788796183 0.04 0.13 0.20 1/545 1384632
1788796188 0.04 0.12 0.20 1/545 1384641
1788796193 0.04 0.12 0.20 1/545 1384650
1788796198 0.03 0.12 0.20 1/545 1384660
1788796203 0.03 0.12 0.20 1/545 1384669
1788796208 0.03 0.11 0.20 1/545 1384736
1788796213 0.02 0.11 0.19 2/545 1384745
1788796218 0.02 0.11 0.19 1/545 1384811
1788796223 0.02 0.11 0.19 2/545 1384820
1788796228 0.02 0.11 0.19 1/545 1384829
1788796233 0.18 0.14 0.20 1/545 1385854
1788796238 0.16 0.14 0.20 1/545 1386166
1788796243 0.31 0.17 0.21 3/546 1386184
1788796248 0.29 0.16 0.21 1/545 1386211
1788796253 0.74 0.26 0.24 1/545 1386220
1788796258 0.68 0.26 0.24 1/546 1386233
1788796263 0.63 0.25 0.24 1/546 1386290
1788796268 0.58 0.25 0.23 1/545 1386357
1788796273 0.53 0.24 0.23 1/544 1386366
1788796278 0.49 0.24 0.23 1/544 1386375
1788796283 0.45 0.23 0.23 1/544 1386384
1788796288 0.57 0.26 0.24 1/544 1386393
1788796293 0.53 0.26 0.24 1/544 1387207
1788796298 0.48 0.26 0.24 1/544 1387240
1788796303 0.45 0.25 0.23 2/544 1387249
1788796308 0.57 0.28 0.24 1/544 1387333
1788796313 0.52 0.28 0.24 1/544 1387342
1788796318 0.48 0.27 0.24 1/544 1387352
1788796323 0.44 0.27 0.24 1/544 1387361
1788796328 0.41 0.26 0.24 1/544 1387428
1788796333 0.37 0.26 0.24 1/544 1387437
1788796338 0.34 0.25 0.24 1/544 1387446
1788796343 0.32 0.25 0.23 1/544 1387455
1788796348 0.29 0.24 0.23 1/544 1387464
1788796353 0.27 0.24 0.23 1/544 1388533
1788796358 0.25 0.23 0.23 1/544 1388845
1788796363 0.23 0.23 0.23 1/544 1388854
1788796368 0.21 0.23 0.23 1/544 1388890
1788796373 0.19 0.22 0.23 1/544 1388899
1788796378 0.17 0.22 0.22 1/544 1388909
1788796383 0.16 0.21 0.22 1/544 1388918
1788796388 0.15 0.21 0.22 2/506 1388985
1788796393 0.14 0.21 0.22 1/506 1388994
1788796398 0.12 0.20 0.22 1/506 1389051
1788796403 0.11 0.20 0.22 1/506 1389060
1788796408 0.10 0.20 0.22 1/506 1389069
1788796413 0.10 0.19 0.21 1/506 1389889
1788796418 0.09 0.19 0.21 1/506 1390051
1788796423 0.08 0.19 0.21 1/506 1390177
1788796428 0.07 0.18 0.21 1/506 1390219
1788796434 0.07 0.18 0.21 5/561 1390332
1788796439 0.06 0.18 0.21 1/508 1390413
1788796444 0.06 0.17 0.20 1/507 1390475
1788796449 0.05 0.17 0.20 1/507 1390540
1788796454 0.05 0.17 0.20 1/507 1390549
1788796459 0.04 0.16 0.20 1/507 1390558
1788796464 0.04 0.16 0.20 1/507 1390567
1788796469 0.04 0.16 0.20 1/506 1390576
1788796474 0.11 0.17 0.20 2/514 1390624
1788796479 0.18 0.19 0.21 1/506 1391908
1788796484 0.25 0.20 0.21 1/506 1391917
1788796489 0.23 0.20 0.21 1/506 1392001
1788796494 0.21 0.19 0.21 1/506 1392010
1788796499 0.19 0.19 0.21 6/506 1392020
1788796504 0.18 0.19 0.20 1/506 1392029
1788796509 0.24 0.20 0.21 2/506 1392071
1788796514 0.22 0.20 0.21 1/506 1392103
1788796519 0.21 0.19 0.21 1/506 1392112
1788796524 0.27 0.21 0.21 1/506 1392121
1788796529 0.25 0.20 0.21 1/506 1392130
1788796534 0.23 0.20 0.21 1/506 1392196
1788796539 0.29 0.21 0.21 1/506 1393047
1788796544 0.27 0.21 0.21 1/506 1393056
1788796549 0.25 0.21 0.21 1/506 1393065
1788796554 0.23 0.20 0.21 1/506 1393074
1788796559 0.21 0.20 0.21 1/506 1393084
1788796564 0.19 0.20 0.20 1/506 1393093
1788796569 0.17 0.19 0.20 1/506 1393102
1788796574 0.16 0.19 0.20 1/507 1393168
1788796579 0.15 0.18 0.20 2/507 1393198
1788796584 0.14 0.18 0.20 1/507 1393234
1788796589 0.20 0.20 0.20 1/507 1393243
1788796594 0.19 0.19 0.20 1/507 1393252
1788796599 0.17 0.19 0.20 1/507 1394273
1788796604 0.16 0.18 0.20 1/507 1394282
1788796609 0.15 0.18 0.20 1/507 1394291
1788796614 0.13 0.18 0.20 1/507 1394300
1788796619 0.12 0.17 0.19 1/507 1394310
1788796624 0.11 0.17 0.19 1/507 1394319
1788796629 0.10 0.17 0.19 1/507 1394376
1788796634 0.10 0.17 0.19 1/507 1394441
1788796639 0.09 0.16 0.19 1/507 1394450
1788796644 0.08 0.16 0.19 1/507 1394459
1788796649 0.07 0.16 0.19 1/507 1394468
1788796654 0.07 0.15 0.18 1/507 1394477
1788796659 0.06 0.15 0.18 1/507 1395597
1788796664 0.06 0.15 0.18 1/507 1395606
1788796669 0.05 0.15 0.18 1/507 1395642
1788796674 0.05 0.14 0.18 1/507 1395702
1788796679 0.04 0.14 0.18 1/507 1395712
1788796684 0.04 0.14 0.18 1/507 1395721
1788796689 0.12 0.15 0.18 1/507 1395730
1788796694 0.11 0.15 0.18 1/508 1395796
1788796699 0.10 0.15 0.18 1/508 1395805
1788796704 0.09 0.14 0.18 1/508 1395814
1788796709 0.08 0.14 0.18 1/508 1395823
1788796714 0.08 0.14 0.18 1/508 1395832
1788796719 0.23 0.17 0.19 2/512 1396099
1788796724 0.29 0.18 0.19 2/515 1397087
1788796729 0.27 0.18 0.19 1/510 1397228
1788796734 0.25 0.18 0.19 1/510 1397280
1788796739 0.55 0.24 0.21 1/510 1397420
1788796744 0.50 0.24 0.21 1/509 1397434
1788796749 0.46 0.23 0.21 2/509 1397443
1788796754 0.43 0.23 0.20 1/509 1397508
1788796759 0.55 0.26 0.21 2/509 1397517
1788796764 0.51 0.25 0.21 1/507 1397574
1788796769 0.47 0.25 0.21 1/507 1397583
1788796774 0.43 0.25 0.21 1/528 1397958
1788796779 0.39 0.24 0.21 1/507 1398057
1788796784 0.44 0.25 0.21 1/507 1399162
1788796789 0.41 0.25 0.21 1/507 1399198
1788796794 0.37 0.25 0.21 1/507 1399207
1788796799 0.34 0.24 0.21 1/507 1399217
1788796804 0.32 0.24 0.21 2/521 1399530
1788796809 0.29 0.23 0.21 1/515 1399603
1788796814 0.27 0.23 0.20 1/510 1399749
1788796819 0.25 0.22 0.20 1/510 1399758
1788796824 0.23 0.22 0.20 2/510 1399767
1788796829 0.21 0.22 0.20 1/510 1399776
1788796834 0.19 0.21 0.20 1/510 1399785
1788796839 0.18 0.21 0.20 1/510 1399806
1788796844 0.16 0.20 0.20 1/510 1400839
1788796849 0.15 0.20 0.19 1/510 1400875
1788796854 0.14 0.20 0.19 1/510 1400941
1788796859 0.12 0.19 0.19 1/510 1400951
1788796864 0.11 0.19 0.19 3/510 1400960
1788796869 0.10 0.19 0.19 1/510 1400969
1788796874 0.26 0.22 0.20 1/510 1401034
1788796879 0.24 0.21 0.20 1/510 1401043
1788796884 0.22 0.21 0.20 1/510 1401052
1788796889 0.20 0.21 0.19 1/510 1401061
1788796894 0.18 0.20 0.19 1/509 1401070
1788796899 0.17 0.20 0.19 1/509 1401127
1788796904 0.15 0.20 0.19 1/509 1401949
1788796909 0.14 0.19 0.19 1/509 1401958
1788796914 0.13 0.19 0.19 1/509 1401967
1788796919 0.12 0.18 0.18 1/509 1401977
1788796924 0.11 0.18 0.18 1/509 1401986
1788796929 0.10 0.18 0.18 2/509 1401995
1788796934 0.09 0.17 0.18 1/509 1402060
1788796939 0.16 0.19 0.19 1/509 1402096
1788796944 0.15 0.19 0.18 1/509 1402153
1788796949 0.14 0.18 0.18 1/509 1402162
1788796954 0.13 0.18 0.18 1/509 1402171
1788796959 0.12 0.18 0.18 1/509 1402192
1788796964 0.11 0.17 0.18 1/550 1403297
1788796969 0.18 0.19 0.18 1/509 1403312
1788796974 0.16 0.18 0.18 1/509 1403321
1788796979 0.31 0.21 0.19 1/509 1403331
1788796984 0.37 0.23 0.20 1/509 1403340
1788796989 0.34 0.22 0.20 1/509 1403400
1788796994 0.31 0.22 0.19 1/507 1403465
1788796999 0.29 0.21 0.19 1/507 1403501
1788797004 0.26 0.21 0.19 1/507 1403510
1788797009 0.24 0.21 0.19 1/507 1403519
1788797014 0.22 0.20 0.19 1/507 1403528
1788797019 0.20 0.20 0.19 1/507 1403683
1788797024 0.19 0.20 0.18 2/507 1403728
1788797029 0.97 0.36 0.24 1/511 1404687
1788797034 0.89 0.35 0.24 1/512 1404745
1788797039 0.82 0.35 0.23 1/511 1404890
1788797044 0.76 0.34 0.23 1/511 1404899
1788797049 0.70 0.33 0.23 1/511 1404908
1788797054 0.64 0.33 0.23 1/512 1404974
1788797059 0.67 0.34 0.23 1/511 1405010
1788797064 0.62 0.33 0.23 1/511 1405019
1788797069 0.57 0.33 0.23 1/511 1405028
1788797074 0.52 0.32 0.23 1/511 1405037
1788797079 0.48 0.32 0.23 1/511 1405109
1788797084 0.44 0.31 0.23 1/511 1405412
1788797089 0.40 0.31 0.23 1/511 1406439
1788797094 0.37 0.30 0.22 1/511 1406448
1788797099 0.34 0.30 0.22 1/511 1406458
1788797104 0.31 0.29 0.22 1/511 1406467
1788797109 0.29 0.29 0.22 1/511 1406476
1788797114 0.27 0.28 0.22 1/511 1406541
1788797119 0.24 0.28 0.22 1/511 1406577
1788797124 0.22 0.27 0.22 1/508 1406634
1788797129 0.29 0.28 0.22 1/508 1406643
1788797134 0.26 0.28 0.22 1/508 1406652
1788797139 0.24 0.27 0.22 1/508 1406673
1788797144 0.22 0.27 0.22 1/508 1406697
1788797149 0.20 0.26 0.21 1/508 1407519
1788797154 0.19 0.26 0.21 1/508 1407528
1788797159 0.17 0.25 0.21 1/508 1407538
1788797164 0.16 0.25 0.21 1/508 1407547
1788797169 0.15 0.25 0.21 1/508 1407613
1788797174 0.13 0.24 0.21 1/508 1407678
1788797179 0.28 0.27 0.22 1/508 1407714
1788797184 0.26 0.27 0.22 1/508 1407723
1788797189 0.24 0.26 0.21 1/508 1407732
1788797194 0.22 0.26 0.21 1/508 1407741
1788797199 0.20 0.25 0.21 1/508 1407762
1788797204 0.19 0.25 0.21 2/525 1407862
1788797209 0.17 0.24 0.21 2/518 1409081
1788797214 0.16 0.24 0.21 1/508 1409142
1788797219 0.14 0.23 0.20 1/508 1409152
1788797224 0.13 0.23 0.20 2/508 1409161
1788797229 0.12 0.23 0.20 1/508 1409170
1788797234 0.11 0.22 0.20 1/508 1409235
1788797239 0.10 0.22 0.20 1/508 1409271
1788797244 0.09 0.22 0.20 1/508 1409280
1788797249 0.09 0.21 0.20 1/508 1409289
1788797254 0.08 0.21 0.19 1/508 1409298
1788797259 0.07 0.20 0.19 1/508 1409367
1788797264 0.07 0.20 0.19 1/508 1409376
1788797269 0.06 0.20 0.19 4/538 1409696
1788797274 0.06 0.19 0.19 1/508 1410219
1788797279 0.05 0.19 0.19 1/508 1410229
1788797284 0.13 0.20 0.19 1/508 1410238
1788797289 0.12 0.20 0.19 1/508 1410247
1788797294 0.11 0.20 0.19 1/508 1410312
1788797300 0.10 0.19 0.19 1/508 1410348
1788797305 0.09 0.19 0.19 1/508 1410408
1788797310 0.08 0.19 0.18 1/508 1410417
1788797315 0.08 0.18 0.18 1/508 1410426
1788797320 0.07 0.18 0.18 1/508 1410582
1788797325 0.06 0.18 0.18 1/508 1410591
1788797330 0.06 0.17 0.18 1/511 1411059
1788797335 0.05 0.17 0.18 1/511 1411885
1788797340 0.05 0.17 0.18 1/509 1412029
1788797345 0.04 0.16 0.18 3/564 1412459
1788797350 0.04 0.16 0.18 6/527 1412504
1788797355 0.04 0.16 0.17 1/521 1412584
1788797360 0.03 0.16 0.17 1/522 1412621
1788797365 0.03 0.15 0.17 1/522 1412630
1788797370 0.03 0.15 0.17 1/522 1412639
1788797375 0.03 0.15 0.17 1/520 1412649
1788797380 0.02 0.14 0.17 1/505 1412673
1788797385 0.02 0.14 0.17 1/505 1412682
1788797390 0.02 0.14 0.17 1/505 1412703
1788797395 0.02 0.14 0.17 1/505 1413725
1788797400 0.10 0.15 0.17 1/505 1413783
1788797405 0.09 0.15 0.17 1/505 1413792
1788797410 0.08 0.15 0.17 1/505 1413801
1788797415 0.07 0.14 0.17 1/505 1413866
1788797420 0.07 0.14 0.17 1/505 1413902
1788797425 0.06 0.14 0.17 1/505 1413911
1788797430 0.06 0.14 0.17 1/505 1413920
1788797435 0.05 0.13 0.16 1/505 1413929
1788797440 0.05 0.13 0.16 1/505 1413950
1788797445 0.04 0.13 0.16 1/505 1414007
1788797450 0.04 0.13 0.16 1/505 1414311
1788797455 0.04 0.12 0.16 1/505 1415129
1788797460 0.03 0.12 0.16 1/505 1415139
1788797465 0.03 0.12 0.16 1/505 1415148
1788797470 0.03 0.12 0.16 1/505 1415157
1788797475 0.03 0.11 0.16 1/505 1415222
1788797480 0.02 0.11 0.16 1/505 1415258
1788797485 0.02 0.11 0.16 1/505 1415267
1788797490 0.02 0.11 0.15 6/505 1415333
1788797495 0.02 0.11 0.15 1/505 1415342
1788797500 0.02 0.10 0.15 1/505 1415363
1788797505 0.01 0.10 0.15 1/505 1415372
1788797510 0.01 0.10 0.15 1/505 1415393
1788797515 0.01 0.10 0.15 1/526 1416406
1788797520 0.01 0.10 0.15 1/505 1416420
1788797525 0.01 0.10 0.15 1/505 1416429
1788797530 0.01 0.09 0.15 1/523 1419169
1788797535 0.09 0.11 0.15 1/542 1419478
1788797540 0.08 0.11 0.15 1/541 1419514
1788797545 0.07 0.10 0.15 1/541 1419524
1788797550 0.07 0.10 0.15 1/542 1419534
1788797555 0.06 0.10 0.15 1/540 1419727
1788797560 0.06 0.10 0.15 1/526 1419748
1788797565 0.05 0.10 0.15 1/526 1419757
1788797570 0.05 0.09 0.14 2/528 1420094
1788797575 0.20 0.13 0.15 4/530 1420157
1788797580 0.67 0.22 0.19 1/526 1421272
1788797585 0.61 0.22 0.18 1/526 1421281
1788797590 0.56 0.22 0.18 1/526 1421491
1788797595 0.52 0.21 0.18 1/526 1421557
1788797600 0.48 0.21 0.18 1/526 1421626
1788797605 0.44 0.20 0.18 1/526 1421635
1788797610 0.40 0.20 0.18 1/526 1421644
1788797615 0.37 0.20 0.18 1/526 1421653
1788797620 0.34 0.19 0.18 1/526 1421805
1788797625 0.31 0.19 0.18 1/526 1421882
1788797630 0.29 0.19 0.17 1/529 1422071
1788797635 0.27 0.18 0.17 1/530 1422091
1788797640 0.24 0.18 0.17 2/562 1423077
1788797645 0.22 0.18 0.17 1/531 1423097
1788797650 0.37 0.21 0.18 3/551 1424075
1788797655 0.50 0.24 0.19 2/543 1424169
1788797660 0.54 0.25 0.20 2/546 1424223
1788797665 0.58 0.26 0.20 2/546 1424274
1788797670 0.61 0.28 0.20 2/546 1424361
1788797675 0.64 0.29 0.21 2/546 1424391
